t,cmdty,market_id,market_name,state_id,state_name,district_id,district_name,variety,p_min,p_max,p_modal,source_file
2025-01-01,Tomato,2541,Dankaur,9,Uttar Pradesh,141,Gautam Buddha Nagar,Deshi,1700.0,1955,1800,price_data (1).csv
2024-12-31,Tomato,2541,Dankaur,9,Uttar Pradesh,141,Gautam Buddha Nagar,Deshi,1700.0,1975,1820,price_data (1).csv
2024-12-30,Tomato,2541,Dankaur,9,Uttar Pradesh,141,Gautam Buddha Nagar,Deshi,1700.0,1955,1800,price_data (1).csv
2024-12-30,Tomato,1903,Dadri,9,Uttar Pradesh,141,Gautam Buddha Nagar,Deshi,1700.0,2000,1850,price_data (1).csv
2024-12-29,Tomato,2541,Dankaur,9,Uttar Pradesh,141,Gautam Buddha Nagar,Deshi,1700.0,1955,1870,price_data (1).csv
2024-12-29,Tomato,1903,Dadri,9,Uttar Pradesh,141,Gautam Buddha Nagar,Deshi,1750.0,2050,1880,price_data (1).csv
2024-12-28,Tomato,2541,Dankaur,9,Uttar Pradesh,141,Gautam Buddha Nagar,Deshi,1800.0,2100,1900,price_data (1).csv
2024-12-27,Tomato,2541,Dankaur,9,Uttar Pradesh,141,Gautam Buddha Nagar,Deshi,1900.0,2130,2000,price_data (1).csv
2024-12-25,Tomato,2541,Dankaur,9,Uttar Pradesh,141,Gautam Buddha Nagar,Deshi,1800.0,2100,1900,price_data (1).csv
2024-12-24,Tomato,2541,Dankaur,9,Uttar Pradesh,141,Gautam Buddha Nagar,Deshi,1700.0,2000,1890,price_data (1).csv
2024-12-24,Tomato,1903,Dadri,9,Uttar Pradesh,141,Gautam Buddha Nagar,Deshi,1800.0,2150,1950,price_data (1).csv
2024-12-13,Tomato,1903,Dadri,9,Uttar Pradesh,141,Gautam Buddha Nagar,Deshi,2700.0,3150,2900,price_data (1).csv
2024-12-12,Tomato,1903,Dadri,9,Uttar Pradesh,141,Gautam Buddha Nagar,Deshi,2800.0,3220,3020,price_data (1).csv
2024-12-11,Tomato,1903,Dadri,9,Uttar Pradesh,141,Gautam Buddha Nagar,Deshi,2800.0,3220,3000,price_data (1).csv
2024-12-10,Tomato,1903,Dadri,9,Uttar Pradesh,141,Gautam Buddha Nagar,Deshi,3000.0,3400,3250,price_data (1).csv
2024-12-06,Tomato,2541,Dankaur,9,Uttar Pradesh,141,Gautam Buddha Nagar,Deshi,3100.0,3355,3215,price_data (1).csv
2024-12-05,Tomato,1903,Dadri,9,Uttar Pradesh,141,Gautam Buddha Nagar,Deshi,3000.0,3440,3200,price_data (1).csv
2024-12-04,Tomato,1903,Dadri,9,Uttar Pradesh,141,Gautam Buddha Nagar,Deshi,2900.0,3300,3100,price_data (1).csv
2024-12-04,Tomato,2541,Dankaur,9,Uttar Pradesh,141,Gautam Buddha Nagar,Deshi,2900.0,3155,3055,price_data (1).csv
2024-12-03,Tomato,1903,Dadri,9,Uttar Pradesh,141,Gautam Buddha Nagar,Deshi,2780.0,3300,3050,price_data (1).csv
2024-11-30,Tomato,1903,Dadri,9,Uttar Pradesh,141,Gautam Buddha Nagar,Deshi,2800.0,3300,3000,price_data (1).csv
2024-11-23,Tomato,1903,Dadri,9,Uttar Pradesh,141,Gautam Buddha Nagar,Hybrid,2800.0,3250,3040,price_data (1).csv
2024-11-21,Tomato,1903,Dadri,9,Uttar Pradesh,141,Gautam Buddha Nagar,Hybrid,2950.0,3100,3030,price_data (1).csv
2024-11-19,Tomato,1903,Dadri,9,Uttar Pradesh,141,Gautam Buddha Nagar,Deshi,2800.0,3250,3050,price_data (1).csv
2024-11-18,Tomato,1903,Dadri,9,Uttar Pradesh,141,Gautam Buddha Nagar,Deshi,2800.0,3300,3100,price_data (1).csv
2024-11-17,Tomato,1903,Dadri,9,Uttar Pradesh,141,Gautam Buddha Nagar,Deshi,2880.0,3350,3120,price_data (1).csv
2024-11-16,Tomato,1903,Dadri,9,Uttar Pradesh,141,Gautam Buddha Nagar,Deshi,2880.0,3330,3100,price_data (1).csv
2024-11-15,Tomato,1903,Dadri,9,Uttar Pradesh,141,Gautam Buddha Nagar,Deshi,2980.0,3400,3180,price_data (1).csv
2024-11-12,Tomato,1903,Dadri,9,Uttar Pradesh,141,Gautam Buddha Nagar,Deshi,2950.0,3450,3180,price_data (1).csv
2024-11-10,Tomato,1903,Dadri,9,Uttar Pradesh,141,Gautam Buddha Nagar,Deshi,2880.0,3250,3080,price_data (1).csv
2024-11-09,Tomato,1903,Dadri,9,Uttar Pradesh,141,Gautam Buddha Nagar,Deshi,2800.0,3250,3050,price_data (1).csv
2024-11-08,Tomato,1903,Dadri,9,Uttar Pradesh,141,Gautam Buddha Nagar,Deshi,2770.0,3200,3050,price_data (1).csv
2024-11-07,Tomato,1903,Dadri,9,Uttar Pradesh,141,Gautam Buddha Nagar,Deshi,2770.0,3200,3000,price_data (1).csv
2024-11-05,Tomato,1903,Dadri,9,Uttar Pradesh,141,Gautam Buddha Nagar,Deshi,3400.0,3850,3600,price_data (1).csv
2024-11-03,Tomato,1903,Dadri,9,Uttar Pradesh,141,Gautam Buddha Nagar,Deshi,3450.0,4000,3700,price_data (1).csv
2024-11-01,Tomato,1903,Dadri,9,Uttar Pradesh,141,Gautam Buddha Nagar,Deshi,3660.0,4150,3900,price_data (1).csv
2024-10-31,Tomato,1903,Dadri,9,Uttar Pradesh,141,Gautam Buddha Nagar,Deshi,3600.0,4100,3900,price_data (1).csv
2024-10-29,Tomato,1903,Dadri,9,Uttar Pradesh,141,Gautam Buddha Nagar,Deshi,3580.0,4200,3950,price_data (1).csv
2024-10-26,Tomato,1903,Dadri,9,Uttar Pradesh,141,Gautam Buddha Nagar,Deshi,4200.0,4650,4450,price_data (1).csv
2024-10-25,Tomato,1903,Dadri,9,Uttar Pradesh,141,Gautam Buddha Nagar,Deshi,3950.0,4550,4250,price_data (1).csv
2024-10-24,Tomato,1903,Dadri,9,Uttar Pradesh,141,Gautam Buddha Nagar,Deshi,4100.0,4600,4400,price_data (1).csv
2024-10-23,Tomato,1903,Dadri,9,Uttar Pradesh,141,Gautam Buddha Nagar,Deshi,4000.0,4750,4450,price_data (1).csv
2024-10-20,Tomato,1903,Dadri,9,Uttar Pradesh,141,Gautam Buddha Nagar,Deshi,4400.0,5000,4750,price_data (1).csv
2024-10-18,Tomato,1903,Dadri,9,Uttar Pradesh,141,Gautam Buddha Nagar,Deshi,4500.0,5150,4850,price_data (1).csv
2024-10-17,Tomato,1903,Dadri,9,Uttar Pradesh,141,Gautam Buddha Nagar,Hybrid,4950.0,5500,5250,price_data (1).csv
2024-10-17,Tomato,1903,Dadri,9,Uttar Pradesh,141,Gautam Buddha Nagar,Deshi,4500.0,5000,4750,price_data (1).csv
2024-10-16,Tomato,1903,Dadri,9,Uttar Pradesh,141,Gautam Buddha Nagar,Deshi,4900.0,5600,5300,price_data (1).csv
2024-10-15,Tomato,1903,Dadri,9,Uttar Pradesh,141,Gautam Buddha Nagar,Deshi,4770.0,5400,5100,price_data (1).csv
2024-10-15,Tomato,1903,Dadri,9,Uttar Pradesh,141,Gautam Buddha Nagar,Hybrid,5150.0,5800,5600,price_data (1).csv
2024-10-10,Tomato,1903,Dadri,9,Uttar Pradesh,141,Gautam Buddha Nagar,Deshi,4500.0,5300,5000,price_data (1).csv
2024-10-10,Tomato,1903,Dadri,9,Uttar Pradesh,141,Gautam Buddha Nagar,Hybrid,5100.0,5800,5600,price_data (1).csv
2024-10-09,Tomato,1903,Dadri,9,Uttar Pradesh,141,Gautam Buddha Nagar,Deshi,4900.0,5700,5300,price_data (1).csv
2024-10-09,Tomato,1903,Dadri,9,Uttar Pradesh,141,Gautam Buddha Nagar,Hybrid,5500.0,6200,6000,price_data (1).csv
2024-10-08,Tomato,1903,Dadri,9,Uttar Pradesh,141,Gautam Buddha Nagar,Deshi,4400.0,5000,4700,price_data (1).csv
2024-10-07,Tomato,1903,Dadri,9,Uttar Pradesh,141,Gautam Buddha Nagar,Deshi,4400.0,5000,4700,price_data (1).csv
2024-10-06,Tomato,1903,Dadri,9,Uttar Pradesh,141,Gautam Buddha Nagar,Deshi,4250.0,4900,4600,price_data (1).csv
2024-10-05,Tomato,1903,Dadri,9,Uttar Pradesh,141,Gautam Buddha Nagar,Deshi,4250.0,4800,4550,price_data (1).csv
2024-10-04,Tomato,1903,Dadri,9,Uttar Pradesh,141,Gautam Buddha Nagar,Deshi,4000.0,4600,4260,price_data (1).csv
2024-10-03,Tomato,1903,Dadri,9,Uttar Pradesh,141,Gautam Buddha Nagar,Deshi,3800.0,4400,4000,price_data (1).csv
2024-09-29,Tomato,1903,Dadri,9,Uttar Pradesh,141,Gautam Buddha Nagar,Deshi,3400.0,3880,3600,price_data (1).csv
2024-09-28,Tomato,1903,Dadri,9,Uttar Pradesh,141,Gautam Buddha Nagar,Deshi,3300.0,3850,3600,price_data (1).csv
2024-09-27,Tomato,1903,Dadri,9,Uttar Pradesh,141,Gautam Buddha Nagar,Deshi,3300.0,3880,3550,price_data (1).csv
2024-09-26,Tomato,1903,Dadri,9,Uttar Pradesh,141,Gautam Buddha Nagar,Deshi,3300.0,3800,3500,price_data (1).csv
2024-09-23,Tomato,1903,Dadri,9,Uttar Pradesh,141,Gautam Buddha Nagar,Deshi,3000.0,3600,3250,price_data (1).csv
2024-09-22,Tomato,1903,Dadri,9,Uttar Pradesh,141,Gautam Buddha Nagar,Deshi,2900.0,3500,3200,price_data (1).csv
2024-09-21,Tomato,1903,Dadri,9,Uttar Pradesh,141,Gautam Buddha Nagar,Deshi,2800.0,3350,3100,price_data (1).csv
2024-09-20,Tomato,1903,Dadri,9,Uttar Pradesh,141,Gautam Buddha Nagar,Deshi,2700.0,3300,3050,price_data (1).csv
2024-09-19,Tomato,1903,Dadri,9,Uttar Pradesh,141,Gautam Buddha Nagar,Deshi,2600.0,3300,2900,price_data (1).csv
2024-09-18,Tomato,1903,Dadri,9,Uttar Pradesh,141,Gautam Buddha Nagar,Deshi,2550.0,3000,2780,price_data (1).csv
2024-09-17,Tomato,1903,Dadri,9,Uttar Pradesh,141,Gautam Buddha Nagar,Deshi,2200.0,2700,2450,price_data (1).csv
2024-09-16,Tomato,1903,Dadri,9,Uttar Pradesh,141,Gautam Buddha Nagar,Deshi,2100.0,2500,2320,price_data (1).csv
2024-09-15,Tomato,1903,Dadri,9,Uttar Pradesh,141,Gautam Buddha Nagar,Deshi,2100.0,2500,2320,price_data (1).csv
2024-09-14,Tomato,1903,Dadri,9,Uttar Pradesh,141,Gautam Buddha Nagar,Deshi,2150.0,2500,2320,price_data (1).csv
2024-09-13,Tomato,1903,Dadri,9,Uttar Pradesh,141,Gautam Buddha Nagar,Deshi,2000.0,2500,2300,price_data (1).csv
2024-09-12,Tomato,1903,Dadri,9,Uttar Pradesh,141,Gautam Buddha Nagar,Deshi,2050.0,2550,2350,price_data (1).csv
2024-09-11,Tomato,1903,Dadri,9,Uttar Pradesh,141,Gautam Buddha Nagar,Deshi,2000.0,2500,2300,price_data (1).csv
2024-09-10,Tomato,1903,Dadri,9,Uttar Pradesh,141,Gautam Buddha Nagar,Deshi,2000.0,2500,2300,price_data (1).csv
2024-09-07,Tomato,1903,Dadri,9,Uttar Pradesh,141,Gautam Buddha Nagar,Deshi,2000.0,2500,2300,price_data (1).csv
2024-09-06,Tomato,1903,Dadri,9,Uttar Pradesh,141,Gautam Buddha Nagar,Deshi,2200.0,2550,2350,price_data (1).csv
2024-09-04,Tomato,1903,Dadri,9,Uttar Pradesh,141,Gautam Buddha Nagar,Deshi,2000.0,2500,2300,price_data (1).csv
2024-09-03,Tomato,1903,Dadri,9,Uttar Pradesh,141,Gautam Buddha Nagar,Deshi,2000.0,2500,2200,price_data (1).csv
2024-09-02,Tomato,1903,Dadri,9,Uttar Pradesh,141,Gautam Buddha Nagar,Deshi,2000.0,2550,2250,price_data (1).csv
2024-09-01,Tomato,2541,Dankaur,9,Uttar Pradesh,141,Gautam Buddha Nagar,Deshi,2200.0,2455,2300,price_data (1).csv
2024-08-31,Tomato,1903,Dadri,9,Uttar Pradesh,141,Gautam Buddha Nagar,Deshi,2100.0,2500,2300,price_data (1).csv
2024-08-31,Tomato,2541,Dankaur,9,Uttar Pradesh,141,Gautam Buddha Nagar,Deshi,2200.0,2455,2355,price_data (1).csv
2024-08-30,Tomato,1903,Dadri,9,Uttar Pradesh,141,Gautam Buddha Nagar,Deshi,2000.0,2550,2300,price_data (1).csv
2024-08-30,Tomato,2541,Dankaur,9,Uttar Pradesh,141,Gautam Buddha Nagar,Deshi,2200.0,2500,2340,price_data (1).csv
2024-08-29,Tomato,1903,Dadri,9,Uttar Pradesh,141,Gautam Buddha Nagar,Deshi,2200.0,2650,2400,price_data (1).csv
2024-08-28,Tomato,2541,Dankaur,9,Uttar Pradesh,141,Gautam Buddha Nagar,Deshi,2255.0,2455,2350,price_data (1).csv
2024-08-28,Tomato,1903,Dadri,9,Uttar Pradesh,141,Gautam Buddha Nagar,Deshi,2200.0,2650,2400,price_data (1).csv
2024-08-27,Tomato,2541,Dankaur,9,Uttar Pradesh,141,Gautam Buddha Nagar,Deshi,2200.0,2450,2320,price_data (1).csv
2024-08-26,Tomato,1903,Dadri,9,Uttar Pradesh,141,Gautam Buddha Nagar,Deshi,2200.0,2700,2550,price_data (1).csv
2024-08-24,Tomato,1903,Dadri,9,Uttar Pradesh,141,Gautam Buddha Nagar,Deshi,2350.0,2750,2570,price_data (1).csv
2024-08-24,Tomato,2541,Dankaur,9,Uttar Pradesh,141,Gautam Buddha Nagar,Deshi,2400.0,2655,2530,price_data (1).csv
2024-08-23,Tomato,2541,Dankaur,9,Uttar Pradesh,141,Gautam Buddha Nagar,Deshi,2415.0,2655,2500,price_data (1).csv
2024-08-23,Tomato,1903,Dadri,9,Uttar Pradesh,141,Gautam Buddha Nagar,Deshi,2400.0,2870,2600,price_data (1).csv
2024-08-22,Tomato,1903,Dadri,9,Uttar Pradesh,141,Gautam Buddha Nagar,Deshi,2400.0,2850,2600,price_data (1).csv
2024-08-21,Tomato,2541,Dankaur,9,Uttar Pradesh,141,Gautam Buddha Nagar,Deshi,2400.0,2655,2530,price_data (1).csv
2024-08-20,Tomato,2541,Dankaur,9,Uttar Pradesh,141,Gautam Buddha Nagar,Deshi,2400.0,2615,2500,price_data (1).csv
2024-08-19,Tomato,1903,Dadri,9,Uttar Pradesh,141,Gautam Buddha Nagar,Deshi,2680.0,3250,3020,price_data (1).csv
2024-08-19,Tomato,2541,Dankaur,9,Uttar Pradesh,141,Gautam Buddha Nagar,Deshi,3000.0,3205,3100,price_data (1).csv
2024-08-17,Tomato,1903,Dadri,9,Uttar Pradesh,141,Gautam Buddha Nagar,Deshi,2700.0,3200,2950,price_data (1).csv
2024-08-17,Tomato,2541,Dankaur,9,Uttar Pradesh,141,Gautam Buddha Nagar,Deshi,3000.0,3260,3150,price_data (1).csv
2024-08-16,Tomato,2541,Dankaur,9,Uttar Pradesh,141,Gautam Buddha Nagar,Deshi,3000.0,3255,3109,price_data (1).csv
2024-08-16,Tomato,1903,Dadri,9,Uttar Pradesh,141,Gautam Buddha Nagar,Deshi,2660.0,3300,3000,price_data (1).csv
2024-08-14,Tomato,1903,Dadri,9,Uttar Pradesh,141,Gautam Buddha Nagar,Hybrid,3200.0,3700,3450,price_data (1).csv
2024-08-14,Tomato,1903,Dadri,9,Uttar Pradesh,141,Gautam Buddha Nagar,Deshi,2700.0,3200,2950,price_data (1).csv
2024-08-14,Tomato,2541,Dankaur,9,Uttar Pradesh,141,Gautam Buddha Nagar,Deshi,3000.0,3250,3100,price_data (1).csv
2024-08-13,Tomato,1903,Dadri,9,Uttar Pradesh,141,Gautam Buddha Nagar,Hybrid,3200.0,3700,3450,price_data (1).csv
2024-08-13,Tomato,2541,Dankaur,9,Uttar Pradesh,141,Gautam Buddha Nagar,Deshi,3000.0,3255,3150,price_data (1).csv
2024-08-13,Tomato,1903,Dadri,9,Uttar Pradesh,141,Gautam Buddha Nagar,Deshi,2700.0,3200,2950,price_data (1).csv
2024-08-12,Tomato,1903,Dadri,9,Uttar Pradesh,141,Gautam Buddha Nagar,Hybrid,3100.0,3700,3400,price_data (1).csv
2024-08-12,Tomato,1903,Dadri,9,Uttar Pradesh,141,Gautam Buddha Nagar,Deshi,2700.0,3100,2900,price_data (1).csv
2024-08-12,Tomato,2541,Dankaur,9,Uttar Pradesh,141,Gautam Buddha Nagar,Deshi,3000.0,3355,3125,price_data (1).csv
2024-08-11,Tomato,1903,Dadri,9,Uttar Pradesh,141,Gautam Buddha Nagar,Hybrid,3100.0,3700,3400,price_data (1).csv
2024-08-11,Tomato,1903,Dadri,9,Uttar Pradesh,141,Gautam Buddha Nagar,Deshi,2700.0,3200,2900,price_data (1).csv
2024-08-11,Tomato,2541,Dankaur,9,Uttar Pradesh,141,Gautam Buddha Nagar,Deshi,2955.0,3250,3100,price_data (1).csv
2024-08-10,Tomato,1903,Dadri,9,Uttar Pradesh,141,Gautam Buddha Nagar,Deshi,2900.0,3500,3250,price_data (1).csv
2024-08-10,Tomato,2541,Dankaur,9,Uttar Pradesh,141,Gautam Buddha Nagar,Deshi,3250.0,3560,3400,price_data (1).csv
2024-08-09,Tomato,1903,Dadri,9,Uttar Pradesh,141,Gautam Buddha Nagar,Deshi,3000.0,3550,3300,price_data (1).csv
2024-08-09,Tomato,2541,Dankaur,9,Uttar Pradesh,141,Gautam Buddha Nagar,Deshi,3300.0,3500,3400,price_data (1).csv
2024-08-08,Tomato,1903,Dadri,9,Uttar Pradesh,141,Gautam Buddha Nagar,Deshi,3000.0,3450,3200,price_data (1).csv
2024-08-08,Tomato,1903,Dadri,9,Uttar Pradesh,141,Gautam Buddha Nagar,Hybrid,3360.0,3800,3600,price_data (1).csv
2024-08-08,Tomato,2541,Dankaur,9,Uttar Pradesh,141,Gautam Buddha Nagar,Deshi,3300.0,3560,3450,price_data (1).csv
2024-08-07,Tomato,2541,Dankaur,9,Uttar Pradesh,141,Gautam Buddha Nagar,Deshi,3500.0,3745,3655,price_data (1).csv
2024-08-06,Tomato,1903,Dadri,9,Uttar Pradesh,141,Gautam Buddha Nagar,Deshi,3400.0,3900,3650,price_data (1).csv
2024-08-05,Tomato,2541,Dankaur,9,Uttar Pradesh,141,Gautam Buddha Nagar,Deshi,3600.0,3855,3755,price_data (1).csv
2024-08-04,Tomato,2541,Dankaur,9,Uttar Pradesh,141,Gautam Buddha Nagar,Deshi,3800.0,4100,3900,price_data (1).csv
2024-08-04,Tomato,1903,Dadri,9,Uttar Pradesh,141,Gautam Buddha Nagar,Deshi,3500.0,4100,3800,price_data (1).csv
2024-07-31,Tomato,1903,Dadri,9,Uttar Pradesh,141,Gautam Buddha Nagar,Hybrid,4150.0,4600,4350,price_data (1).csv
2024-07-31,Tomato,1903,Dadri,9,Uttar Pradesh,141,Gautam Buddha Nagar,Deshi,3600.0,4100,3900,price_data (1).csv
2024-07-31,Tomato,2541,Dankaur,9,Uttar Pradesh,141,Gautam Buddha Nagar,Deshi,3800.0,4100,3970,price_data (1).csv
2024-07-30,Tomato,2541,Dankaur,9,Uttar Pradesh,141,Gautam Buddha Nagar,Deshi,3800.0,4120,3900,price_data (1).csv
2024-07-30,Tomato,1903,Dadri,9,Uttar Pradesh,141,Gautam Buddha Nagar,Deshi,3500.0,4000,3800,price_data (1).csv
2024-07-30,Tomato,1903,Dadri,9,Uttar Pradesh,141,Gautam Buddha Nagar,Hybrid,4000.0,4600,4300,price_data (1).csv
2024-07-29,Tomato,1903,Dadri,9,Uttar Pradesh,141,Gautam Buddha Nagar,Deshi,3500.0,4000,3800,price_data (1).csv
2024-07-29,Tomato,2541,Dankaur,9,Uttar Pradesh,141,Gautam Buddha Nagar,Deshi,3800.0,4050,3920,price_data (1).csv
2024-07-29,Tomato,1903,Dadri,9,Uttar Pradesh,141,Gautam Buddha Nagar,Hybrid,4000.0,4500,4300,price_data (1).csv
2024-07-28,Tomato,2541,Dankaur,9,Uttar Pradesh,141,Gautam Buddha Nagar,Deshi,3800.0,4100,3900,price_data (1).csv
2024-07-28,Tomato,1903,Dadri,9,Uttar Pradesh,141,Gautam Buddha Nagar,Deshi,3700.0,4100,3900,price_data (1).csv
2024-07-27,Tomato,1903,Dadri,9,Uttar Pradesh,141,Gautam Buddha Nagar,Hybrid,4000.0,4500,4300,price_data (1).csv
2024-07-27,Tomato,1903,Dadri,9,Uttar Pradesh,141,Gautam Buddha Nagar,Deshi,3400.0,4000,3800,price_data (1).csv
2024-07-27,Tomato,2541,Dankaur,9,Uttar Pradesh,141,Gautam Buddha Nagar,Deshi,3900.0,4155,4000,price_data (1).csv
2024-07-26,Tomato,2541,Dankaur,9,Uttar Pradesh,141,Gautam Buddha Nagar,Deshi,4000.0,4255,4180,price_data (1).csv
2024-07-25,Tomato,1903,Dadri,9,Uttar Pradesh,141,Gautam Buddha Nagar,Deshi,3700.0,4200,4000,price_data (1).csv
2024-07-25,Tomato,2541,Dankaur,9,Uttar Pradesh,141,Gautam Buddha Nagar,Deshi,4155.0,4355,4260,price_data (1).csv
2024-07-25,Tomato,1903,Dadri,9,Uttar Pradesh,141,Gautam Buddha Nagar,Hybrid,4200.0,4850,4500,price_data (1).csv
2024-07-24,Tomato,1903,Dadri,9,Uttar Pradesh,141,Gautam Buddha Nagar,Deshi,3700.0,4200,4000,price_data (1).csv
2024-07-24,Tomato,2541,Dankaur,9,Uttar Pradesh,141,Gautam Buddha Nagar,Deshi,4100.0,4355,4210,price_data (1).csv
2024-07-24,Tomato,1903,Dadri,9,Uttar Pradesh,141,Gautam Buddha Nagar,Hybrid,4200.0,4800,4500,price_data (1).csv
2024-07-23,Tomato,1903,Dadri,9,Uttar Pradesh,141,Gautam Buddha Nagar,Deshi,3800.0,4200,4050,price_data (1).csv
2024-07-23,Tomato,1903,Dadri,9,Uttar Pradesh,141,Gautam Buddha Nagar,Hybrid,4250.0,4900,4650,price_data (1).csv
2024-07-23,Tomato,2541,Dankaur,9,Uttar Pradesh,141,Gautam Buddha Nagar,Deshi,4100.0,4355,4250,price_data (1).csv
2024-07-22,Tomato,1903,Dadri,9,Uttar Pradesh,141,Gautam Buddha Nagar,Deshi,3700.0,4200,4000,price_data (1).csv
2024-07-22,Tomato,1903,Dadri,9,Uttar Pradesh,141,Gautam Buddha Nagar,Hybrid,4300.0,4900,4650,price_data (1).csv
2024-07-22,Tomato,2541,Dankaur,9,Uttar Pradesh,141,Gautam Buddha Nagar,Deshi,4100.0,4355,4200,price_data (1).csv
2024-07-21,Tomato,2541,Dankaur,9,Uttar Pradesh,141,Gautam Buddha Nagar,Deshi,4100.0,4355,4270,price_data (1).csv
2024-07-21,Tomato,1903,Dadri,9,Uttar Pradesh,141,Gautam Buddha Nagar,Deshi,3700.0,4150,3900,price_data (1).csv
2024-07-21,Tomato,1903,Dadri,9,Uttar Pradesh,141,Gautam Buddha Nagar,Hybrid,4200.0,4800,4550,price_data (1).csv
2024-07-20,Tomato,1903,Dadri,9,Uttar Pradesh,141,Gautam Buddha Nagar,Hybrid,4000.0,4600,4350,price_data (1).csv
2024-07-20,Tomato,2541,Dankaur,9,Uttar Pradesh,141,Gautam Buddha Nagar,Deshi,2900.0,3125,3050,price_data (1).csv
2024-07-19,Tomato,2541,Dankaur,9,Uttar Pradesh,141,Gautam Buddha Nagar,Deshi,4100.0,4355,4260,price_data (1).csv
2024-07-19,Tomato,1903,Dadri,9,Uttar Pradesh,141,Gautam Buddha Nagar,Hybrid,4200.0,4700,4500,price_data (1).csv
2024-07-19,Tomato,1903,Dadri,9,Uttar Pradesh,141,Gautam Buddha Nagar,Deshi,3850.0,4280,4100,price_data (1).csv
2024-07-17,Tomato,1903,Dadri,9,Uttar Pradesh,141,Gautam Buddha Nagar,Hybrid,4200.0,4800,4500,price_data (1).csv
2024-07-17,Tomato,2541,Dankaur,9,Uttar Pradesh,141,Gautam Buddha Nagar,Deshi,4100.0,4355,4255,price_data (1).csv
2024-07-17,Tomato,1903,Dadri,9,Uttar Pradesh,141,Gautam Buddha Nagar,Deshi,3800.0,4250,4000,price_data (1).csv
2024-07-16,Tomato,2541,Dankaur,9,Uttar Pradesh,141,Gautam Buddha Nagar,Deshi,4200.0,4450,4300,price_data (1).csv
2024-07-15,Tomato,1903,Dadri,9,Uttar Pradesh,141,Gautam Buddha Nagar,Hybrid,4500.0,5000,4700,price_data (1).csv
2024-07-15,Tomato,2541,Dankaur,9,Uttar Pradesh,141,Gautam Buddha Nagar,Deshi,4100.0,4355,4250,price_data (1).csv
2024-07-15,Tomato,1903,Dadri,9,Uttar Pradesh,141,Gautam Buddha Nagar,Deshi,4000.0,4400,4200,price_data (1).csv
2024-07-14,Tomato,2541,Dankaur,9,Uttar Pradesh,141,Gautam Buddha Nagar,Deshi,4100.0,4355,4260,price_data (1).csv
2024-07-13,Tomato,2541,Dankaur,9,Uttar Pradesh,141,Gautam Buddha Nagar,Deshi,4100.0,4350,4230,price_data (1).csv
2024-07-13,Tomato,1903,Dadri,9,Uttar Pradesh,141,Gautam Buddha Nagar,Hybrid,4400.0,4850,4600,price_data (1).csv
2024-07-13,Tomato,1903,Dadri,9,Uttar Pradesh,141,Gautam Buddha Nagar,Deshi,3800.0,4300,4100,price_data (1).csv
2024-07-12,Tomato,2541,Dankaur,9,Uttar Pradesh,141,Gautam Buddha Nagar,Deshi,4100.0,4315,4200,price_data (1).csv
2024-07-11,Tomato,2541,Dankaur,9,Uttar Pradesh,141,Gautam Buddha Nagar,Deshi,4100.0,4355,4220,price_data (1).csv
2024-07-10,Tomato,1903,Dadri,9,Uttar Pradesh,141,Gautam Buddha Nagar,Hybrid,4000.0,4600,4300,price_data (1).csv
2024-07-10,Tomato,2541,Dankaur,9,Uttar Pradesh,141,Gautam Buddha Nagar,Deshi,4000.0,4255,4155,price_data (1).csv
2024-07-09,Tomato,2541,Dankaur,9,Uttar Pradesh,141,Gautam Buddha Nagar,Deshi,3800.0,4100,3900,price_data (1).csv
2024-07-08,Tomato,1903,Dadri,9,Uttar Pradesh,141,Gautam Buddha Nagar,Deshi,3250.0,3800,3550,price_data (1).csv
2024-07-08,Tomato,1903,Dadri,9,Uttar Pradesh,141,Gautam Buddha Nagar,Hybrid,3800.0,4300,4050,price_data (1).csv
2024-07-08,Tomato,2541,Dankaur,9,Uttar Pradesh,141,Gautam Buddha Nagar,Deshi,3600.0,3855,3700,price_data (1).csv
2024-07-06,Tomato,2541,Dankaur,9,Uttar Pradesh,141,Gautam Buddha Nagar,Deshi,3500.0,3755,3660,price_data (1).csv
2024-07-05,Tomato,2541,Dankaur,9,Uttar Pradesh,141,Gautam Buddha Nagar,Deshi,3300.0,3509,3450,price_data (1).csv
2024-07-05,Tomato,1903,Dadri,9,Uttar Pradesh,141,Gautam Buddha Nagar,Deshi,3000.0,3500,3300,price_data (1).csv
2024-07-05,Tomato,1903,Dadri,9,Uttar Pradesh,141,Gautam Buddha Nagar,Hybrid,3500.0,4000,3800,price_data (1).csv
2024-07-04,Tomato,1903,Dadri,9,Uttar Pradesh,141,Gautam Buddha Nagar,Deshi,2800.0,3300,3100,price_data (1).csv
2024-07-04,Tomato,1903,Dadri,9,Uttar Pradesh,141,Gautam Buddha Nagar,Hybrid,3500.0,4000,3700,price_data (1).csv
2024-07-03,Tomato,1903,Dadri,9,Uttar Pradesh,141,Gautam Buddha Nagar,Deshi,2800.0,3300,3100,price_data (1).csv
2024-07-03,Tomato,2541,Dankaur,9,Uttar Pradesh,141,Gautam Buddha Nagar,Deshi,2900.0,3125,3000,price_data (1).csv
2024-07-03,Tomato,1903,Dadri,9,Uttar Pradesh,141,Gautam Buddha Nagar,Hybrid,3400.0,3880,3600,price_data (1).csv
2024-07-02,Tomato,2541,Dankaur,9,Uttar Pradesh,141,Gautam Buddha Nagar,Deshi,2200.0,2415,2300,price_data (1).csv
2024-07-01,Tomato,2541,Dankaur,9,Uttar Pradesh,141,Gautam Buddha Nagar,Deshi,1800.0,2100,1920,price_data (1).csv
2024-06-30,Tomato,1903,Dadri,9,Uttar Pradesh,141,Gautam Buddha Nagar,Deshi,1700.0,2200,1980,price_data (1).csv
2024-06-30,Tomato,2541,Dankaur,9,Uttar Pradesh,141,Gautam Buddha Nagar,Deshi,1800.0,2100,1950,price_data (1).csv
2024-06-29,Tomato,1903,Dadri,9,Uttar Pradesh,141,Gautam Buddha Nagar,Deshi,1600.0,2100,1900,price_data (1).csv
2024-06-29,Tomato,2541,Dankaur,9,Uttar Pradesh,141,Gautam Buddha Nagar,Deshi,1800.0,2100,1920,price_data (1).csv
2024-06-28,Tomato,2541,Dankaur,9,Uttar Pradesh,141,Gautam Buddha Nagar,Deshi,1800.0,2100,1900,price_data (1).csv
2024-06-26,Tomato,2541,Dankaur,9,Uttar Pradesh,141,Gautam Buddha Nagar,Deshi,1800.0,2100,1900,price_data (1).csv
2024-06-25,Tomato,1903,Dadri,9,Uttar Pradesh,141,Gautam Buddha Nagar,Deshi,1700.0,2150,1950,price_data (1).csv
2024-06-25,Tomato,2541,Dankaur,9,Uttar Pradesh,141,Gautam Buddha Nagar,Deshi,1800.0,2100,1915,price_data (1).csv
2024-06-24,Tomato,2541,Dankaur,9,Uttar Pradesh,141,Gautam Buddha Nagar,Deshi,1800.0,2100,1900,price_data (1).csv
2024-06-24,Tomato,1903,Dadri,9,Uttar Pradesh,141,Gautam Buddha Nagar,Deshi,1700.0,2180,1900,price_data (1).csv
2024-06-22,Tomato,2541,Dankaur,9,Uttar Pradesh,141,Gautam Buddha Nagar,Deshi,1700.0,1955,1800,price_data (1).csv
2024-06-22,Tomato,1903,Dadri,9,Uttar Pradesh,141,Gautam Buddha Nagar,Deshi,1700.0,2150,1950,price_data (1).csv
2024-06-21,Tomato,2541,Dankaur,9,Uttar Pradesh,141,Gautam Buddha Nagar,Deshi,1500.0,1755,1610,price_data (1).csv
2024-06-21,Tomato,1903,Dadri,9,Uttar Pradesh,141,Gautam Buddha Nagar,Deshi,1500.0,2000,1800,price_data (1).csv
2024-06-20,Tomato,1903,Dadri,9,Uttar Pradesh,141,Gautam Buddha Nagar,Deshi,1400.0,1900,1650,price_data (1).csv
2024-06-20,Tomato,2541,Dankaur,9,Uttar Pradesh,141,Gautam Buddha Nagar,Deshi,1400.0,1650,1550,price_data (1).csv
2024-06-19,Tomato,1903,Dadri,9,Uttar Pradesh,141,Gautam Buddha Nagar,Deshi,1350.0,1880,1600,price_data (1).csv
2024-06-19,Tomato,2541,Dankaur,9,Uttar Pradesh,141,Gautam Buddha Nagar,Deshi,1400.0,1600,1500,price_data (1).csv
2024-06-18,Tomato,1903,Dadri,9,Uttar Pradesh,141,Gautam Buddha Nagar,Deshi,1300.0,1700,1450,price_data (1).csv
2024-06-18,Tomato,2541,Dankaur,9,Uttar Pradesh,141,Gautam Buddha Nagar,Deshi,1300.0,1520,1400,price_data (1).csv
2024-06-17,Tomato,2541,Dankaur,9,Uttar Pradesh,141,Gautam Buddha Nagar,Deshi,1100.0,1255,1175,price_data (1).csv
2024-06-16,Tomato,1903,Dadri,9,Uttar Pradesh,141,Gautam Buddha Nagar,Deshi,800.0,1150,950,price_data (1).csv
2024-06-15,Tomato,1903,Dadri,9,Uttar Pradesh,141,Gautam Buddha Nagar,Deshi,700.0,1150,900,price_data (1).csv
2024-06-15,Tomato,2541,Dankaur,9,Uttar Pradesh,141,Gautam Buddha Nagar,Deshi,780.0,1050,900,price_data (1).csv
2024-06-14,Tomato,2541,Dankaur,9,Uttar Pradesh,141,Gautam Buddha Nagar,Deshi,800.0,900,870,price_data (1).csv
2024-06-13,Tomato,1903,Dadri,9,Uttar Pradesh,141,Gautam Buddha Nagar,Deshi,700.0,980,830,price_data (1).csv
2024-06-12,Tomato,1903,Dadri,9,Uttar Pradesh,141,Gautam Buddha Nagar,Deshi,700.0,1050,880,price_data (1).csv
2024-06-12,Tomato,2541,Dankaur,9,Uttar Pradesh,141,Gautam Buddha Nagar,Deshi,700.0,970,865,price_data (1).csv
2024-06-11,Tomato,1903,Dadri,9,Uttar Pradesh,141,Gautam Buddha Nagar,Deshi,700.0,1050,850,price_data (1).csv
2024-06-11,Tomato,2541,Dankaur,9,Uttar Pradesh,141,Gautam Buddha Nagar,Deshi,750.0,955,850,price_data (1).csv
2024-06-10,Tomato,2541,Dankaur,9,Uttar Pradesh,141,Gautam Buddha Nagar,Deshi,700.0,955,815,price_data (1).csv
2024-06-10,Tomato,1903,Dadri,9,Uttar Pradesh,141,Gautam Buddha Nagar,Deshi,700.0,1000,830,price_data (1).csv
2024-06-09,Tomato,1903,Dadri,9,Uttar Pradesh,141,Gautam Buddha Nagar,Deshi,680.0,980,830,price_data (1).csv
2024-06-09,Tomato,2541,Dankaur,9,Uttar Pradesh,141,Gautam Buddha Nagar,Deshi,700.0,1000,855,price_data (1).csv
2024-06-08,Tomato,2541,Dankaur,9,Uttar Pradesh,141,Gautam Buddha Nagar,Deshi,700.0,955,800,price_data (1).csv
2024-06-08,Tomato,1903,Dadri,9,Uttar Pradesh,141,Gautam Buddha Nagar,Deshi,650.0,1000,810,price_data (1).csv
2024-06-07,Tomato,2541,Dankaur,9,Uttar Pradesh,141,Gautam Buddha Nagar,Deshi,755.0,955,850,price_data (1).csv
2024-06-07,Tomato,1903,Dadri,9,Uttar Pradesh,141,Gautam Buddha Nagar,Deshi,650.0,1000,800,price_data (1).csv
2024-06-06,Tomato,1903,Dadri,9,Uttar Pradesh,141,Gautam Buddha Nagar,Deshi,600.0,1000,800,price_data (1).csv
2024-06-05,Tomato,1903,Dadri,9,Uttar Pradesh,141,Gautam Buddha Nagar,Deshi,700.0,1000,840,price_data (1).csv
2024-06-05,Tomato,2541,Dankaur,9,Uttar Pradesh,141,Gautam Buddha Nagar,Deshi,700.0,965,815,price_data (1).csv
2024-06-04,Tomato,2541,Dankaur,9,Uttar Pradesh,141,Gautam Buddha Nagar,Deshi,725.0,955,850,price_data (1).csv
2024-06-03,Tomato,2541,Dankaur,9,Uttar Pradesh,141,Gautam Buddha Nagar,Deshi,725.0,955,870,price_data (1).csv
2024-06-03,Tomato,1903,Dadri,9,Uttar Pradesh,141,Gautam Buddha Nagar,Deshi,700.0,1100,850,price_data (1).csv
2024-06-02,Tomato,1903,Dadri,9,Uttar Pradesh,141,Gautam Buddha Nagar,Deshi,660.0,950,730,price_data (1).csv
2024-06-02,Tomato,2541,Dankaur,9,Uttar Pradesh,141,Gautam Buddha Nagar,Deshi,700.0,955,855,price_data (1).csv
2024-06-01,Tomato,2541,Dankaur,9,Uttar Pradesh,141,Gautam Buddha Nagar,Deshi,700.0,920,880,price_data (1).csv
2024-05-31,Tomato,2541,Dankaur,9,Uttar Pradesh,141,Gautam Buddha Nagar,Deshi,750.0,955,840,price_data (1).csv
2024-05-31,Tomato,1903,Dadri,9,Uttar Pradesh,141,Gautam Buddha Nagar,Deshi,700.0,980,820,price_data (1).csv
2024-05-30,Tomato,1903,Dadri,9,Uttar Pradesh,141,Gautam Buddha Nagar,Deshi,700.0,1000,850,price_data (1).csv
2024-05-29,Tomato,1903,Dadri,9,Uttar Pradesh,141,Gautam Buddha Nagar,Deshi,700.0,1100,900,price_data (1).csv
2024-05-29,Tomato,2541,Dankaur,9,Uttar Pradesh,141,Gautam Buddha Nagar,Deshi,700.0,925,825,price_data (1).csv
2024-05-28,Tomato,2541,Dankaur,9,Uttar Pradesh,141,Gautam Buddha Nagar,Deshi,700.0,925,800,price_data (1).csv
2024-05-28,Tomato,1903,Dadri,9,Uttar Pradesh,141,Gautam Buddha Nagar,Deshi,700.0,1100,850,price_data (1).csv
2024-05-27,Tomato,2541,Dankaur,9,Uttar Pradesh,141,Gautam Buddha Nagar,Deshi,700.0,955,830,price_data (1).csv
2024-05-27,Tomato,1903,Dadri,9,Uttar Pradesh,141,Gautam Buddha Nagar,Deshi,700.0,1060,860,price_data (1).csv
2024-05-26,Tomato,1903,Dadri,9,Uttar Pradesh,141,Gautam Buddha Nagar,Deshi,700.0,1050,840,price_data (1).csv
2024-05-25,Tomato,2541,Dankaur,9,Uttar Pradesh,141,Gautam Buddha Nagar,Deshi,700.0,955,845,price_data (1).csv
2024-05-25,Tomato,1903,Dadri,9,Uttar Pradesh,141,Gautam Buddha Nagar,Deshi,720.0,1030,850,price_data (1).csv
2024-05-24,Tomato,2541,Dankaur,9,Uttar Pradesh,141,Gautam Buddha Nagar,Deshi,700.0,955,820,price_data (1).csv
2024-05-24,Tomato,1903,Dadri,9,Uttar Pradesh,141,Gautam Buddha Nagar,Deshi,700.0,1100,850,price_data (1).csv
2024-05-23,Tomato,1903,Dadri,9,Uttar Pradesh,141,Gautam Buddha Nagar,Deshi,700.0,1000,800,price_data (1).csv
2024-05-22,Tomato,1903,Dadri,9,Uttar Pradesh,141,Gautam Buddha Nagar,Deshi,800.0,1200,980,price_data (1).csv
2024-05-22,Tomato,2541,Dankaur,9,Uttar Pradesh,141,Gautam Buddha Nagar,Deshi,855.0,1055,950,price_data (1).csv
2024-05-21,Tomato,1903,Dadri,9,Uttar Pradesh,141,Gautam Buddha Nagar,Deshi,800.0,1200,980,price_data (1).csv
2024-05-21,Tomato,2541,Dankaur,9,Uttar Pradesh,141,Gautam Buddha Nagar,Deshi,800.0,1100,950,price_data (1).csv
2024-05-20,Tomato,2541,Dankaur,9,Uttar Pradesh,141,Gautam Buddha Nagar,Deshi,900.0,1120,1010,price_data (1).csv
2024-05-20,Tomato,1903,Dadri,9,Uttar Pradesh,141,Gautam Buddha Nagar,Deshi,800.0,1200,1000,price_data (1).csv
2024-05-19,Tomato,1903,Dadri,9,Uttar Pradesh,141,Gautam Buddha Nagar,Deshi,900.0,1190,1040,price_data (1).csv
2024-05-18,Tomato,1903,Dadri,9,Uttar Pradesh,141,Gautam Buddha Nagar,Deshi,800.0,1180,1000,price_data (1).csv
2024-05-18,Tomato,2541,Dankaur,9,Uttar Pradesh,141,Gautam Buddha Nagar,Deshi,900.0,1155,1030,price_data (1).csv
2024-05-17,Tomato,2541,Dankaur,9,Uttar Pradesh,141,Gautam Buddha Nagar,Deshi,900.0,1155,1010,price_data (1).csv
2024-05-17,Tomato,1903,Dadri,9,Uttar Pradesh,141,Gautam Buddha Nagar,Deshi,800.0,1220,1000,price_data (1).csv
2024-05-16,Tomato,1903,Dadri,9,Uttar Pradesh,141,Gautam Buddha Nagar,Deshi,960.0,1250,1100,price_data (1).csv
2024-05-16,Tomato,2541,Dankaur,9,Uttar Pradesh,141,Gautam Buddha Nagar,Deshi,900.0,1230,1110,price_data (1).csv
2024-05-15,Tomato,2541,Dankaur,9,Uttar Pradesh,141,Gautam Buddha Nagar,Deshi,1255.0,1455,1370,price_data (1).csv
2024-05-15,Tomato,1903,Dadri,9,Uttar Pradesh,141,Gautam Buddha Nagar,Deshi,1000.0,1400,1250,price_data (1).csv
2024-05-14,Tomato,1903,Dadri,9,Uttar Pradesh,141,Gautam Buddha Nagar,Deshi,1000.0,1500,1280,price_data (1).csv
2024-05-14,Tomato,2541,Dankaur,9,Uttar Pradesh,141,Gautam Buddha Nagar,Deshi,1200.0,1455,1350,price_data (1).csv
2024-05-13,Tomato,2541,Dankaur,9,Uttar Pradesh,141,Gautam Buddha Nagar,Deshi,1200.0,1400,1320,price_data (1).csv
2024-05-13,Tomato,1903,Dadri,9,Uttar Pradesh,141,Gautam Buddha Nagar,Deshi,1100.0,1550,1300,price_data (1).csv
2024-05-11,Tomato,2541,Dankaur,9,Uttar Pradesh,141,Gautam Buddha Nagar,Deshi,1200.0,1455,1310,price_data (1).csv
2024-05-10,Tomato,2541,Dankaur,9,Uttar Pradesh,141,Gautam Buddha Nagar,Deshi,1200.0,1420,1300,price_data (1).csv
2024-05-10,Tomato,1903,Dadri,9,Uttar Pradesh,141,Gautam Buddha Nagar,Deshi,1100.0,1550,1300,price_data (1).csv
2024-05-09,Tomato,2541,Dankaur,9,Uttar Pradesh,141,Gautam Buddha Nagar,Deshi,1200.0,1455,1350,price_data (1).csv
2024-05-09,Tomato,1903,Dadri,9,Uttar Pradesh,141,Gautam Buddha Nagar,Deshi,1000.0,1500,1270,price_data (1).csv
2024-05-08,Tomato,2541,Dankaur,9,Uttar Pradesh,141,Gautam Buddha Nagar,Deshi,1200.0,1420,1320,price_data (1).csv
2024-05-08,Tomato,1903,Dadri,9,Uttar Pradesh,141,Gautam Buddha Nagar,Deshi,1100.0,1550,1320,price_data (1).csv
2024-05-07,Tomato,2541,Dankaur,9,Uttar Pradesh,141,Gautam Buddha Nagar,Deshi,1200.0,1455,1350,price_data (1).csv
2024-05-06,Tomato,2541,Dankaur,9,Uttar Pradesh,141,Gautam Buddha Nagar,Deshi,1200.0,1425,1300,price_data (1).csv
2024-05-06,Tomato,1903,Dadri,9,Uttar Pradesh,141,Gautam Buddha Nagar,Deshi,1000.0,1500,1300,price_data (1).csv
2024-05-05,Tomato,1903,Dadri,9,Uttar Pradesh,141,Gautam Buddha Nagar,Deshi,1150.0,1600,1350,price_data (1).csv
2024-05-05,Tomato,2541,Dankaur,9,Uttar Pradesh,141,Gautam Buddha Nagar,Deshi,1200.0,1455,1325,price_data (1).csv
2024-05-04,Tomato,2541,Dankaur,9,Uttar Pradesh,141,Gautam Buddha Nagar,Deshi,1320.0,1560,1420,price_data (1).csv
2024-05-04,Tomato,1903,Dadri,9,Uttar Pradesh,141,Gautam Buddha Nagar,Deshi,1150.0,1550,1350,price_data (1).csv
2024-05-03,Tomato,2541,Dankaur,9,Uttar Pradesh,141,Gautam Buddha Nagar,Deshi,1300.0,1500,1400,price_data (1).csv
2024-05-03,Tomato,1903,Dadri,9,Uttar Pradesh,141,Gautam Buddha Nagar,Deshi,1200.0,1770,1450,price_data (1).csv
2024-05-01,Tomato,2541,Dankaur,9,Uttar Pradesh,141,Gautam Buddha Nagar,Deshi,1400.0,1655,1510,price_data (1).csv
2024-04-30,Tomato,2541,Dankaur,9,Uttar Pradesh,141,Gautam Buddha Nagar,Deshi,1400.0,1620,1540,price_data (1).csv
2024-04-30,Tomato,1903,Dadri,9,Uttar Pradesh,141,Gautam Buddha Nagar,Deshi,1200.0,1750,1500,price_data (1).csv
2024-04-29,Tomato,1903,Dadri,9,Uttar Pradesh,141,Gautam Buddha Nagar,Deshi,1500.0,2000,1780,price_data (1).csv
2024-04-29,Tomato,2541,Dankaur,9,Uttar Pradesh,141,Gautam Buddha Nagar,Deshi,1600.0,1855,1755,price_data (1).csv
2024-04-28,Tomato,2541,Dankaur,9,Uttar Pradesh,141,Gautam Buddha Nagar,Deshi,1600.0,1855,1760,price_data (1).csv
2024-04-28,Tomato,1903,Dadri,9,Uttar Pradesh,141,Gautam Buddha Nagar,Deshi,1550.0,1900,1650,price_data (1).csv
2024-04-27,Tomato,2541,Dankaur,9,Uttar Pradesh,141,Gautam Buddha Nagar,Deshi,1600.0,1855,1700,price_data (1).csv
2024-04-27,Tomato,1903,Dadri,9,Uttar Pradesh,141,Gautam Buddha Nagar,Deshi,1500.0,1900,1750,price_data (1).csv
2024-04-26,Tomato,2541,Dankaur,9,Uttar Pradesh,141,Gautam Buddha Nagar,Deshi,1600.0,1855,1720,price_data (1).csv
2024-04-25,Tomato,1903,Dadri,9,Uttar Pradesh,141,Gautam Buddha Nagar,Deshi,1500.0,2000,1780,price_data (1).csv
2024-04-24,Tomato,1903,Dadri,9,Uttar Pradesh,141,Gautam Buddha Nagar,Deshi,1560.0,2050,1800,price_data (1).csv
2024-04-24,Tomato,2541,Dankaur,9,Uttar Pradesh,141,Gautam Buddha Nagar,Deshi,1700.0,1900,1800,price_data (1).csv
2024-04-23,Tomato,1903,Dadri,9,Uttar Pradesh,141,Gautam Buddha Nagar,Deshi,1500.0,2000,1800,price_data (1).csv
2024-04-22,Tomato,2541,Dankaur,9,Uttar Pradesh,141,Gautam Buddha Nagar,Deshi,1700.0,1955,1870,price_data (1).csv
2024-04-21,Tomato,2541,Dankaur,9,Uttar Pradesh,141,Gautam Buddha Nagar,Deshi,1700.0,1990,1800,price_data (1).csv
2024-04-21,Tomato,1903,Dadri,9,Uttar Pradesh,141,Gautam Buddha Nagar,Deshi,1580.0,2000,1850,price_data (1).csv
2024-04-20,Tomato,2541,Dankaur,9,Uttar Pradesh,141,Gautam Buddha Nagar,Deshi,1800.0,2100,1900,price_data (1).csv
2024-04-20,Tomato,1903,Dadri,9,Uttar Pradesh,141,Gautam Buddha Nagar,Deshi,1550.0,2200,1900,price_data (1).csv
2024-04-19,Tomato,2541,Dankaur,9,Uttar Pradesh,141,Gautam Buddha Nagar,Deshi,1600.0,1855,1760,price_data (1).csv
2024-04-19,Tomato,1903,Dadri,9,Uttar Pradesh,141,Gautam Buddha Nagar,Deshi,1750.0,2200,1920,price_data (1).csv
2024-04-18,Tomato,2541,Dankaur,9,Uttar Pradesh,141,Gautam Buddha Nagar,Deshi,1800.0,2200,1900,price_data (1).csv
2024-04-18,Tomato,1903,Dadri,9,Uttar Pradesh,141,Gautam Buddha Nagar,Deshi,1600.0,2200,1900,price_data (1).csv
2024-04-16,Tomato,2541,Dankaur,9,Uttar Pradesh,141,Gautam Buddha Nagar,Deshi,1800.0,2100,1900,price_data (1).csv
2024-04-15,Tomato,2541,Dankaur,9,Uttar Pradesh,141,Gautam Buddha Nagar,Deshi,1800.0,2050,1900,price_data (1).csv
2024-04-15,Tomato,1903,Dadri,9,Uttar Pradesh,141,Gautam Buddha Nagar,Deshi,1660.0,2250,1900,price_data (1).csv
2024-04-14,Tomato,1903,Dadri,9,Uttar Pradesh,141,Gautam Buddha Nagar,Deshi,1750.0,2220,1920,price_data (1).csv
2024-04-13,Tomato,1903,Dadri,9,Uttar Pradesh,141,Gautam Buddha Nagar,Deshi,1500.0,2200,1900,price_data (1).csv
2024-04-12,Tomato,2541,Dankaur,9,Uttar Pradesh,141,Gautam Buddha Nagar,Deshi,1700.0,1955,1860,price_data (1).csv
2024-04-12,Tomato,1903,Dadri,9,Uttar Pradesh,141,Gautam Buddha Nagar,Deshi,1500.0,2200,1900,price_data (1).csv
2024-04-11,Tomato,2541,Dankaur,9,Uttar Pradesh,141,Gautam Buddha Nagar,Deshi,1700.0,1925,1800,price_data (1).csv
2024-04-11,Tomato,1903,Dadri,9,Uttar Pradesh,141,Gautam Buddha Nagar,Deshi,1700.0,2200,1920,price_data (1).csv
2024-04-10,Tomato,1903,Dadri,9,Uttar Pradesh,141,Gautam Buddha Nagar,Deshi,1350.0,2000,1760,price_data (1).csv
2024-04-10,Tomato,2541,Dankaur,9,Uttar Pradesh,141,Gautam Buddha Nagar,Deshi,1600.0,1855,1720,price_data (1).csv
2024-04-09,Tomato,2541,Dankaur,9,Uttar Pradesh,141,Gautam Buddha Nagar,Deshi,1500.0,1755,1645,price_data (1).csv
2024-04-08,Tomato,2541,Dankaur,9,Uttar Pradesh,141,Gautam Buddha Nagar,Deshi,1500.0,1755,1670,price_data (1).csv
2024-04-08,Tomato,1903,Dadri,9,Uttar Pradesh,141,Gautam Buddha Nagar,Deshi,1450.0,2000,1720,price_data (1).csv
2024-04-07,Tomato,2541,Dankaur,9,Uttar Pradesh,141,Gautam Buddha Nagar,Deshi,1400.0,1655,1550,price_data (1).csv
2024-04-07,Tomato,1903,Dadri,9,Uttar Pradesh,141,Gautam Buddha Nagar,Deshi,1300.0,1800,1550,price_data (1).csv
2024-04-06,Tomato,1903,Dadri,9,Uttar Pradesh,141,Gautam Buddha Nagar,Deshi,1200.0,1650,1500,price_data (1).csv
2024-04-06,Tomato,2541,Dankaur,9,Uttar Pradesh,141,Gautam Buddha Nagar,Deshi,1400.0,1650,1500,price_data (1).csv
2024-04-05,Tomato,1903,Dadri,9,Uttar Pradesh,141,Gautam Buddha Nagar,Deshi,1300.0,1800,1600,price_data (1).csv
2024-04-05,Tomato,2541,Dankaur,9,Uttar Pradesh,141,Gautam Buddha Nagar,Deshi,1400.0,1655,1580,price_data (1).csv
2024-04-04,Tomato,2541,Dankaur,9,Uttar Pradesh,141,Gautam Buddha Nagar,Deshi,1500.0,1700,1600,price_data (1).csv
2024-04-04,Tomato,1903,Dadri,9,Uttar Pradesh,141,Gautam Buddha Nagar,Deshi,1300.0,1800,1600,price_data (1).csv
2024-04-03,Tomato,2541,Dankaur,9,Uttar Pradesh,141,Gautam Buddha Nagar,Deshi,1600.0,1855,1700,price_data (1).csv
2024-04-03,Tomato,1903,Dadri,9,Uttar Pradesh,141,Gautam Buddha Nagar,Deshi,1400.0,1860,1700,price_data (1).csv
2024-04-02,Tomato,2541,Dankaur,9,Uttar Pradesh,141,Gautam Buddha Nagar,Deshi,1600.0,1855,1780,price_data (1).csv
2024-03-31,Tomato,2541,Dankaur,9,Uttar Pradesh,141,Gautam Buddha Nagar,Deshi,1600.0,1855,1750,price_data (1).csv
2024-03-31,Tomato,1903,Dadri,9,Uttar Pradesh,141,Gautam Buddha Nagar,Deshi,1500.0,2000,1730,price_data (1).csv
2024-03-30,Tomato,2541,Dankaur,9,Uttar Pradesh,141,Gautam Buddha Nagar,Deshi,1600.0,1855,1730,price_data (1).csv
2024-03-30,Tomato,1903,Dadri,9,Uttar Pradesh,141,Gautam Buddha Nagar,Deshi,1500.0,1950,1700,price_data (1).csv
2024-03-29,Tomato,1903,Dadri,9,Uttar Pradesh,141,Gautam Buddha Nagar,Deshi,1550.0,1900,1720,price_data (1).csv
2024-03-29,Tomato,2541,Dankaur,9,Uttar Pradesh,141,Gautam Buddha Nagar,Deshi,1600.0,1855,1760,price_data (1).csv
2024-03-28,Tomato,1903,Dadri,9,Uttar Pradesh,141,Gautam Buddha Nagar,Deshi,1500.0,2050,1750,price_data (1).csv
2024-03-27,Tomato,2541,Dankaur,9,Uttar Pradesh,141,Gautam Buddha Nagar,Deshi,1600.0,1845,1730,price_data (1).csv
2024-03-27,Tomato,1903,Dadri,9,Uttar Pradesh,141,Gautam Buddha Nagar,Deshi,1500.0,2000,1700,price_data (1).csv
2024-03-26,Tomato,1903,Dadri,9,Uttar Pradesh,141,Gautam Buddha Nagar,Deshi,1550.0,1950,1720,price_data (1).csv
2024-03-26,Tomato,2541,Dankaur,9,Uttar Pradesh,141,Gautam Buddha Nagar,Deshi,1600.0,1855,1700,price_data (1).csv
2024-03-24,Tomato,2541,Dankaur,9,Uttar Pradesh,141,Gautam Buddha Nagar,Deshi,1600.0,1855,1720,price_data (1).csv
2024-03-23,Tomato,1903,Dadri,9,Uttar Pradesh,141,Gautam Buddha Nagar,Deshi,1550.0,1900,1750,price_data (1).csv
2024-03-23,Tomato,2541,Dankaur,9,Uttar Pradesh,141,Gautam Buddha Nagar,Deshi,1600.0,1855,1700,price_data (1).csv
2024-03-22,Tomato,1903,Dadri,9,Uttar Pradesh,141,Gautam Buddha Nagar,Deshi,1550.0,2000,1750,price_data (1).csv
2024-03-22,Tomato,2541,Dankaur,9,Uttar Pradesh,141,Gautam Buddha Nagar,Deshi,1600.0,1855,1740,price_data (1).csv
2024-03-21,Tomato,1903,Dadri,9,Uttar Pradesh,141,Gautam Buddha Nagar,Deshi,1500.0,2000,1800,price_data (1).csv
2024-03-21,Tomato,2541,Dankaur,9,Uttar Pradesh,141,Gautam Buddha Nagar,Deshi,1600.0,1855,1700,price_data (1).csv
2024-03-20,Tomato,2541,Dankaur,9,Uttar Pradesh,141,Gautam Buddha Nagar,Deshi,1900.0,2155,2000,price_data (1).csv
2024-03-20,Tomato,1903,Dadri,9,Uttar Pradesh,141,Gautam Buddha Nagar,Deshi,1750.0,2100,1980,price_data (1).csv
2024-03-19,Tomato,2541,Dankaur,9,Uttar Pradesh,141,Gautam Buddha Nagar,Deshi,2000.0,2255,2100,price_data (1).csv
2024-03-19,Tomato,1903,Dadri,9,Uttar Pradesh,141,Gautam Buddha Nagar,Deshi,1800.0,2250,2000,price_data (1).csv
2024-03-18,Tomato,2541,Dankaur,9,Uttar Pradesh,141,Gautam Buddha Nagar,Deshi,2100.0,2355,2200,price_data (1).csv
2024-03-18,Tomato,1903,Dadri,9,Uttar Pradesh,141,Gautam Buddha Nagar,Deshi,1800.0,2250,2000,price_data (1).csv
2024-03-17,Tomato,2541,Dankaur,9,Uttar Pradesh,141,Gautam Buddha Nagar,Deshi,2100.0,2355,2255,price_data (1).csv
2024-03-17,Tomato,1903,Dadri,9,Uttar Pradesh,141,Gautam Buddha Nagar,Deshi,2000.0,2500,2200,price_data (1).csv
2024-03-16,Tomato,1903,Dadri,9,Uttar Pradesh,141,Gautam Buddha Nagar,Deshi,2050.0,2450,2270,price_data (1).csv
2024-03-16,Tomato,2541,Dankaur,9,Uttar Pradesh,141,Gautam Buddha Nagar,Deshi,2100.0,2315,2200,price_data (1).csv
2024-03-15,Tomato,2541,Dankaur,9,Uttar Pradesh,141,Gautam Buddha Nagar,Deshi,1878.0,2175,2000,price_data (1).csv
2024-03-15,Tomato,1903,Dadri,9,Uttar Pradesh,141,Gautam Buddha Nagar,Deshi,2000.0,2500,2200,price_data (1).csv
2024-03-14,Tomato,2541,Dankaur,9,Uttar Pradesh,141,Gautam Buddha Nagar,Deshi,1900.0,2155,2050,price_data (1).csv
2024-03-13,Tomato,2541,Dankaur,9,Uttar Pradesh,141,Gautam Buddha Nagar,Deshi,1800.0,2050,1925,price_data (1).csv
2024-03-13,Tomato,1903,Dadri,9,Uttar Pradesh,141,Gautam Buddha Nagar,Deshi,1850.0,2220,2040,price_data (1).csv
2024-03-12,Tomato,1903,Dadri,9,Uttar Pradesh,141,Gautam Buddha Nagar,Deshi,1800.0,2200,2000,price_data (1).csv
2024-03-11,Tomato,2541,Dankaur,9,Uttar Pradesh,141,Gautam Buddha Nagar,Deshi,1800.0,2100,1900,price_data (1).csv
2024-03-11,Tomato,1903,Dadri,9,Uttar Pradesh,141,Gautam Buddha Nagar,Deshi,1750.0,2150,1950,price_data (1).csv
2024-03-10,Tomato,1903,Dadri,9,Uttar Pradesh,141,Gautam Buddha Nagar,Deshi,1730.0,2150,1930,price_data (1).csv
2024-03-08,Tomato,2541,Dankaur,9,Uttar Pradesh,141,Gautam Buddha Nagar,Deshi,1800.0,2100,1950,price_data (1).csv
2024-03-08,Tomato,1903,Dadri,9,Uttar Pradesh,141,Gautam Buddha Nagar,Deshi,1700.0,2100,1900,price_data (1).csv
2024-03-07,Tomato,2541,Dankaur,9,Uttar Pradesh,141,Gautam Buddha Nagar,Deshi,1800.0,1980,1870,price_data (1).csv
2024-03-07,Tomato,1903,Dadri,9,Uttar Pradesh,141,Gautam Buddha Nagar,Deshi,1700.0,2000,1900,price_data (1).csv
2024-03-06,Tomato,2541,Dankaur,9,Uttar Pradesh,141,Gautam Buddha Nagar,Deshi,1600.0,1866,1700,price_data (1).csv
2024-03-06,Tomato,1903,Dadri,9,Uttar Pradesh,141,Gautam Buddha Nagar,Deshi,1650.0,2080,1880,price_data (1).csv
2024-03-05,Tomato,2541,Dankaur,9,Uttar Pradesh,141,Gautam Buddha Nagar,Deshi,1700.0,1900,1800,price_data (1).csv
2024-03-05,Tomato,1903,Dadri,9,Uttar Pradesh,141,Gautam Buddha Nagar,Deshi,1600.0,2000,1800,price_data (1).csv
2024-03-04,Tomato,2541,Dankaur,9,Uttar Pradesh,141,Gautam Buddha Nagar,Deshi,1700.0,1900,1850,price_data (1).csv
2024-03-03,Tomato,1903,Dadri,9,Uttar Pradesh,141,Gautam Buddha Nagar,Deshi,1600.0,2000,1800,price_data (1).csv
2024-03-02,Tomato,2541,Dankaur,9,Uttar Pradesh,141,Gautam Buddha Nagar,Deshi,1700.0,1955,1860,price_data (1).csv
2024-03-02,Tomato,1903,Dadri,9,Uttar Pradesh,141,Gautam Buddha Nagar,Deshi,1650.0,2100,1850,price_data (1).csv
2024-03-01,Tomato,2541,Dankaur,9,Uttar Pradesh,141,Gautam Buddha Nagar,Deshi,1700.0,1955,1845,price_data (1).csv
2024-02-29,Tomato,1903,Dadri,9,Uttar Pradesh,141,Gautam Buddha Nagar,Deshi,1600.0,2000,1800,price_data (1).csv
2024-02-28,Tomato,1903,Dadri,9,Uttar Pradesh,141,Gautam Buddha Nagar,Deshi,1600.0,2000,1800,price_data (1).csv
2024-02-28,Tomato,2541,Dankaur,9,Uttar Pradesh,141,Gautam Buddha Nagar,Deshi,1600.0,1940,1700,price_data (1).csv
2024-02-27,Tomato,2541,Dankaur,9,Uttar Pradesh,141,Gautam Buddha Nagar,Deshi,1600.0,1855,1720,price_data (1).csv
2024-02-26,Tomato,1903,Dadri,9,Uttar Pradesh,141,Gautam Buddha Nagar,Deshi,1550.0,1950,1750,price_data (1).csv
2024-02-26,Tomato,2541,Dankaur,9,Uttar Pradesh,141,Gautam Buddha Nagar,Deshi,1300.0,1600,1475,price_data (1).csv
2024-02-25,Tomato,1903,Dadri,9,Uttar Pradesh,141,Gautam Buddha Nagar,Deshi,1600.0,2000,1800,price_data (1).csv
2024-02-25,Tomato,2541,Dankaur,9,Uttar Pradesh,141,Gautam Buddha Nagar,Deshi,1600.0,1855,1700,price_data (1).csv
2024-02-24,Tomato,2541,Dankaur,9,Uttar Pradesh,141,Gautam Buddha Nagar,Deshi,1600.0,1855,1730,price_data (1).csv
2024-02-24,Tomato,1903,Dadri,9,Uttar Pradesh,141,Gautam Buddha Nagar,Deshi,1600.0,2000,1800,price_data (1).csv
2024-02-23,Tomato,2541,Dankaur,9,Uttar Pradesh,141,Gautam Buddha Nagar,Deshi,1655.0,1855,1780,price_data (1).csv
2024-02-23,Tomato,1903,Dadri,9,Uttar Pradesh,141,Gautam Buddha Nagar,Deshi,1500.0,1900,1750,price_data (1).csv
2024-02-22,Tomato,1903,Dadri,9,Uttar Pradesh,141,Gautam Buddha Nagar,Deshi,1550.0,1960,1720,price_data (1).csv
2024-02-22,Tomato,2541,Dankaur,9,Uttar Pradesh,141,Gautam Buddha Nagar,Deshi,1620.0,1855,1700,price_data (1).csv
2024-02-21,Tomato,1903,Dadri,9,Uttar Pradesh,141,Gautam Buddha Nagar,Deshi,1550.0,1950,1750,price_data (1).csv
2024-02-21,Tomato,2541,Dankaur,9,Uttar Pradesh,141,Gautam Buddha Nagar,Deshi,1720.0,1925,1800,price_data (1).csv
2024-02-20,Tomato,1903,Dadri,9,Uttar Pradesh,141,Gautam Buddha Nagar,Deshi,1500.0,1900,1700,price_data (1).csv
2024-02-20,Tomato,2541,Dankaur,9,Uttar Pradesh,141,Gautam Buddha Nagar,Deshi,1500.0,1750,1600,price_data (1).csv
2024-02-19,Tomato,2541,Dankaur,9,Uttar Pradesh,141,Gautam Buddha Nagar,Deshi,1525.0,1755,1655,price_data (1).csv
2024-02-18,Tomato,2541,Dankaur,9,Uttar Pradesh,141,Gautam Buddha Nagar,Deshi,1300.0,1560,1420,price_data (1).csv
2024-02-18,Tomato,1903,Dadri,9,Uttar Pradesh,141,Gautam Buddha Nagar,Deshi,1250.0,1700,1480,price_data (1).csv
2024-02-17,Tomato,1903,Dadri,9,Uttar Pradesh,141,Gautam Buddha Nagar,Deshi,1150.0,1550,1350,price_data (1).csv
2024-02-17,Tomato,2541,Dankaur,9,Uttar Pradesh,141,Gautam Buddha Nagar,Deshi,1200.0,1455,1380,price_data (1).csv
2024-02-16,Tomato,1903,Dadri,9,Uttar Pradesh,141,Gautam Buddha Nagar,Deshi,1200.0,1600,1400,price_data (1).csv
2024-02-16,Tomato,2541,Dankaur,9,Uttar Pradesh,141,Gautam Buddha Nagar,Deshi,1400.0,1655,1510,price_data (1).csv
2024-02-15,Tomato,2541,Dankaur,9,Uttar Pradesh,141,Gautam Buddha Nagar,Deshi,1400.0,1625,1500,price_data (1).csv
2024-02-15,Tomato,1903,Dadri,9,Uttar Pradesh,141,Gautam Buddha Nagar,Deshi,1200.0,1600,1400,price_data (1).csv
2024-02-14,Tomato,1903,Dadri,9,Uttar Pradesh,141,Gautam Buddha Nagar,Deshi,1250.0,1600,1450,price_data (1).csv
2024-02-14,Tomato,2541,Dankaur,9,Uttar Pradesh,141,Gautam Buddha Nagar,Deshi,1300.0,1650,1520,price_data (1).csv
2024-02-13,Tomato,2541,Dankaur,9,Uttar Pradesh,141,Gautam Buddha Nagar,Deshi,1400.0,1650,1500,price_data (1).csv
2024-02-13,Tomato,1903,Dadri,9,Uttar Pradesh,141,Gautam Buddha Nagar,Deshi,1350.0,1750,1550,price_data (1).csv
2024-02-12,Tomato,1903,Dadri,9,Uttar Pradesh,141,Gautam Buddha Nagar,Deshi,1400.0,1800,1600,price_data (1).csv
2024-02-12,Tomato,2541,Dankaur,9,Uttar Pradesh,141,Gautam Buddha Nagar,Deshi,1500.0,1700,1600,price_data (1).csv
2024-02-11,Tomato,1903,Dadri,9,Uttar Pradesh,141,Gautam Buddha Nagar,Deshi,1450.0,1850,1650,price_data (1).csv
2024-02-11,Tomato,2541,Dankaur,9,Uttar Pradesh,141,Gautam Buddha Nagar,Deshi,1500.0,1755,1620,price_data (1).csv
2024-02-10,Tomato,1903,Dadri,9,Uttar Pradesh,141,Gautam Buddha Nagar,Deshi,1500.0,1900,1700,price_data (1).csv
2024-02-10,Tomato,2541,Dankaur,9,Uttar Pradesh,141,Gautam Buddha Nagar,Deshi,1655.0,1855,1760,price_data (1).csv
2024-02-09,Tomato,1903,Dadri,9,Uttar Pradesh,141,Gautam Buddha Nagar,Deshi,1500.0,1900,1700,price_data (1).csv
2024-02-07,Tomato,2541,Dankaur,9,Uttar Pradesh,141,Gautam Buddha Nagar,Deshi,1700.0,1925,1810,price_data (1).csv
2024-02-06,Tomato,2541,Dankaur,9,Uttar Pradesh,141,Gautam Buddha Nagar,Deshi,1811.0,2100,1925,price_data (1).csv
2024-02-05,Tomato,2541,Dankaur,9,Uttar Pradesh,141,Gautam Buddha Nagar,Deshi,1800.0,2050,1900,price_data (1).csv
2024-02-05,Tomato,1903,Dadri,9,Uttar Pradesh,141,Gautam Buddha Nagar,Deshi,1700.0,2100,1900,price_data (1).csv
2024-02-04,Tomato,2541,Dankaur,9,Uttar Pradesh,141,Gautam Buddha Nagar,Deshi,1900.0,2200,2010,price_data (1).csv
2024-02-04,Tomato,1903,Dadri,9,Uttar Pradesh,141,Gautam Buddha Nagar,Deshi,1800.0,2200,2000,price_data (1).csv
2024-02-03,Tomato,2541,Dankaur,9,Uttar Pradesh,141,Gautam Buddha Nagar,Deshi,2000.0,2230,2100,price_data (1).csv
2024-02-03,Tomato,1903,Dadri,9,Uttar Pradesh,141,Gautam Buddha Nagar,Deshi,1850.0,2250,2050,price_data (1).csv
2024-02-02,Tomato,2541,Dankaur,9,Uttar Pradesh,141,Gautam Buddha Nagar,Deshi,2000.0,2230,2120,price_data (1).csv
2024-02-02,Tomato,1903,Dadri,9,Uttar Pradesh,141,Gautam Buddha Nagar,Deshi,1900.0,2300,2100,price_data (1).csv
2024-02-01,Tomato,2541,Dankaur,9,Uttar Pradesh,141,Gautam Buddha Nagar,Deshi,2000.0,2255,2155,price_data (1).csv
2024-01-31,Tomato,2541,Dankaur,9,Uttar Pradesh,141,Gautam Buddha Nagar,Deshi,2000.0,2200,2130,price_data (1).csv
2024-01-30,Tomato,1903,Dadri,9,Uttar Pradesh,141,Gautam Buddha Nagar,Deshi,1900.0,2400,2180,price_data (1).csv
2024-01-30,Tomato,2541,Dankaur,9,Uttar Pradesh,141,Gautam Buddha Nagar,Deshi,1900.0,2150,2030,price_data (1).csv
2024-01-29,Tomato,2541,Dankaur,9,Uttar Pradesh,141,Gautam Buddha Nagar,Deshi,1955.0,2165,2075,price_data (1).csv
2024-01-29,Tomato,1903,Dadri,9,Uttar Pradesh,141,Gautam Buddha Nagar,Deshi,2000.0,2450,2250,price_data (1).csv
2024-01-28,Tomato,2541,Dankaur,9,Uttar Pradesh,141,Gautam Buddha Nagar,Deshi,1900.0,2200,2050,price_data (1).csv
2024-01-28,Tomato,1903,Dadri,9,Uttar Pradesh,141,Gautam Buddha Nagar,Deshi,1900.0,2300,2100,price_data (1).csv
2024-01-27,Tomato,2541,Dankaur,9,Uttar Pradesh,141,Gautam Buddha Nagar,Deshi,1500.0,1700,1600,price_data (1).csv
2024-01-26,Tomato,2541,Dankaur,9,Uttar Pradesh,141,Gautam Buddha Nagar,Deshi,1500.0,1850,1675,price_data (1).csv
2024-01-25,Tomato,1903,Dadri,9,Uttar Pradesh,141,Gautam Buddha Nagar,Deshi,1500.0,1900,1700,price_data (1).csv
2024-01-24,Tomato,2541,Dankaur,9,Uttar Pradesh,141,Gautam Buddha Nagar,Deshi,1200.0,1400,1325,price_data (1).csv
2024-01-23,Tomato,1903,Dadri,9,Uttar Pradesh,141,Gautam Buddha Nagar,Deshi,1250.0,1650,1450,price_data (1).csv
2024-01-23,Tomato,2541,Dankaur,9,Uttar Pradesh,141,Gautam Buddha Nagar,Deshi,1230.0,1400,1300,price_data (1).csv
2024-01-22,Tomato,2541,Dankaur,9,Uttar Pradesh,141,Gautam Buddha Nagar,Deshi,1185.0,1385,1295,price_data (1).csv
2024-01-21,Tomato,2541,Dankaur,9,Uttar Pradesh,141,Gautam Buddha Nagar,Deshi,1125.0,1370,1256,price_data (1).csv
2024-01-21,Tomato,1903,Dadri,9,Uttar Pradesh,141,Gautam Buddha Nagar,Deshi,1100.0,1500,1300,price_data (1).csv
2024-01-20,Tomato,2541,Dankaur,9,Uttar Pradesh,141,Gautam Buddha Nagar,Deshi,1100.0,1375,1255,price_data (1).csv
2024-01-19,Tomato,1903,Dadri,9,Uttar Pradesh,141,Gautam Buddha Nagar,Deshi,1020.0,1400,1230,price_data (1).csv
2024-01-19,Tomato,2541,Dankaur,9,Uttar Pradesh,141,Gautam Buddha Nagar,Deshi,1105.0,1345,1200,price_data (1).csv
2024-01-18,Tomato,1903,Dadri,9,Uttar Pradesh,141,Gautam Buddha Nagar,Deshi,1050.0,1400,1230,price_data (1).csv
2024-01-18,Tomato,2541,Dankaur,9,Uttar Pradesh,141,Gautam Buddha Nagar,Deshi,1050.0,1280,1195,price_data (1).csv
2024-01-17,Tomato,1903,Dadri,9,Uttar Pradesh,141,Gautam Buddha Nagar,Deshi,1050.0,1400,1220,price_data (1).csv
2024-01-17,Tomato,2541,Dankaur,9,Uttar Pradesh,141,Gautam Buddha Nagar,Deshi,1100.0,1300,1200,price_data (1).csv
2024-01-16,Tomato,1903,Dadri,9,Uttar Pradesh,141,Gautam Buddha Nagar,Deshi,1050.0,1370,1220,price_data (1).csv
2024-01-16,Tomato,2541,Dankaur,9,Uttar Pradesh,141,Gautam Buddha Nagar,Deshi,1180.0,1400,1260,price_data (1).csv
2024-01-15,Tomato,2541,Dankaur,9,Uttar Pradesh,141,Gautam Buddha Nagar,Deshi,1100.0,1300,1200,price_data (1).csv
2024-01-15,Tomato,1903,Dadri,9,Uttar Pradesh,141,Gautam Buddha Nagar,Deshi,1050.0,1450,1250,price_data (1).csv
2024-01-14,Tomato,1903,Dadri,9,Uttar Pradesh,141,Gautam Buddha Nagar,Deshi,1050.0,1450,1250,price_data (1).csv
2024-01-13,Tomato,2541,Dankaur,9,Uttar Pradesh,141,Gautam Buddha Nagar,Deshi,1100.0,1300,1200,price_data (1).csv
2024-01-13,Tomato,1903,Dadri,9,Uttar Pradesh,141,Gautam Buddha Nagar,Deshi,1050.0,1380,1230,price_data (1).csv
2024-01-12,Tomato,1903,Dadri,9,Uttar Pradesh,141,Gautam Buddha Nagar,Deshi,1050.0,1370,1230,price_data (1).csv
2024-01-12,Tomato,2541,Dankaur,9,Uttar Pradesh,141,Gautam Buddha Nagar,Deshi,1100.0,1355,1250,price_data (1).csv
2024-01-11,Tomato,1903,Dadri,9,Uttar Pradesh,141,Gautam Buddha Nagar,Deshi,1000.0,1350,1220,price_data (1).csv
2024-01-10,Tomato,2541,Dankaur,9,Uttar Pradesh,141,Gautam Buddha Nagar,Deshi,1100.0,1450,1230,price_data (1).csv
2024-01-10,Tomato,1903,Dadri,9,Uttar Pradesh,141,Gautam Buddha Nagar,Deshi,1050.0,1350,1220,price_data (1).csv
2024-01-09,Tomato,2541,Dankaur,9,Uttar Pradesh,141,Gautam Buddha Nagar,Deshi,1200.0,1400,1300,price_data (1).csv
2024-01-08,Tomato,1903,Dadri,9,Uttar Pradesh,141,Gautam Buddha Nagar,Deshi,1200.0,1400,1300,price_data (1).csv
2024-01-08,Tomato,2541,Dankaur,9,Uttar Pradesh,141,Gautam Buddha Nagar,Deshi,1230.0,1455,1370,price_data (1).csv
2024-01-07,Tomato,2541,Dankaur,9,Uttar Pradesh,141,Gautam Buddha Nagar,Deshi,1300.0,1550,1400,price_data (1).csv
2024-01-06,Tomato,2541,Dankaur,9,Uttar Pradesh,141,Gautam Buddha Nagar,Deshi,1200.0,1450,1350,price_data (1).csv
2024-01-05,Tomato,1903,Dadri,9,Uttar Pradesh,141,Gautam Buddha Nagar,Deshi,1100.0,1500,1300,price_data (1).csv
2024-01-05,Tomato,2541,Dankaur,9,Uttar Pradesh,141,Gautam Buddha Nagar,Deshi,1130.0,1340,1240,price_data (1).csv
2024-01-04,Tomato,1903,Dadri,9,Uttar Pradesh,141,Gautam Buddha Nagar,Deshi,1050.0,1350,1220,price_data (1).csv
2024-01-03,Tomato,1903,Dadri,9,Uttar Pradesh,141,Gautam Buddha Nagar,Deshi,1000.0,1400,1200,price_data (1).csv
2024-01-03,Tomato,2541,Dankaur,9,Uttar Pradesh,141,Gautam Buddha Nagar,Deshi,1100.0,1350,1250,price_data (1).csv
2024-01-02,Tomato,1903,Dadri,9,Uttar Pradesh,141,Gautam Buddha Nagar,Deshi,1050.0,1350,1200,price_data (1).csv
2024-01-02,Tomato,2541,Dankaur,9,Uttar Pradesh,141,Gautam Buddha Nagar,Deshi,1200.0,1400,1300,price_data (1).csv
2024-01-01,Tomato,2541,Dankaur,9,Uttar Pradesh,141,Gautam Buddha Nagar,Deshi,1000.0,1300,1110,price_data (1).csv
2024-01-01,Tomato,2541,Dankaur,9,Uttar Pradesh,141,Gautam Buddha Nagar,Deshi,1000.0,1300,1110,price_data (2).csv
2023-12-31,Tomato,2541,Dankaur,9,Uttar Pradesh,141,Gautam Buddha Nagar,Deshi,1020.0,1200,1100,price_data (2).csv
2023-12-31,Tomato,1903,Dadri,9,Uttar Pradesh,141,Gautam Buddha Nagar,Deshi,1050.0,1350,1230,price_data (2).csv
2023-12-30,Tomato,1903,Dadri,9,Uttar Pradesh,141,Gautam Buddha Nagar,Deshi,1000.0,1330,1200,price_data (2).csv
2023-12-30,Tomato,2541,Dankaur,9,Uttar Pradesh,141,Gautam Buddha Nagar,Deshi,1000.0,1255,1155,price_data (2).csv
2023-12-29,Tomato,2541,Dankaur,9,Uttar Pradesh,141,Gautam Buddha Nagar,Deshi,1100.0,1300,1200,price_data (2).csv
2023-12-29,Tomato,1903,Dadri,9,Uttar Pradesh,141,Gautam Buddha Nagar,Deshi,1000.0,1320,1190,price_data (2).csv
2023-12-28,Tomato,1903,Dadri,9,Uttar Pradesh,141,Gautam Buddha Nagar,Deshi,1000.0,1350,1220,price_data (2).csv
2023-12-27,Tomato,2541,Dankaur,9,Uttar Pradesh,141,Gautam Buddha Nagar,Deshi,1100.0,1350,1200,price_data (2).csv
2023-12-27,Tomato,1903,Dadri,9,Uttar Pradesh,141,Gautam Buddha Nagar,Deshi,1000.0,1350,1200,price_data (2).csv
2023-12-26,Tomato,1903,Dadri,9,Uttar Pradesh,141,Gautam Buddha Nagar,Deshi,1000.0,1300,1200,price_data (2).csv
2023-12-26,Tomato,2541,Dankaur,9,Uttar Pradesh,141,Gautam Buddha Nagar,Deshi,1100.0,1355,1250,price_data (2).csv
2023-12-24,Tomato,2541,Dankaur,9,Uttar Pradesh,141,Gautam Buddha Nagar,Deshi,1100.0,1400,1200,price_data (2).csv
2023-12-23,Tomato,1903,Dadri,9,Uttar Pradesh,141,Gautam Buddha Nagar,Deshi,1100.0,1400,1240,price_data (2).csv
2023-12-23,Tomato,2541,Dankaur,9,Uttar Pradesh,141,Gautam Buddha Nagar,Deshi,1100.0,1350,1200,price_data (2).csv
2023-12-22,Tomato,2541,Dankaur,9,Uttar Pradesh,141,Gautam Buddha Nagar,Deshi,1100.0,1300,1240,price_data (2).csv
2023-12-22,Tomato,1903,Dadri,9,Uttar Pradesh,141,Gautam Buddha Nagar,Deshi,1040.0,1350,1240,price_data (2).csv
2023-12-21,Tomato,1903,Dadri,9,Uttar Pradesh,141,Gautam Buddha Nagar,Deshi,1020.0,1350,1220,price_data (2).csv
2023-12-20,Tomato,2541,Dankaur,9,Uttar Pradesh,141,Gautam Buddha Nagar,Deshi,1100.0,1400,1200,price_data (2).csv
2023-12-19,Tomato,2541,Dankaur,9,Uttar Pradesh,141,Gautam Buddha Nagar,Deshi,1100.0,1400,1260,price_data (2).csv
2023-12-19,Tomato,1903,Dadri,9,Uttar Pradesh,141,Gautam Buddha Nagar,Deshi,1100.0,1400,1270,price_data (2).csv
2023-12-18,Tomato,1903,Dadri,9,Uttar Pradesh,141,Gautam Buddha Nagar,Deshi,1100.0,1400,1250,price_data (2).csv
2023-12-18,Tomato,2541,Dankaur,9,Uttar Pradesh,141,Gautam Buddha Nagar,Deshi,1100.0,1350,1220,price_data (2).csv
2023-12-17,Tomato,2541,Dankaur,9,Uttar Pradesh,141,Gautam Buddha Nagar,Deshi,1100.0,1400,1260,price_data (2).csv
2023-12-16,Tomato,1903,Dadri,9,Uttar Pradesh,141,Gautam Buddha Nagar,Deshi,1100.0,1500,1300,price_data (2).csv
2023-12-16,Tomato,2541,Dankaur,9,Uttar Pradesh,141,Gautam Buddha Nagar,Deshi,1020.0,1300,1200,price_data (2).csv
2023-12-15,Tomato,1903,Dadri,9,Uttar Pradesh,141,Gautam Buddha Nagar,Deshi,1100.0,1500,1300,price_data (2).csv
2023-12-15,Tomato,2541,Dankaur,9,Uttar Pradesh,141,Gautam Buddha Nagar,Deshi,1100.0,1400,1280,price_data (2).csv
2023-12-14,Tomato,1903,Dadri,9,Uttar Pradesh,141,Gautam Buddha Nagar,Deshi,1200.0,1600,1400,price_data (2).csv
2023-12-13,Tomato,2541,Dankaur,9,Uttar Pradesh,141,Gautam Buddha Nagar,Deshi,1300.0,1600,1425,price_data (2).csv
2023-12-12,Tomato,2541,Dankaur,9,Uttar Pradesh,141,Gautam Buddha Nagar,Deshi,1400.0,1650,1500,price_data (2).csv
2023-12-12,Tomato,1903,Dadri,9,Uttar Pradesh,141,Gautam Buddha Nagar,Deshi,1450.0,1650,1550,price_data (2).csv
2023-12-11,Tomato,1903,Dadri,9,Uttar Pradesh,141,Gautam Buddha Nagar,Deshi,1550.0,1900,1750,price_data (2).csv
2023-12-11,Tomato,2541,Dankaur,9,Uttar Pradesh,141,Gautam Buddha Nagar,Deshi,1600.0,2100,1800,price_data (2).csv
2023-12-10,Tomato,2541,Dankaur,9,Uttar Pradesh,141,Gautam Buddha Nagar,Deshi,1950.0,2350,2100,price_data (2).csv
2023-12-09,Tomato,2541,Dankaur,9,Uttar Pradesh,141,Gautam Buddha Nagar,Deshi,2200.0,2700,2450,price_data (2).csv
2023-12-09,Tomato,1903,Dadri,9,Uttar Pradesh,141,Gautam Buddha Nagar,Deshi,1900.0,2300,2100,price_data (2).csv
2023-12-08,Tomato,2541,Dankaur,9,Uttar Pradesh,141,Gautam Buddha Nagar,Deshi,2400.0,2650,2500,price_data (2).csv
2023-12-06,Tomato,2541,Dankaur,9,Uttar Pradesh,141,Gautam Buddha Nagar,Deshi,2400.0,2650,2500,price_data (2).csv
2023-12-06,Tomato,1903,Dadri,9,Uttar Pradesh,141,Gautam Buddha Nagar,Deshi,2200.0,2600,2450,price_data (2).csv
2023-12-05,Tomato,2541,Dankaur,9,Uttar Pradesh,141,Gautam Buddha Nagar,Deshi,2300.0,2685,2550,price_data (2).csv
2023-12-05,Tomato,1903,Dadri,9,Uttar Pradesh,141,Gautam Buddha Nagar,Deshi,2200.0,2700,2450,price_data (2).csv
2023-12-04,Tomato,2541,Dankaur,9,Uttar Pradesh,141,Gautam Buddha Nagar,Deshi,2400.0,2600,2500,price_data (2).csv
2023-12-03,Tomato,2541,Dankaur,9,Uttar Pradesh,141,Gautam Buddha Nagar,Deshi,2300.0,2750,2550,price_data (2).csv
2023-12-03,Tomato,1903,Dadri,9,Uttar Pradesh,141,Gautam Buddha Nagar,Deshi,2250.0,2800,2550,price_data (2).csv
2023-12-02,Tomato,1903,Dadri,9,Uttar Pradesh,141,Gautam Buddha Nagar,Deshi,2250.0,2750,2550,price_data (2).csv
2023-12-02,Tomato,2541,Dankaur,9,Uttar Pradesh,141,Gautam Buddha Nagar,Deshi,2300.0,2655,2500,price_data (2).csv
2023-12-01,Tomato,2541,Dankaur,9,Uttar Pradesh,141,Gautam Buddha Nagar,Deshi,2200.0,2650,2450,price_data (2).csv
2023-11-30,Tomato,1903,Dadri,9,Uttar Pradesh,141,Gautam Buddha Nagar,Deshi,2200.0,3000,2600,price_data (2).csv
2023-11-30,Tomato,2541,Dankaur,9,Uttar Pradesh,141,Gautam Buddha Nagar,Deshi,2200.0,2600,2400,price_data (2).csv
2023-11-29,Tomato,2541,Dankaur,9,Uttar Pradesh,141,Gautam Buddha Nagar,Deshi,2300.0,2560,2475,price_data (2).csv
2023-11-29,Tomato,1903,Dadri,9,Uttar Pradesh,141,Gautam Buddha Nagar,Deshi,2200.0,2800,2550,price_data (2).csv
2023-11-28,Tomato,1903,Dadri,9,Uttar Pradesh,141,Gautam Buddha Nagar,Deshi,2300.0,2750,2550,price_data (2).csv
2023-11-28,Tomato,2541,Dankaur,9,Uttar Pradesh,141,Gautam Buddha Nagar,Deshi,2400.0,2600,2500,price_data (2).csv
2023-11-27,Tomato,1903,Dadri,9,Uttar Pradesh,141,Gautam Buddha Nagar,Deshi,2300.0,2700,2500,price_data (2).csv
2023-11-27,Tomato,2541,Dankaur,9,Uttar Pradesh,141,Gautam Buddha Nagar,Deshi,2300.0,2600,2450,price_data (2).csv
2023-11-26,Tomato,1903,Dadri,9,Uttar Pradesh,141,Gautam Buddha Nagar,Deshi,2250.0,2650,2450,price_data (2).csv
2023-11-25,Tomato,1903,Dadri,9,Uttar Pradesh,141,Gautam Buddha Nagar,Deshi,2350.0,2550,2450,price_data (2).csv
2023-11-24,Tomato,1903,Dadri,9,Uttar Pradesh,141,Gautam Buddha Nagar,Deshi,2250.0,2600,2460,price_data (2).csv
2023-11-23,Tomato,1903,Dadri,9,Uttar Pradesh,141,Gautam Buddha Nagar,Deshi,2500.0,2700,2600,price_data (2).csv
2023-11-22,Tomato,1903,Dadri,9,Uttar Pradesh,141,Gautam Buddha Nagar,Deshi,2400.0,2600,2500,price_data (2).csv
2023-11-22,Tomato,2541,Dankaur,9,Uttar Pradesh,141,Gautam Buddha Nagar,Deshi,2400.0,2600,2500,price_data (2).csv
2023-11-21,Tomato,1903,Dadri,9,Uttar Pradesh,141,Gautam Buddha Nagar,Deshi,2300.0,2700,2500,price_data (2).csv
2023-11-20,Tomato,1903,Dadri,9,Uttar Pradesh,141,Gautam Buddha Nagar,Deshi,2300.0,2700,2550,price_data (2).csv
2023-11-19,Tomato,1903,Dadri,9,Uttar Pradesh,141,Gautam Buddha Nagar,Deshi,2300.0,2600,2500,price_data (2).csv
2023-11-18,Tomato,1903,Dadri,9,Uttar Pradesh,141,Gautam Buddha Nagar,Deshi,2300.0,2600,2500,price_data (2).csv
2023-11-17,Tomato,1903,Dadri,9,Uttar Pradesh,141,Gautam Buddha Nagar,Deshi,2200.0,2500,2400,price_data (2).csv
2023-11-16,Tomato,1903,Dadri,9,Uttar Pradesh,141,Gautam Buddha Nagar,Deshi,2100.0,2450,2350,price_data (2).csv
2023-11-15,Tomato,1903,Dadri,9,Uttar Pradesh,141,Gautam Buddha Nagar,Deshi,2200.0,2550,2430,price_data (2).csv
2023-11-11,Tomato,1903,Dadri,9,Uttar Pradesh,141,Gautam Buddha Nagar,Deshi,2000.0,2200,2100,price_data (2).csv
2023-11-10,Tomato,1903,Dadri,9,Uttar Pradesh,141,Gautam Buddha Nagar,Deshi,1850.0,2050,1950,price_data (2).csv
2023-11-09,Tomato,1903,Dadri,9,Uttar Pradesh,141,Gautam Buddha Nagar,Deshi,1850.0,2050,1950,price_data (2).csv
2023-11-08,Tomato,1903,Dadri,9,Uttar Pradesh,141,Gautam Buddha Nagar,Deshi,1850.0,2050,1950,price_data (2).csv
2023-11-07,Tomato,1903,Dadri,9,Uttar Pradesh,141,Gautam Buddha Nagar,Deshi,1800.0,2000,1900,price_data (2).csv
2023-11-06,Tomato,1903,Dadri,9,Uttar Pradesh,141,Gautam Buddha Nagar,Deshi,1780.0,2000,1880,price_data (2).csv
2023-11-03,Tomato,1903,Dadri,9,Uttar Pradesh,141,Gautam Buddha Nagar,Deshi,1700.0,1900,1800,price_data (2).csv
2023-10-31,Tomato,1903,Dadri,9,Uttar Pradesh,141,Gautam Buddha Nagar,Deshi,1480.0,1700,1580,price_data (2).csv
2023-10-30,Tomato,1903,Dadri,9,Uttar Pradesh,141,Gautam Buddha Nagar,Deshi,1450.0,1650,1550,price_data (2).csv
2023-10-29,Tomato,1903,Dadri,9,Uttar Pradesh,141,Gautam Buddha Nagar,Deshi,1480.0,1700,1580,price_data (2).csv
2023-10-28,Tomato,1903,Dadri,9,Uttar Pradesh,141,Gautam Buddha Nagar,Deshi,1400.0,1600,1500,price_data (2).csv
2023-10-27,Tomato,1903,Dadri,9,Uttar Pradesh,141,Gautam Buddha Nagar,Deshi,1300.0,1500,1380,price_data (2).csv
2023-10-26,Tomato,1903,Dadri,9,Uttar Pradesh,141,Gautam Buddha Nagar,Deshi,1130.0,1330,1230,price_data (2).csv
2023-10-25,Tomato,1903,Dadri,9,Uttar Pradesh,141,Gautam Buddha Nagar,Deshi,1100.0,1300,1200,price_data (2).csv
2023-10-23,Tomato,1903,Dadri,9,Uttar Pradesh,141,Gautam Buddha Nagar,Deshi,1100.0,1300,1200,price_data (2).csv
2023-10-22,Tomato,1903,Dadri,9,Uttar Pradesh,141,Gautam Buddha Nagar,Deshi,1100.0,1300,1200,price_data (2).csv
2023-10-21,Tomato,1903,Dadri,9,Uttar Pradesh,141,Gautam Buddha Nagar,Deshi,1100.0,1300,1200,price_data (2).csv
2023-10-20,Tomato,1903,Dadri,9,Uttar Pradesh,141,Gautam Buddha Nagar,Deshi,1080.0,1280,1180,price_data (2).csv
2023-10-19,Tomato,1903,Dadri,9,Uttar Pradesh,141,Gautam Buddha Nagar,Deshi,1050.0,1250,1150,price_data (2).csv
2023-10-17,Tomato,1903,Dadri,9,Uttar Pradesh,141,Gautam Buddha Nagar,Deshi,1050.0,1250,1150,price_data (2).csv
2023-10-16,Tomato,1903,Dadri,9,Uttar Pradesh,141,Gautam Buddha Nagar,Deshi,1050.0,1270,1170,price_data (2).csv
2023-10-15,Tomato,1903,Dadri,9,Uttar Pradesh,141,Gautam Buddha Nagar,Deshi,1050.0,1250,1150,price_data (2).csv
2023-10-14,Tomato,1903,Dadri,9,Uttar Pradesh,141,Gautam Buddha Nagar,Deshi,1050.0,1250,1150,price_data (2).csv
2023-10-12,Tomato,1903,Dadri,9,Uttar Pradesh,141,Gautam Buddha Nagar,Deshi,1120.0,1320,1220,price_data (2).csv
2023-10-11,Tomato,1903,Dadri,9,Uttar Pradesh,141,Gautam Buddha Nagar,Deshi,1100.0,1300,1200,price_data (2).csv
2023-10-10,Tomato,1903,Dadri,9,Uttar Pradesh,141,Gautam Buddha Nagar,Deshi,1100.0,1300,1200,price_data (2).csv
2023-10-09,Tomato,1903,Dadri,9,Uttar Pradesh,141,Gautam Buddha Nagar,Deshi,1130.0,1330,1230,price_data (2).csv
2023-10-08,Tomato,1903,Dadri,9,Uttar Pradesh,141,Gautam Buddha Nagar,Deshi,1120.0,1320,1220,price_data (2).csv
2023-10-07,Tomato,1903,Dadri,9,Uttar Pradesh,141,Gautam Buddha Nagar,Deshi,1120.0,1330,1220,price_data (2).csv
2023-10-06,Tomato,1903,Dadri,9,Uttar Pradesh,141,Gautam Buddha Nagar,Deshi,1150.0,1350,1250,price_data (2).csv
2023-10-05,Tomato,1903,Dadri,9,Uttar Pradesh,141,Gautam Buddha Nagar,Deshi,1120.0,1330,1220,price_data (2).csv
2023-10-04,Tomato,1903,Dadri,9,Uttar Pradesh,141,Gautam Buddha Nagar,Deshi,1140.0,1340,1240,price_data (2).csv
2023-10-03,Tomato,1903,Dadri,9,Uttar Pradesh,141,Gautam Buddha Nagar,Deshi,1150.0,1350,1250,price_data (2).csv
2023-10-02,Tomato,1903,Dadri,9,Uttar Pradesh,141,Gautam Buddha Nagar,Deshi,1150.0,1350,1250,price_data (2).csv
2023-09-30,Tomato,1903,Dadri,9,Uttar Pradesh,141,Gautam Buddha Nagar,Deshi,1200.0,1380,1280,price_data (2).csv
2023-09-29,Tomato,1903,Dadri,9,Uttar Pradesh,141,Gautam Buddha Nagar,Deshi,1200.0,1400,1300,price_data (2).csv
2023-09-28,Tomato,1903,Dadri,9,Uttar Pradesh,141,Gautam Buddha Nagar,Deshi,1200.0,1400,1300,price_data (2).csv
2023-09-27,Tomato,1903,Dadri,9,Uttar Pradesh,141,Gautam Buddha Nagar,Deshi,1250.0,1450,1350,price_data (2).csv
2023-09-26,Tomato,1903,Dadri,9,Uttar Pradesh,141,Gautam Buddha Nagar,Deshi,1200.0,1400,1300,price_data (2).csv
2023-09-25,Tomato,1903,Dadri,9,Uttar Pradesh,141,Gautam Buddha Nagar,Deshi,1200.0,1400,1300,price_data (2).csv
2023-09-24,Tomato,1903,Dadri,9,Uttar Pradesh,141,Gautam Buddha Nagar,Deshi,1250.0,1450,1350,price_data (2).csv
2023-09-22,Tomato,1903,Dadri,9,Uttar Pradesh,141,Gautam Buddha Nagar,Deshi,1300.0,1500,1400,price_data (2).csv
2023-09-21,Tomato,1903,Dadri,9,Uttar Pradesh,141,Gautam Buddha Nagar,Deshi,1270.0,1500,1380,price_data (2).csv
2023-09-19,Tomato,1903,Dadri,9,Uttar Pradesh,141,Gautam Buddha Nagar,Deshi,1300.0,1500,1400,price_data (2).csv
2023-09-18,Tomato,1903,Dadri,9,Uttar Pradesh,141,Gautam Buddha Nagar,Deshi,1330.0,1570,1450,price_data (2).csv
2023-09-17,Tomato,1903,Dadri,9,Uttar Pradesh,141,Gautam Buddha Nagar,Deshi,1300.0,1550,1430,price_data (2).csv
2023-09-16,Tomato,1903,Dadri,9,Uttar Pradesh,141,Gautam Buddha Nagar,Deshi,1300.0,1550,1430,price_data (2).csv
2023-09-15,Tomato,1903,Dadri,9,Uttar Pradesh,141,Gautam Buddha Nagar,Deshi,1350.0,1550,1450,price_data (2).csv
2023-09-13,Tomato,1903,Dadri,9,Uttar Pradesh,141,Gautam Buddha Nagar,Deshi,1350.0,1600,1480,price_data (2).csv
2023-09-12,Tomato,1903,Dadri,9,Uttar Pradesh,141,Gautam Buddha Nagar,Deshi,1400.0,1600,1500,price_data (2).csv
2023-09-11,Tomato,1903,Dadri,9,Uttar Pradesh,141,Gautam Buddha Nagar,Deshi,1450.0,1700,1580,price_data (2).csv
2023-09-10,Tomato,1903,Dadri,9,Uttar Pradesh,141,Gautam Buddha Nagar,Deshi,1600.0,1800,1700,price_data (2).csv
2023-09-09,Tomato,1903,Dadri,9,Uttar Pradesh,141,Gautam Buddha Nagar,Deshi,1650.0,1900,1760,price_data (2).csv
2023-09-08,Tomato,1903,Dadri,9,Uttar Pradesh,141,Gautam Buddha Nagar,Deshi,1900.0,2100,2000,price_data (2).csv
2023-09-07,Tomato,1903,Dadri,9,Uttar Pradesh,141,Gautam Buddha Nagar,Deshi,1930.0,2150,2030,price_data (2).csv
2023-09-06,Tomato,1903,Dadri,9,Uttar Pradesh,141,Gautam Buddha Nagar,Deshi,2100.0,2300,2200,price_data (2).csv
2023-09-05,Tomato,1903,Dadri,9,Uttar Pradesh,141,Gautam Buddha Nagar,Deshi,2200.0,2440,2300,price_data (2).csv
2023-09-03,Tomato,1903,Dadri,9,Uttar Pradesh,141,Gautam Buddha Nagar,Deshi,2350.0,2600,2470,price_data (2).csv
2023-09-02,Tomato,1903,Dadri,9,Uttar Pradesh,141,Gautam Buddha Nagar,Deshi,2450.0,2700,2550,price_data (2).csv
2023-08-31,Tomato,1903,Dadri,9,Uttar Pradesh,141,Gautam Buddha Nagar,Deshi,2500.0,2700,2600,price_data (2).csv
2023-08-31,Tomato,1903,Dadri,9,Uttar Pradesh,141,Gautam Buddha Nagar,Hybrid,2600.0,2800,2700,price_data (2).csv
2023-08-25,Tomato,1903,Dadri,9,Uttar Pradesh,141,Gautam Buddha Nagar,Deshi,2900.0,3200,3050,price_data (2).csv
2023-08-24,Tomato,1903,Dadri,9,Uttar Pradesh,141,Gautam Buddha Nagar,Deshi,2950.0,3300,3100,price_data (2).csv
2023-08-23,Tomato,1903,Dadri,9,Uttar Pradesh,141,Gautam Buddha Nagar,Hybrid,3100.0,3500,3300,price_data (2).csv
2023-08-23,Tomato,1903,Dadri,9,Uttar Pradesh,141,Gautam Buddha Nagar,Deshi,3000.0,3400,3200,price_data (2).csv
2023-08-22,Tomato,1903,Dadri,9,Uttar Pradesh,141,Gautam Buddha Nagar,Deshi,3200.0,3600,3400,price_data (2).csv
2023-08-22,Tomato,1903,Dadri,9,Uttar Pradesh,141,Gautam Buddha Nagar,Hybrid,3300.0,3700,3500,price_data (2).csv
2023-08-21,Tomato,1903,Dadri,9,Uttar Pradesh,141,Gautam Buddha Nagar,Deshi,3900.0,4100,4000,price_data (2).csv
2023-08-20,Tomato,1903,Dadri,9,Uttar Pradesh,141,Gautam Buddha Nagar,Hybrid,4400.0,4700,4500,price_data (2).csv
2023-08-20,Tomato,1903,Dadri,9,Uttar Pradesh,141,Gautam Buddha Nagar,Deshi,4300.0,4600,4400,price_data (2).csv
2023-08-18,Tomato,1903,Dadri,9,Uttar Pradesh,141,Gautam Buddha Nagar,Hybrid,4800.0,5100,4960,price_data (2).csv
2023-08-18,Tomato,1903,Dadri,9,Uttar Pradesh,141,Gautam Buddha Nagar,Deshi,4700.0,5000,4860,price_data (2).csv
2023-08-17,Tomato,1903,Dadri,9,Uttar Pradesh,141,Gautam Buddha Nagar,Hybrid,4900.0,5300,5100,price_data (2).csv
2023-08-17,Tomato,1903,Dadri,9,Uttar Pradesh,141,Gautam Buddha Nagar,Deshi,4800.0,5200,5000,price_data (2).csv
2023-08-16,Tomato,1903,Dadri,9,Uttar Pradesh,141,Gautam Buddha Nagar,Deshi,5100.0,5500,5300,price_data (2).csv
2023-08-16,Tomato,1903,Dadri,9,Uttar Pradesh,141,Gautam Buddha Nagar,Hybrid,5200.0,5600,5400,price_data (2).csv
2023-08-14,Tomato,1903,Dadri,9,Uttar Pradesh,141,Gautam Buddha Nagar,Hybrid,5800.0,6200,6000,price_data (2).csv
2023-07-30,Tomato,1903,Dadri,9,Uttar Pradesh,141,Gautam Buddha Nagar,Hybrid,7000.0,7400,7200,price_data (2).csv
2023-07-30,Tomato,1903,Dadri,9,Uttar Pradesh,141,Gautam Buddha Nagar,Deshi,6800.0,7200,7000,price_data (2).csv
2023-07-29,Tomato,1903,Dadri,9,Uttar Pradesh,141,Gautam Buddha Nagar,Deshi,6600.0,7000,6800,price_data (2).csv
2023-07-29,Tomato,1903,Dadri,9,Uttar Pradesh,141,Gautam Buddha Nagar,Hybrid,6800.0,7200,7000,price_data (2).csv
2023-07-28,Tomato,1903,Dadri,9,Uttar Pradesh,141,Gautam Buddha Nagar,Hybrid,6800.0,7200,7000,price_data (2).csv
2023-07-28,Tomato,1903,Dadri,9,Uttar Pradesh,141,Gautam Buddha Nagar,Deshi,6600.0,7000,6800,price_data (2).csv
2023-07-27,Tomato,1903,Dadri,9,Uttar Pradesh,141,Gautam Buddha Nagar,Hybrid,6700.0,7100,6850,price_data (2).csv
2023-07-27,Tomato,1903,Dadri,9,Uttar Pradesh,141,Gautam Buddha Nagar,Deshi,6600.0,7000,6750,price_data (2).csv
2023-07-26,Tomato,1903,Dadri,9,Uttar Pradesh,141,Gautam Buddha Nagar,Deshi,6100.0,6400,6200,price_data (2).csv
2023-07-26,Tomato,1903,Dadri,9,Uttar Pradesh,141,Gautam Buddha Nagar,Hybrid,6250.0,6650,6450,price_data (2).csv
2023-07-25,Tomato,1903,Dadri,9,Uttar Pradesh,141,Gautam Buddha Nagar,Deshi,5800.0,6200,6000,price_data (2).csv
2023-07-25,Tomato,1903,Dadri,9,Uttar Pradesh,141,Gautam Buddha Nagar,Hybrid,5900.0,6300,6100,price_data (2).csv
2023-07-24,Tomato,1903,Dadri,9,Uttar Pradesh,141,Gautam Buddha Nagar,Deshi,5600.0,5900,5750,price_data (2).csv
2023-07-24,Tomato,1903,Dadri,9,Uttar Pradesh,141,Gautam Buddha Nagar,Hybrid,5700.0,6100,5850,price_data (2).csv
2023-07-23,Tomato,1903,Dadri,9,Uttar Pradesh,141,Gautam Buddha Nagar,Deshi,5650.0,5850,5750,price_data (2).csv
2023-07-22,Tomato,1903,Dadri,9,Uttar Pradesh,141,Gautam Buddha Nagar,Hybrid,5400.0,5800,5600,price_data (2).csv
2023-07-22,Tomato,1903,Dadri,9,Uttar Pradesh,141,Gautam Buddha Nagar,Deshi,5300.0,5600,5500,price_data (2).csv
2023-07-21,Tomato,1903,Dadri,9,Uttar Pradesh,141,Gautam Buddha Nagar,Deshi,5800.0,6100,5900,price_data (2).csv
2023-07-21,Tomato,1903,Dadri,9,Uttar Pradesh,141,Gautam Buddha Nagar,Hybrid,5900.0,6400,6100,price_data (2).csv
2023-07-18,Tomato,1903,Dadri,9,Uttar Pradesh,141,Gautam Buddha Nagar,Deshi,6800.0,7200,7000,price_data (2).csv
2023-07-18,Tomato,1903,Dadri,9,Uttar Pradesh,141,Gautam Buddha Nagar,Hybrid,7000.0,7300,7100,price_data (2).csv
2023-07-17,Tomato,1903,Dadri,9,Uttar Pradesh,141,Gautam Buddha Nagar,Deshi,7000.0,7400,7300,price_data (2).csv
2023-07-17,Tomato,1903,Dadri,9,Uttar Pradesh,141,Gautam Buddha Nagar,Hybrid,7200.0,7600,7400,price_data (2).csv
2023-07-16,Tomato,1903,Dadri,9,Uttar Pradesh,141,Gautam Buddha Nagar,Hybrid,7400.0,8000,7500,price_data (2).csv
2023-07-16,Tomato,1903,Dadri,9,Uttar Pradesh,141,Gautam Buddha Nagar,Deshi,7200.0,7500,7400,price_data (2).csv
2023-07-15,Tomato,1903,Dadri,9,Uttar Pradesh,141,Gautam Buddha Nagar,Hybrid,7100.0,7500,7300,price_data (2).csv
2023-07-15,Tomato,1903,Dadri,9,Uttar Pradesh,141,Gautam Buddha Nagar,Deshi,7000.0,7300,7200,price_data (2).csv
2023-07-14,Tomato,1903,Dadri,9,Uttar Pradesh,141,Gautam Buddha Nagar,Hybrid,7280.0,7580,7480,price_data (2).csv
2023-07-14,Tomato,1903,Dadri,9,Uttar Pradesh,141,Gautam Buddha Nagar,Deshi,7180.0,7480,7380,price_data (2).csv
2023-07-13,Tomato,1903,Dadri,9,Uttar Pradesh,141,Gautam Buddha Nagar,Hybrid,7280.0,7580,7480,price_data (2).csv
2023-07-13,Tomato,1903,Dadri,9,Uttar Pradesh,141,Gautam Buddha Nagar,Deshi,7180.0,7480,7380,price_data (2).csv
2023-07-12,Tomato,1903,Dadri,9,Uttar Pradesh,141,Gautam Buddha Nagar,Deshi,6480.0,6700,6580,price_data (2).csv
2023-07-11,Tomato,1903,Dadri,9,Uttar Pradesh,141,Gautam Buddha Nagar,Deshi,6400.0,6600,6500,price_data (2).csv
2023-07-10,Tomato,1903,Dadri,9,Uttar Pradesh,141,Gautam Buddha Nagar,Deshi,6430.0,6630,6530,price_data (2).csv
2023-07-09,Tomato,1903,Dadri,9,Uttar Pradesh,141,Gautam Buddha Nagar,Deshi,6200.0,6400,6300,price_data (2).csv
2023-07-07,Tomato,1903,Dadri,9,Uttar Pradesh,141,Gautam Buddha Nagar,Deshi,6100.0,6350,6200,price_data (2).csv
2023-07-06,Tomato,1903,Dadri,9,Uttar Pradesh,141,Gautam Buddha Nagar,Deshi,6100.0,6300,6200,price_data (2).csv
2023-07-04,Tomato,1903,Dadri,9,Uttar Pradesh,141,Gautam Buddha Nagar,Deshi,5600.0,5800,5700,price_data (2).csv
2023-07-02,Tomato,1903,Dadri,9,Uttar Pradesh,141,Gautam Buddha Nagar,Deshi,4350.0,4650,4450,price_data (2).csv
2023-06-29,Tomato,1903,Dadri,9,Uttar Pradesh,141,Gautam Buddha Nagar,Deshi,3780.0,4000,3880,price_data (2).csv
2023-06-28,Tomato,1903,Dadri,9,Uttar Pradesh,141,Gautam Buddha Nagar,Deshi,2730.0,2950,2830,price_data (2).csv
2023-06-25,Tomato,1903,Dadri,9,Uttar Pradesh,141,Gautam Buddha Nagar,Deshi,1670.0,1850,1750,price_data (2).csv
2023-06-24,Tomato,1903,Dadri,9,Uttar Pradesh,141,Gautam Buddha Nagar,Deshi,1430.0,1580,1500,price_data (2).csv
2023-06-23,Tomato,1903,Dadri,9,Uttar Pradesh,141,Gautam Buddha Nagar,Deshi,1320.0,1480,1400,price_data (2).csv
2023-06-22,Tomato,1903,Dadri,9,Uttar Pradesh,141,Gautam Buddha Nagar,Deshi,1220.0,1380,1300,price_data (2).csv
2023-06-20,Tomato,1903,Dadri,9,Uttar Pradesh,141,Gautam Buddha Nagar,Deshi,950.0,1150,1050,price_data (2).csv
2023-06-19,Tomato,1903,Dadri,9,Uttar Pradesh,141,Gautam Buddha Nagar,Deshi,950.0,1150,1050,price_data (2).csv
2023-06-18,Tomato,1903,Dadri,9,Uttar Pradesh,141,Gautam Buddha Nagar,Deshi,920.0,1100,1000,price_data (2).csv
2023-06-17,Tomato,1903,Dadri,9,Uttar Pradesh,141,Gautam Buddha Nagar,Deshi,820.0,980,900,price_data (2).csv
2023-06-16,Tomato,1903,Dadri,9,Uttar Pradesh,141,Gautam Buddha Nagar,Deshi,800.0,950,880,price_data (2).csv
2023-06-15,Tomato,1903,Dadri,9,Uttar Pradesh,141,Gautam Buddha Nagar,Deshi,770.0,950,860,price_data (2).csv
2023-06-14,Tomato,1903,Dadri,9,Uttar Pradesh,141,Gautam Buddha Nagar,Deshi,770.0,930,850,price_data (2).csv
2023-06-13,Tomato,1903,Dadri,9,Uttar Pradesh,141,Gautam Buddha Nagar,Deshi,770.0,930,850,price_data (2).csv
2023-06-12,Tomato,1903,Dadri,9,Uttar Pradesh,141,Gautam Buddha Nagar,Deshi,780.0,950,870,price_data (2).csv
2023-06-11,Tomato,1903,Dadri,9,Uttar Pradesh,141,Gautam Buddha Nagar,Deshi,750.0,900,820,price_data (2).csv
2023-06-10,Tomato,1903,Dadri,9,Uttar Pradesh,141,Gautam Buddha Nagar,Deshi,770.0,930,850,price_data (2).csv
2023-06-09,Tomato,1903,Dadri,9,Uttar Pradesh,141,Gautam Buddha Nagar,Deshi,740.0,900,820,price_data (2).csv
2023-06-08,Tomato,1903,Dadri,9,Uttar Pradesh,141,Gautam Buddha Nagar,Deshi,740.0,900,820,price_data (2).csv
2023-06-07,Tomato,1903,Dadri,9,Uttar Pradesh,141,Gautam Buddha Nagar,Deshi,720.0,880,800,price_data (2).csv
2023-06-06,Tomato,1903,Dadri,9,Uttar Pradesh,141,Gautam Buddha Nagar,Deshi,740.0,900,820,price_data (2).csv
2023-06-05,Tomato,1903,Dadri,9,Uttar Pradesh,141,Gautam Buddha Nagar,Deshi,720.0,880,800,price_data (2).csv
2023-06-04,Tomato,1903,Dadri,9,Uttar Pradesh,141,Gautam Buddha Nagar,Deshi,750.0,920,830,price_data (2).csv
2023-06-03,Tomato,1903,Dadri,9,Uttar Pradesh,141,Gautam Buddha Nagar,Deshi,740.0,900,820,price_data (2).csv
2023-06-02,Tomato,1903,Dadri,9,Uttar Pradesh,141,Gautam Buddha Nagar,Deshi,750.0,920,830,price_data (2).csv
2023-05-31,Tomato,1903,Dadri,9,Uttar Pradesh,141,Gautam Buddha Nagar,Deshi,770.0,930,850,price_data (2).csv
2023-05-30,Tomato,1903,Dadri,9,Uttar Pradesh,141,Gautam Buddha Nagar,Deshi,760.0,920,840,price_data (2).csv
2023-05-29,Tomato,1903,Dadri,9,Uttar Pradesh,141,Gautam Buddha Nagar,Deshi,760.0,930,850,price_data (2).csv
2023-05-28,Tomato,1903,Dadri,9,Uttar Pradesh,141,Gautam Buddha Nagar,Deshi,760.0,930,850,price_data (2).csv
2023-05-26,Tomato,1903,Dadri,9,Uttar Pradesh,141,Gautam Buddha Nagar,Deshi,820.0,980,900,price_data (2).csv
2023-05-25,Tomato,1903,Dadri,9,Uttar Pradesh,141,Gautam Buddha Nagar,Deshi,840.0,1000,910,price_data (2).csv
2023-05-23,Tomato,1903,Dadri,9,Uttar Pradesh,141,Gautam Buddha Nagar,Deshi,880.0,1040,960,price_data (2).csv
2023-05-22,Tomato,1903,Dadri,9,Uttar Pradesh,141,Gautam Buddha Nagar,Deshi,900.0,1070,980,price_data (2).csv
2023-05-20,Tomato,2541,Dankaur,9,Uttar Pradesh,141,Gautam Buddha Nagar,Deshi,900.0,1150,1070,price_data (2).csv
2023-05-20,Tomato,1903,Dadri,9,Uttar Pradesh,141,Gautam Buddha Nagar,Deshi,930.0,1100,1020,price_data (2).csv
2023-05-19,Tomato,1903,Dadri,9,Uttar Pradesh,141,Gautam Buddha Nagar,Deshi,950.0,1120,1040,price_data (2).csv
2023-05-19,Tomato,2541,Dankaur,9,Uttar Pradesh,141,Gautam Buddha Nagar,Deshi,900.0,1150,1040,price_data (2).csv
2023-05-18,Tomato,1903,Dadri,9,Uttar Pradesh,141,Gautam Buddha Nagar,Deshi,940.0,1120,1030,price_data (2).csv
2023-05-17,Tomato,1903,Dadri,9,Uttar Pradesh,141,Gautam Buddha Nagar,Deshi,940.0,1120,1030,price_data (2).csv
2023-05-17,Tomato,2541,Dankaur,9,Uttar Pradesh,141,Gautam Buddha Nagar,Deshi,980.0,1125,1030,price_data (2).csv
2023-05-16,Tomato,1903,Dadri,9,Uttar Pradesh,141,Gautam Buddha Nagar,Deshi,970.0,1130,1050,price_data (2).csv
2023-05-16,Tomato,2541,Dankaur,9,Uttar Pradesh,141,Gautam Buddha Nagar,Deshi,900.0,1185,1070,price_data (2).csv
2023-05-15,Tomato,1903,Dadri,9,Uttar Pradesh,141,Gautam Buddha Nagar,Deshi,950.0,1150,1050,price_data (2).csv
2023-05-15,Tomato,2541,Dankaur,9,Uttar Pradesh,141,Gautam Buddha Nagar,Deshi,900.0,1155,1050,price_data (2).csv
2023-05-14,Tomato,2541,Dankaur,9,Uttar Pradesh,141,Gautam Buddha Nagar,Deshi,900.0,1155,1020,price_data (2).csv
2023-05-14,Tomato,1903,Dadri,9,Uttar Pradesh,141,Gautam Buddha Nagar,Deshi,980.0,1150,1060,price_data (2).csv
2023-05-13,Tomato,1903,Dadri,9,Uttar Pradesh,141,Gautam Buddha Nagar,Deshi,950.0,1150,1050,price_data (2).csv
2023-05-13,Tomato,2541,Dankaur,9,Uttar Pradesh,141,Gautam Buddha Nagar,Deshi,900.0,1155,1080,price_data (2).csv
2023-05-12,Tomato,2541,Dankaur,9,Uttar Pradesh,141,Gautam Buddha Nagar,Deshi,900.0,1150,1000,price_data (2).csv
2023-05-12,Tomato,1903,Dadri,9,Uttar Pradesh,141,Gautam Buddha Nagar,Deshi,930.0,1100,1010,price_data (2).csv
2023-05-10,Tomato,2541,Dankaur,9,Uttar Pradesh,141,Gautam Buddha Nagar,Deshi,900.0,1155,1020,price_data (2).csv
2023-05-09,Tomato,1903,Dadri,9,Uttar Pradesh,141,Gautam Buddha Nagar,Deshi,880.0,1060,965,price_data (2).csv
2023-05-09,Tomato,2541,Dankaur,9,Uttar Pradesh,141,Gautam Buddha Nagar,Deshi,800.0,1100,900,price_data (2).csv
2023-05-08,Tomato,2541,Dankaur,9,Uttar Pradesh,141,Gautam Buddha Nagar,Deshi,800.0,1050,990,price_data (2).csv
2023-05-08,Tomato,1903,Dadri,9,Uttar Pradesh,141,Gautam Buddha Nagar,Deshi,900.0,1070,970,price_data (2).csv
2023-05-07,Tomato,1903,Dadri,9,Uttar Pradesh,141,Gautam Buddha Nagar,Deshi,870.0,1070,970,price_data (2).csv
2023-05-07,Tomato,2541,Dankaur,9,Uttar Pradesh,141,Gautam Buddha Nagar,Deshi,820.0,1050,970,price_data (2).csv
2023-05-06,Tomato,2541,Dankaur,9,Uttar Pradesh,141,Gautam Buddha Nagar,Deshi,800.0,1020,920,price_data (2).csv
2023-05-05,Tomato,1903,Dadri,9,Uttar Pradesh,141,Gautam Buddha Nagar,Deshi,870.0,1040,950,price_data (2).csv
2023-05-05,Tomato,2541,Dankaur,9,Uttar Pradesh,141,Gautam Buddha Nagar,Deshi,800.0,1050,940,price_data (2).csv
2023-05-04,Tomato,1903,Dadri,9,Uttar Pradesh,141,Gautam Buddha Nagar,Deshi,860.0,1030,950,price_data (2).csv
2023-05-03,Tomato,2541,Dankaur,9,Uttar Pradesh,141,Gautam Buddha Nagar,Deshi,800.0,1100,920,price_data (2).csv
2023-05-02,Tomato,2541,Dankaur,9,Uttar Pradesh,141,Gautam Buddha Nagar,Deshi,900.0,1100,940,price_data (2).csv
2023-05-02,Tomato,1903,Dadri,9,Uttar Pradesh,141,Gautam Buddha Nagar,Deshi,870.0,1030,950,price_data (2).csv
2023-05-02,Tomato,1903,Dadri,9,Uttar Pradesh,141,Gautam Buddha Nagar,Hybrid,940.0,1100,1020,price_data (2).csv
2023-05-01,Tomato,2541,Dankaur,9,Uttar Pradesh,141,Gautam Buddha Nagar,Deshi,900.0,1050,970,price_data (2).csv
2023-04-30,Tomato,2541,Dankaur,9,Uttar Pradesh,141,Gautam Buddha Nagar,Deshi,800.0,1050,950,price_data (2).csv
2023-04-30,Tomato,1903,Dadri,9,Uttar Pradesh,141,Gautam Buddha Nagar,Hybrid,950.0,1120,1030,price_data (2).csv
2023-04-30,Tomato,1903,Dadri,9,Uttar Pradesh,141,Gautam Buddha Nagar,Deshi,880.0,1040,960,price_data (2).csv
2023-04-29,Tomato,1903,Dadri,9,Uttar Pradesh,141,Gautam Buddha Nagar,Hybrid,900.0,1080,1000,price_data (2).csv
2023-04-29,Tomato,1903,Dadri,9,Uttar Pradesh,141,Gautam Buddha Nagar,Deshi,850.0,1020,930,price_data (2).csv
2023-04-29,Tomato,2541,Dankaur,9,Uttar Pradesh,141,Gautam Buddha Nagar,Deshi,800.0,1020,900,price_data (2).csv
2023-04-28,Tomato,1903,Dadri,9,Uttar Pradesh,141,Gautam Buddha Nagar,Deshi,860.0,1030,950,price_data (2).csv
2023-04-28,Tomato,1903,Dadri,9,Uttar Pradesh,141,Gautam Buddha Nagar,Hybrid,930.0,1100,1020,price_data (2).csv
2023-04-28,Tomato,2541,Dankaur,9,Uttar Pradesh,141,Gautam Buddha Nagar,Deshi,800.0,1100,950,price_data (2).csv
2023-04-27,Tomato,1903,Dadri,9,Uttar Pradesh,141,Gautam Buddha Nagar,Hybrid,950.0,1130,1040,price_data (2).csv
2023-04-27,Tomato,1903,Dadri,9,Uttar Pradesh,141,Gautam Buddha Nagar,Deshi,870.0,1050,970,price_data (2).csv
2023-04-26,Tomato,2541,Dankaur,9,Uttar Pradesh,141,Gautam Buddha Nagar,Deshi,1000.0,1200,1100,price_data (2).csv
2023-04-25,Tomato,1903,Dadri,9,Uttar Pradesh,141,Gautam Buddha Nagar,Deshi,980.0,1150,1070,price_data (2).csv
2023-04-25,Tomato,1903,Dadri,9,Uttar Pradesh,141,Gautam Buddha Nagar,Hybrid,1060.0,1230,1150,price_data (2).csv
2023-04-25,Tomato,2541,Dankaur,9,Uttar Pradesh,141,Gautam Buddha Nagar,Deshi,1100.0,1400,1200,price_data (2).csv
2023-04-24,Tomato,1903,Dadri,9,Uttar Pradesh,141,Gautam Buddha Nagar,Deshi,930.0,1120,1030,price_data (2).csv
2023-04-24,Tomato,2541,Dankaur,9,Uttar Pradesh,141,Gautam Buddha Nagar,Deshi,1100.0,1355,1235,price_data (2).csv
2023-04-24,Tomato,1903,Dadri,9,Uttar Pradesh,141,Gautam Buddha Nagar,Hybrid,1000.0,1200,1100,price_data (2).csv
2023-04-23,Tomato,1903,Dadri,9,Uttar Pradesh,141,Gautam Buddha Nagar,Hybrid,1000.0,1200,1100,price_data (2).csv
2023-04-23,Tomato,2541,Dankaur,9,Uttar Pradesh,141,Gautam Buddha Nagar,Deshi,1100.0,1300,1200,price_data (2).csv
2023-04-23,Tomato,1903,Dadri,9,Uttar Pradesh,141,Gautam Buddha Nagar,Deshi,930.0,1100,1020,price_data (2).csv
2023-04-22,Tomato,1903,Dadri,9,Uttar Pradesh,141,Gautam Buddha Nagar,Deshi,930.0,1100,1020,price_data (2).csv
2023-04-22,Tomato,2541,Dankaur,9,Uttar Pradesh,141,Gautam Buddha Nagar,Deshi,1100.0,1355,1250,price_data (2).csv
2023-04-22,Tomato,1903,Dadri,9,Uttar Pradesh,141,Gautam Buddha Nagar,Hybrid,1000.0,1180,1100,price_data (2).csv
2023-04-21,Tomato,2541,Dankaur,9,Uttar Pradesh,141,Gautam Buddha Nagar,Deshi,1100.0,1400,1230,price_data (2).csv
2023-04-21,Tomato,1903,Dadri,9,Uttar Pradesh,141,Gautam Buddha Nagar,Deshi,950.0,1130,1050,price_data (2).csv
2023-04-21,Tomato,1903,Dadri,9,Uttar Pradesh,141,Gautam Buddha Nagar,Hybrid,1020.0,1200,1120,price_data (2).csv
2023-04-20,Tomato,1903,Dadri,9,Uttar Pradesh,141,Gautam Buddha Nagar,Hybrid,1180.0,1350,1260,price_data (2).csv
2023-04-20,Tomato,1903,Dadri,9,Uttar Pradesh,141,Gautam Buddha Nagar,Deshi,1100.0,1280,1190,price_data (2).csv
2023-04-19,Tomato,1903,Dadri,9,Uttar Pradesh,141,Gautam Buddha Nagar,Hybrid,1190.0,1350,1270,price_data (2).csv
2023-04-19,Tomato,1903,Dadri,9,Uttar Pradesh,141,Gautam Buddha Nagar,Deshi,1100.0,1300,1200,price_data (2).csv
2023-04-19,Tomato,2541,Dankaur,9,Uttar Pradesh,141,Gautam Buddha Nagar,Deshi,1100.0,1355,1250,price_data (2).csv
2023-04-18,Tomato,1903,Dadri,9,Uttar Pradesh,141,Gautam Buddha Nagar,Hybrid,1200.0,1370,1270,price_data (2).csv
2023-04-18,Tomato,1903,Dadri,9,Uttar Pradesh,141,Gautam Buddha Nagar,Deshi,1100.0,1300,1200,price_data (2).csv
2023-04-18,Tomato,2541,Dankaur,9,Uttar Pradesh,141,Gautam Buddha Nagar,Deshi,1100.0,1350,1200,price_data (2).csv
2023-04-17,Tomato,1903,Dadri,9,Uttar Pradesh,141,Gautam Buddha Nagar,Hybrid,1200.0,1400,1300,price_data (2).csv
2023-04-17,Tomato,1903,Dadri,9,Uttar Pradesh,141,Gautam Buddha Nagar,Deshi,1130.0,1310,1230,price_data (2).csv
2023-04-16,Tomato,1903,Dadri,9,Uttar Pradesh,141,Gautam Buddha Nagar,Deshi,1150.0,1350,1250,price_data (2).csv
2023-04-16,Tomato,1903,Dadri,9,Uttar Pradesh,141,Gautam Buddha Nagar,Hybrid,1220.0,1400,1320,price_data (2).csv
2023-04-15,Tomato,1903,Dadri,9,Uttar Pradesh,141,Gautam Buddha Nagar,Deshi,1130.0,1300,1210,price_data (2).csv
2023-04-15,Tomato,1903,Dadri,9,Uttar Pradesh,141,Gautam Buddha Nagar,Hybrid,1180.0,1370,1280,price_data (2).csv
2023-04-14,Tomato,1903,Dadri,9,Uttar Pradesh,141,Gautam Buddha Nagar,Deshi,1100.0,1300,1200,price_data (2).csv
2023-04-14,Tomato,1903,Dadri,9,Uttar Pradesh,141,Gautam Buddha Nagar,Hybrid,1200.0,1380,1280,price_data (2).csv
2023-04-13,Tomato,1903,Dadri,9,Uttar Pradesh,141,Gautam Buddha Nagar,Hybrid,1140.0,1340,1240,price_data (2).csv
2023-04-13,Tomato,1903,Dadri,9,Uttar Pradesh,141,Gautam Buddha Nagar,Deshi,1070.0,1270,1170,price_data (2).csv
2023-04-12,Tomato,1903,Dadri,9,Uttar Pradesh,141,Gautam Buddha Nagar,Deshi,1120.0,1320,1220,price_data (2).csv
2023-04-12,Tomato,1903,Dadri,9,Uttar Pradesh,141,Gautam Buddha Nagar,Hybrid,1180.0,1380,1280,price_data (2).csv
2023-04-11,Tomato,1903,Dadri,9,Uttar Pradesh,141,Gautam Buddha Nagar,Hybrid,1170.0,1370,1270,price_data (2).csv
2023-04-11,Tomato,1903,Dadri,9,Uttar Pradesh,141,Gautam Buddha Nagar,Deshi,1100.0,1300,1200,price_data (2).csv
2023-04-10,Tomato,1903,Dadri,9,Uttar Pradesh,141,Gautam Buddha Nagar,Hybrid,1200.0,1400,1300,price_data (2).csv
2023-04-10,Tomato,1903,Dadri,9,Uttar Pradesh,141,Gautam Buddha Nagar,Deshi,1130.0,1300,1230,price_data (2).csv
2023-04-09,Tomato,1903,Dadri,9,Uttar Pradesh,141,Gautam Buddha Nagar,Deshi,1150.0,1350,1250,price_data (2).csv
2023-04-09,Tomato,1903,Dadri,9,Uttar Pradesh,141,Gautam Buddha Nagar,Hybrid,1220.0,1420,1320,price_data (2).csv
2023-04-08,Tomato,1903,Dadri,9,Uttar Pradesh,141,Gautam Buddha Nagar,Hybrid,1200.0,1380,1280,price_data (2).csv
2023-04-08,Tomato,1903,Dadri,9,Uttar Pradesh,141,Gautam Buddha Nagar,Deshi,1120.0,1320,1220,price_data (2).csv
2023-04-07,Tomato,1903,Dadri,9,Uttar Pradesh,141,Gautam Buddha Nagar,Deshi,1120.0,1320,1220,price_data (2).csv
2023-04-07,Tomato,1903,Dadri,9,Uttar Pradesh,141,Gautam Buddha Nagar,Hybrid,1200.0,1380,1280,price_data (2).csv
2023-04-06,Tomato,1903,Dadri,9,Uttar Pradesh,141,Gautam Buddha Nagar,Hybrid,1150.0,1350,1250,price_data (2).csv
2023-04-06,Tomato,1903,Dadri,9,Uttar Pradesh,141,Gautam Buddha Nagar,Deshi,1070.0,1270,1170,price_data (2).csv
2023-04-04,Tomato,1903,Dadri,9,Uttar Pradesh,141,Gautam Buddha Nagar,Hybrid,1250.0,1450,1350,price_data (2).csv
2023-04-04,Tomato,1903,Dadri,9,Uttar Pradesh,141,Gautam Buddha Nagar,Deshi,1170.0,1370,1270,price_data (2).csv
2023-04-03,Tomato,1903,Dadri,9,Uttar Pradesh,141,Gautam Buddha Nagar,Deshi,1170.0,1380,1270,price_data (2).csv
2023-04-03,Tomato,1903,Dadri,9,Uttar Pradesh,141,Gautam Buddha Nagar,Hybrid,1250.0,1450,1350,price_data (2).csv
2023-04-02,Tomato,1903,Dadri,9,Uttar Pradesh,141,Gautam Buddha Nagar,Hybrid,1220.0,1400,1320,price_data (2).csv
2023-04-02,Tomato,1903,Dadri,9,Uttar Pradesh,141,Gautam Buddha Nagar,Deshi,1150.0,1350,1250,price_data (2).csv
2023-03-31,Tomato,1903,Dadri,9,Uttar Pradesh,141,Gautam Buddha Nagar,Hybrid,1300.0,1470,1370,price_data (2).csv
2023-03-31,Tomato,1903,Dadri,9,Uttar Pradesh,141,Gautam Buddha Nagar,Deshi,1200.0,1400,1300,price_data (2).csv
2023-03-30,Tomato,1903,Dadri,9,Uttar Pradesh,141,Gautam Buddha Nagar,Hybrid,1250.0,1450,1350,price_data (2).csv
2023-03-30,Tomato,1903,Dadri,9,Uttar Pradesh,141,Gautam Buddha Nagar,Deshi,1200.0,1380,1280,price_data (2).csv
2023-03-29,Tomato,1903,Dadri,9,Uttar Pradesh,141,Gautam Buddha Nagar,Deshi,1100.0,1300,1200,price_data (2).csv
2023-03-29,Tomato,1903,Dadri,9,Uttar Pradesh,141,Gautam Buddha Nagar,Hybrid,1200.0,1380,1280,price_data (2).csv
2023-03-28,Tomato,1903,Dadri,9,Uttar Pradesh,141,Gautam Buddha Nagar,Hybrid,1200.0,1380,1280,price_data (2).csv
2023-03-28,Tomato,1903,Dadri,9,Uttar Pradesh,141,Gautam Buddha Nagar,Deshi,1100.0,1300,1200,price_data (2).csv
2023-03-27,Tomato,1903,Dadri,9,Uttar Pradesh,141,Gautam Buddha Nagar,Deshi,1000.0,1200,1100,price_data (2).csv
2023-03-27,Tomato,1903,Dadri,9,Uttar Pradesh,141,Gautam Buddha Nagar,Hybrid,1100.0,1280,1180,price_data (2).csv
2023-03-25,Tomato,1903,Dadri,9,Uttar Pradesh,141,Gautam Buddha Nagar,Hybrid,920.0,1100,1020,price_data (2).csv
2023-03-25,Tomato,1903,Dadri,9,Uttar Pradesh,141,Gautam Buddha Nagar,Deshi,850.0,1050,950,price_data (2).csv
2023-03-24,Tomato,1903,Dadri,9,Uttar Pradesh,141,Gautam Buddha Nagar,Deshi,870.0,1070,970,price_data (2).csv
2023-03-24,Tomato,1903,Dadri,9,Uttar Pradesh,141,Gautam Buddha Nagar,Hybrid,940.0,1150,1050,price_data (2).csv
2023-03-23,Tomato,1903,Dadri,9,Uttar Pradesh,141,Gautam Buddha Nagar,Hybrid,1000.0,1180,1080,price_data (2).csv
2023-03-23,Tomato,1903,Dadri,9,Uttar Pradesh,141,Gautam Buddha Nagar,Deshi,900.0,1080,1000,price_data (2).csv
2023-03-22,Tomato,1903,Dadri,9,Uttar Pradesh,141,Gautam Buddha Nagar,Hybrid,1000.0,1200,1100,price_data (2).csv
2023-03-22,Tomato,1903,Dadri,9,Uttar Pradesh,141,Gautam Buddha Nagar,Deshi,920.0,1100,1020,price_data (2).csv
2023-03-21,Tomato,1903,Dadri,9,Uttar Pradesh,141,Gautam Buddha Nagar,Deshi,900.0,1100,1000,price_data (2).csv
2023-03-21,Tomato,1903,Dadri,9,Uttar Pradesh,141,Gautam Buddha Nagar,Hybrid,1000.0,1180,1080,price_data (2).csv
2023-03-20,Tomato,1903,Dadri,9,Uttar Pradesh,141,Gautam Buddha Nagar,Hybrid,1000.0,1200,1100,price_data (2).csv
2023-03-20,Tomato,1903,Dadri,9,Uttar Pradesh,141,Gautam Buddha Nagar,Deshi,930.0,1100,1020,price_data (2).csv
2023-03-19,Tomato,1903,Dadri,9,Uttar Pradesh,141,Gautam Buddha Nagar,Deshi,900.0,1100,1000,price_data (2).csv
2023-03-19,Tomato,1903,Dadri,9,Uttar Pradesh,141,Gautam Buddha Nagar,Hybrid,1000.0,1180,1080,price_data (2).csv
2023-03-17,Tomato,1903,Dadri,9,Uttar Pradesh,141,Gautam Buddha Nagar,Deshi,900.0,1080,990,price_data (2).csv
2023-03-17,Tomato,1903,Dadri,9,Uttar Pradesh,141,Gautam Buddha Nagar,Hybrid,1000.0,1150,1070,price_data (2).csv
2023-03-16,Tomato,1903,Dadri,9,Uttar Pradesh,141,Gautam Buddha Nagar,Deshi,900.0,1100,1000,price_data (2).csv
2023-03-16,Tomato,1903,Dadri,9,Uttar Pradesh,141,Gautam Buddha Nagar,Hybrid,1000.0,1180,1080,price_data (2).csv
2023-03-14,Tomato,1903,Dadri,9,Uttar Pradesh,141,Gautam Buddha Nagar,Hybrid,1000.0,1170,1080,price_data (2).csv
2023-03-14,Tomato,1903,Dadri,9,Uttar Pradesh,141,Gautam Buddha Nagar,Deshi,900.0,1100,1000,price_data (2).csv
2023-03-13,Tomato,1903,Dadri,9,Uttar Pradesh,141,Gautam Buddha Nagar,Deshi,900.0,1080,980,price_data (2).csv
2023-03-13,Tomato,1903,Dadri,9,Uttar Pradesh,141,Gautam Buddha Nagar,Hybrid,1000.0,1170,1070,price_data (2).csv
2023-03-12,Tomato,1903,Dadri,9,Uttar Pradesh,141,Gautam Buddha Nagar,Deshi,900.0,1100,1000,price_data (2).csv
2023-03-12,Tomato,1903,Dadri,9,Uttar Pradesh,141,Gautam Buddha Nagar,Hybrid,1000.0,1180,1080,price_data (2).csv
2023-03-11,Tomato,1903,Dadri,9,Uttar Pradesh,141,Gautam Buddha Nagar,Hybrid,1000.0,1180,1080,price_data (2).csv
2023-03-11,Tomato,1903,Dadri,9,Uttar Pradesh,141,Gautam Buddha Nagar,Deshi,900.0,1100,1000,price_data (2).csv
2023-03-10,Tomato,1903,Dadri,9,Uttar Pradesh,141,Gautam Buddha Nagar,Hybrid,950.0,1150,1050,price_data (2).csv
2023-03-10,Tomato,1903,Dadri,9,Uttar Pradesh,141,Gautam Buddha Nagar,Deshi,900.0,1080,980,price_data (2).csv
2023-03-09,Tomato,1903,Dadri,9,Uttar Pradesh,141,Gautam Buddha Nagar,Deshi,900.0,1070,980,price_data (2).csv
2023-03-09,Tomato,1903,Dadri,9,Uttar Pradesh,141,Gautam Buddha Nagar,Hybrid,950.0,1150,1050,price_data (2).csv
2023-03-06,Tomato,1903,Dadri,9,Uttar Pradesh,141,Gautam Buddha Nagar,Deshi,830.0,1030,930,price_data (2).csv
2023-03-06,Tomato,1903,Dadri,9,Uttar Pradesh,141,Gautam Buddha Nagar,Hybrid,900.0,1100,1000,price_data (2).csv
2023-03-05,Tomato,1903,Dadri,9,Uttar Pradesh,141,Gautam Buddha Nagar,Deshi,850.0,1050,950,price_data (2).csv
2023-03-05,Tomato,1903,Dadri,9,Uttar Pradesh,141,Gautam Buddha Nagar,Hybrid,930.0,1130,1030,price_data (2).csv
2023-03-04,Tomato,1903,Dadri,9,Uttar Pradesh,141,Gautam Buddha Nagar,Hybrid,950.0,1150,1050,price_data (2).csv
2023-03-04,Tomato,1903,Dadri,9,Uttar Pradesh,141,Gautam Buddha Nagar,Deshi,870.0,1070,970,price_data (2).csv
2023-03-03,Tomato,1903,Dadri,9,Uttar Pradesh,141,Gautam Buddha Nagar,Hybrid,950.0,1150,1050,price_data (2).csv
2023-03-03,Tomato,1903,Dadri,9,Uttar Pradesh,141,Gautam Buddha Nagar,Deshi,870.0,1050,970,price_data (2).csv
2023-03-02,Tomato,1903,Dadri,9,Uttar Pradesh,141,Gautam Buddha Nagar,Hybrid,930.0,1130,1030,price_data (2).csv
2023-03-02,Tomato,1903,Dadri,9,Uttar Pradesh,141,Gautam Buddha Nagar,Deshi,850.0,1050,950,price_data (2).csv
2023-02-28,Tomato,1903,Dadri,9,Uttar Pradesh,141,Gautam Buddha Nagar,Hybrid,930.0,1130,1030,price_data (2).csv
2023-02-28,Tomato,1903,Dadri,9,Uttar Pradesh,141,Gautam Buddha Nagar,Deshi,850.0,1050,950,price_data (2).csv
2023-02-27,Tomato,1903,Dadri,9,Uttar Pradesh,141,Gautam Buddha Nagar,Deshi,900.0,1080,980,price_data (2).csv
2023-02-27,Tomato,1903,Dadri,9,Uttar Pradesh,141,Gautam Buddha Nagar,Hybrid,950.0,1150,1050,price_data (2).csv
2023-02-26,Tomato,1903,Dadri,9,Uttar Pradesh,141,Gautam Buddha Nagar,Deshi,850.0,1050,950,price_data (2).csv
2023-02-26,Tomato,1903,Dadri,9,Uttar Pradesh,141,Gautam Buddha Nagar,Hybrid,920.0,1100,1020,price_data (2).csv
2023-02-25,Tomato,1903,Dadri,9,Uttar Pradesh,141,Gautam Buddha Nagar,Deshi,850.0,1050,950,price_data (2).csv
2023-02-25,Tomato,1903,Dadri,9,Uttar Pradesh,141,Gautam Buddha Nagar,Hybrid,920.0,1100,1020,price_data (2).csv
2023-02-24,Tomato,1903,Dadri,9,Uttar Pradesh,141,Gautam Buddha Nagar,Deshi,900.0,1100,1000,price_data (2).csv
2023-02-24,Tomato,1903,Dadri,9,Uttar Pradesh,141,Gautam Buddha Nagar,Hybrid,1000.0,1180,1080,price_data (2).csv
2023-02-23,Tomato,1903,Dadri,9,Uttar Pradesh,141,Gautam Buddha Nagar,Deshi,900.0,1100,1000,price_data (2).csv
2023-02-23,Tomato,1903,Dadri,9,Uttar Pradesh,141,Gautam Buddha Nagar,Hybrid,1000.0,1180,1080,price_data (2).csv
2023-02-21,Tomato,1903,Dadri,9,Uttar Pradesh,141,Gautam Buddha Nagar,Deshi,870.0,1050,970,price_data (2).csv
2023-02-21,Tomato,1903,Dadri,9,Uttar Pradesh,141,Gautam Buddha Nagar,Hybrid,950.0,1150,1050,price_data (2).csv
2023-02-20,Tomato,1903,Dadri,9,Uttar Pradesh,141,Gautam Buddha Nagar,Hybrid,1000.0,1180,1080,price_data (2).csv
2023-02-20,Tomato,1903,Dadri,9,Uttar Pradesh,141,Gautam Buddha Nagar,Deshi,900.0,1100,1000,price_data (2).csv
2023-02-19,Tomato,1903,Dadri,9,Uttar Pradesh,141,Gautam Buddha Nagar,Deshi,850.0,1050,950,price_data (2).csv
2023-02-19,Tomato,1903,Dadri,9,Uttar Pradesh,141,Gautam Buddha Nagar,Hybrid,920.0,1120,1020,price_data (2).csv
2023-02-18,Tomato,1903,Dadri,9,Uttar Pradesh,141,Gautam Buddha Nagar,Hybrid,920.0,1120,1020,price_data (2).csv
2023-02-18,Tomato,1903,Dadri,9,Uttar Pradesh,141,Gautam Buddha Nagar,Deshi,850.0,1050,950,price_data (2).csv
2023-02-17,Tomato,1903,Dadri,9,Uttar Pradesh,141,Gautam Buddha Nagar,Deshi,800.0,1000,900,price_data (2).csv
2023-02-17,Tomato,1903,Dadri,9,Uttar Pradesh,141,Gautam Buddha Nagar,Hybrid,900.0,1080,980,price_data (2).csv
2023-02-16,Tomato,1903,Dadri,9,Uttar Pradesh,141,Gautam Buddha Nagar,Hybrid,900.0,1080,980,price_data (2).csv
2023-02-16,Tomato,1903,Dadri,9,Uttar Pradesh,141,Gautam Buddha Nagar,Deshi,800.0,1000,900,price_data (2).csv
2023-02-14,Tomato,1903,Dadri,9,Uttar Pradesh,141,Gautam Buddha Nagar,Deshi,950.0,1150,1050,price_data (2).csv
2023-02-14,Tomato,1903,Dadri,9,Uttar Pradesh,141,Gautam Buddha Nagar,Hybrid,1020.0,1220,1120,price_data (2).csv
2023-02-13,Tomato,1903,Dadri,9,Uttar Pradesh,141,Gautam Buddha Nagar,Hybrid,1100.0,1300,1200,price_data (2).csv
2023-02-13,Tomato,1903,Dadri,9,Uttar Pradesh,141,Gautam Buddha Nagar,Deshi,1020.0,1200,1120,price_data (2).csv
2023-02-12,Tomato,1903,Dadri,9,Uttar Pradesh,141,Gautam Buddha Nagar,Hybrid,1100.0,1280,1180,price_data (2).csv
2023-02-12,Tomato,1903,Dadri,9,Uttar Pradesh,141,Gautam Buddha Nagar,Deshi,1000.0,1200,1100,price_data (2).csv
2023-02-11,Tomato,1903,Dadri,9,Uttar Pradesh,141,Gautam Buddha Nagar,Deshi,1000.0,1200,1100,price_data (2).csv
2023-02-11,Tomato,1903,Dadri,9,Uttar Pradesh,141,Gautam Buddha Nagar,Hybrid,1100.0,1280,1180,price_data (2).csv
2023-02-10,Tomato,1903,Dadri,9,Uttar Pradesh,141,Gautam Buddha Nagar,Deshi,1100.0,1300,1200,price_data (2).csv
2023-02-10,Tomato,1903,Dadri,9,Uttar Pradesh,141,Gautam Buddha Nagar,Hybrid,1200.0,1380,1280,price_data (2).csv
2023-02-09,Tomato,1903,Dadri,9,Uttar Pradesh,141,Gautam Buddha Nagar,Hybrid,1200.0,1380,1280,price_data (2).csv
2023-02-09,Tomato,1903,Dadri,9,Uttar Pradesh,141,Gautam Buddha Nagar,Deshi,1100.0,1300,1200,price_data (2).csv
2023-02-07,Tomato,1903,Dadri,9,Uttar Pradesh,141,Gautam Buddha Nagar,Deshi,1120.0,1300,1220,price_data (2).csv
2023-02-07,Tomato,1903,Dadri,9,Uttar Pradesh,141,Gautam Buddha Nagar,Hybrid,1200.0,1400,1300,price_data (2).csv
2023-02-06,Tomato,1903,Dadri,9,Uttar Pradesh,141,Gautam Buddha Nagar,Hybrid,1170.0,1370,1270,price_data (2).csv
2023-02-06,Tomato,1903,Dadri,9,Uttar Pradesh,141,Gautam Buddha Nagar,Deshi,1100.0,1300,1200,price_data (2).csv
2023-02-05,Tomato,1903,Dadri,9,Uttar Pradesh,141,Gautam Buddha Nagar,Hybrid,1170.0,1370,1270,price_data (2).csv
2023-02-05,Tomato,1903,Dadri,9,Uttar Pradesh,141,Gautam Buddha Nagar,Deshi,1100.0,1300,1200,price_data (2).csv
2023-02-04,Tomato,1903,Dadri,9,Uttar Pradesh,141,Gautam Buddha Nagar,Hybrid,1220.0,1430,1320,price_data (2).csv
2023-02-04,Tomato,1903,Dadri,9,Uttar Pradesh,141,Gautam Buddha Nagar,Deshi,1150.0,1350,1250,price_data (2).csv
2023-02-03,Tomato,1903,Dadri,9,Uttar Pradesh,141,Gautam Buddha Nagar,Deshi,1130.0,1330,1230,price_data (2).csv
2023-02-03,Tomato,1903,Dadri,9,Uttar Pradesh,141,Gautam Buddha Nagar,Hybrid,1200.0,1400,1300,price_data (2).csv
2023-02-02,Tomato,1903,Dadri,9,Uttar Pradesh,141,Gautam Buddha Nagar,Deshi,1150.0,1350,1250,price_data (2).csv
2023-02-02,Tomato,1903,Dadri,9,Uttar Pradesh,141,Gautam Buddha Nagar,Hybrid,1220.0,1420,1320,price_data (2).csv
2023-01-31,Tomato,1903,Dadri,9,Uttar Pradesh,141,Gautam Buddha Nagar,Hybrid,1220.0,1400,1320,price_data (2).csv
2023-01-31,Tomato,1903,Dadri,9,Uttar Pradesh,141,Gautam Buddha Nagar,Deshi,1150.0,1350,1250,price_data (2).csv
2023-01-30,Tomato,1903,Dadri,9,Uttar Pradesh,141,Gautam Buddha Nagar,Deshi,1100.0,1300,1200,price_data (2).csv
2023-01-30,Tomato,1903,Dadri,9,Uttar Pradesh,141,Gautam Buddha Nagar,Hybrid,1200.0,1380,1280,price_data (2).csv
2023-01-28,Tomato,1903,Dadri,9,Uttar Pradesh,141,Gautam Buddha Nagar,Deshi,1000.0,1200,1100,price_data (2).csv
2023-01-28,Tomato,1903,Dadri,9,Uttar Pradesh,141,Gautam Buddha Nagar,Hybrid,1100.0,1280,1180,price_data (2).csv
2023-01-27,Tomato,1903,Dadri,9,Uttar Pradesh,141,Gautam Buddha Nagar,Deshi,1030.0,1230,1130,price_data (2).csv
2023-01-27,Tomato,1903,Dadri,9,Uttar Pradesh,141,Gautam Buddha Nagar,Hybrid,1100.0,1300,1200,price_data (2).csv
2023-01-26,Tomato,1903,Dadri,9,Uttar Pradesh,141,Gautam Buddha Nagar,Hybrid,1100.0,1300,1200,price_data (2).csv
2023-01-26,Tomato,1903,Dadri,9,Uttar Pradesh,141,Gautam Buddha Nagar,Deshi,1030.0,1230,1130,price_data (2).csv
2023-01-24,Tomato,1903,Dadri,9,Uttar Pradesh,141,Gautam Buddha Nagar,Deshi,1000.0,1200,1100,price_data (2).csv
2023-01-24,Tomato,1903,Dadri,9,Uttar Pradesh,141,Gautam Buddha Nagar,Hybrid,1100.0,1280,1180,price_data (2).csv
2023-01-23,Tomato,1903,Dadri,9,Uttar Pradesh,141,Gautam Buddha Nagar,Deshi,1000.0,1200,1100,price_data (2).csv
2023-01-23,Tomato,1903,Dadri,9,Uttar Pradesh,141,Gautam Buddha Nagar,Hybrid,1100.0,1280,1180,price_data (2).csv
2023-01-22,Tomato,1903,Dadri,9,Uttar Pradesh,141,Gautam Buddha Nagar,Deshi,1050.0,1250,1150,price_data (2).csv
2023-01-22,Tomato,1903,Dadri,9,Uttar Pradesh,141,Gautam Buddha Nagar,Hybrid,1120.0,1320,1220,price_data (2).csv
2023-01-21,Tomato,1903,Dadri,9,Uttar Pradesh,141,Gautam Buddha Nagar,Deshi,1050.0,1250,1150,price_data (2).csv
2023-01-21,Tomato,1903,Dadri,9,Uttar Pradesh,141,Gautam Buddha Nagar,Hybrid,1120.0,1300,1220,price_data (2).csv
2023-01-20,Tomato,1903,Dadri,9,Uttar Pradesh,141,Gautam Buddha Nagar,Hybrid,1100.0,1300,1200,price_data (2).csv
2023-01-20,Tomato,1903,Dadri,9,Uttar Pradesh,141,Gautam Buddha Nagar,Deshi,1020.0,1200,1120,price_data (2).csv
2023-01-19,Tomato,1903,Dadri,9,Uttar Pradesh,141,Gautam Buddha Nagar,Deshi,1100.0,1300,1200,price_data (2).csv
2023-01-19,Tomato,1903,Dadri,9,Uttar Pradesh,141,Gautam Buddha Nagar,Hybrid,1200.0,1370,1270,price_data (2).csv
2023-01-17,Tomato,1903,Dadri,9,Uttar Pradesh,141,Gautam Buddha Nagar,Hybrid,1200.0,1370,1270,price_data (2).csv
2023-01-17,Tomato,1903,Dadri,9,Uttar Pradesh,141,Gautam Buddha Nagar,Deshi,1100.0,1300,1200,price_data (2).csv
2023-01-16,Tomato,1903,Dadri,9,Uttar Pradesh,141,Gautam Buddha Nagar,Hybrid,1070.0,1270,1170,price_data (2).csv
2023-01-16,Tomato,1903,Dadri,9,Uttar Pradesh,141,Gautam Buddha Nagar,Deshi,1000.0,1200,1100,price_data (2).csv
2023-01-15,Tomato,1903,Dadri,9,Uttar Pradesh,141,Gautam Buddha Nagar,Deshi,1050.0,1250,1150,price_data (2).csv
2023-01-15,Tomato,1903,Dadri,9,Uttar Pradesh,141,Gautam Buddha Nagar,Hybrid,1120.0,1320,1220,price_data (2).csv
2023-01-14,Tomato,1903,Dadri,9,Uttar Pradesh,141,Gautam Buddha Nagar,Deshi,1050.0,1250,1150,price_data (2).csv
2023-01-14,Tomato,1903,Dadri,9,Uttar Pradesh,141,Gautam Buddha Nagar,Hybrid,1120.0,1320,1220,price_data (2).csv
2023-01-13,Tomato,1903,Dadri,9,Uttar Pradesh,141,Gautam Buddha Nagar,Hybrid,1070.0,1270,1170,price_data (2).csv
2023-01-13,Tomato,1903,Dadri,9,Uttar Pradesh,141,Gautam Buddha Nagar,Deshi,1000.0,1200,1100,price_data (2).csv
2023-01-12,Tomato,1903,Dadri,9,Uttar Pradesh,141,Gautam Buddha Nagar,Deshi,950.0,1150,1050,price_data (2).csv
2023-01-12,Tomato,1903,Dadri,9,Uttar Pradesh,141,Gautam Buddha Nagar,Hybrid,1020.0,1200,1120,price_data (2).csv
2023-01-10,Tomato,1903,Dadri,9,Uttar Pradesh,141,Gautam Buddha Nagar,Hybrid,1070.0,1270,1170,price_data (2).csv
2023-01-10,Tomato,1903,Dadri,9,Uttar Pradesh,141,Gautam Buddha Nagar,Deshi,1000.0,1200,1100,price_data (2).csv
2023-01-09,Tomato,1903,Dadri,9,Uttar Pradesh,141,Gautam Buddha Nagar,Deshi,1100.0,1300,1200,price_data (2).csv
2023-01-09,Tomato,1903,Dadri,9,Uttar Pradesh,141,Gautam Buddha Nagar,Hybrid,1170.0,1370,1270,price_data (2).csv
2023-01-08,Tomato,1903,Dadri,9,Uttar Pradesh,141,Gautam Buddha Nagar,Deshi,1130.0,1330,1230,price_data (2).csv
2023-01-08,Tomato,1903,Dadri,9,Uttar Pradesh,141,Gautam Buddha Nagar,Hybrid,1200.0,1400,1300,price_data (2).csv
2023-01-07,Tomato,1903,Dadri,9,Uttar Pradesh,141,Gautam Buddha Nagar,Hybrid,1200.0,1360,1270,price_data (2).csv
2023-01-07,Tomato,1903,Dadri,9,Uttar Pradesh,141,Gautam Buddha Nagar,Deshi,1100.0,1300,1200,price_data (2).csv
2023-01-02,Tomato,1903,Dadri,9,Uttar Pradesh,141,Gautam Buddha Nagar,Deshi,1150.0,1300,1230,price_data (2).csv
2023-01-02,Tomato,1903,Dadri,9,Uttar Pradesh,141,Gautam Buddha Nagar,Hybrid,1200.0,1400,1300,price_data (2).csv
2021-01-01,Tomato,2541,Dankaur,9,Uttar Pradesh,141,Gautam Buddha Nagar,Deshi,1507.0,1611,1527,price_data (3).csv
2020-12-31,Tomato,1903,Dadri,9,Uttar Pradesh,141,Gautam Buddha Nagar,Hybrid,1480.0,1630,1550,price_data (3).csv
2020-12-31,Tomato,1903,Dadri,9,Uttar Pradesh,141,Gautam Buddha Nagar,Deshi,1400.0,1550,1480,price_data (3).csv
2020-12-30,Tomato,2541,Dankaur,9,Uttar Pradesh,141,Gautam Buddha Nagar,Deshi,1425.0,1562,1500,price_data (3).csv
2020-12-29,Tomato,1903,Dadri,9,Uttar Pradesh,141,Gautam Buddha Nagar,Deshi,1250.0,1400,1330,price_data (3).csv
2020-12-29,Tomato,1903,Dadri,9,Uttar Pradesh,141,Gautam Buddha Nagar,Hybrid,1330.0,1470,1400,price_data (3).csv
2020-12-29,Tomato,2541,Dankaur,9,Uttar Pradesh,141,Gautam Buddha Nagar,Deshi,1301.0,1380,1325,price_data (3).csv
2020-12-28,Tomato,2541,Dankaur,9,Uttar Pradesh,141,Gautam Buddha Nagar,Deshi,1255.0,1362,1300,price_data (3).csv
2020-12-28,Tomato,1903,Dadri,9,Uttar Pradesh,141,Gautam Buddha Nagar,Hybrid,1280.0,1420,1350,price_data (3).csv
2020-12-28,Tomato,1903,Dadri,9,Uttar Pradesh,141,Gautam Buddha Nagar,Deshi,1200.0,1350,1280,price_data (3).csv
2020-12-27,Tomato,1903,Dadri,9,Uttar Pradesh,141,Gautam Buddha Nagar,Deshi,1220.0,1380,1300,price_data (3).csv
2020-12-27,Tomato,2541,Dankaur,9,Uttar Pradesh,141,Gautam Buddha Nagar,Deshi,1302.0,1400,1352,price_data (3).csv
2020-12-27,Tomato,1903,Dadri,9,Uttar Pradesh,141,Gautam Buddha Nagar,Hybrid,1300.0,1450,1370,price_data (3).csv
2020-12-26,Tomato,1903,Dadri,9,Uttar Pradesh,141,Gautam Buddha Nagar,Deshi,1230.0,1380,1300,price_data (3).csv
2020-12-26,Tomato,2541,Dankaur,9,Uttar Pradesh,141,Gautam Buddha Nagar,Deshi,1300.0,1455,1365,price_data (3).csv
2020-12-26,Tomato,1903,Dadri,9,Uttar Pradesh,141,Gautam Buddha Nagar,Hybrid,1300.0,1450,1380,price_data (3).csv
2020-12-25,Tomato,1903,Dadri,9,Uttar Pradesh,141,Gautam Buddha Nagar,Deshi,1220.0,1370,1300,price_data (3).csv
2020-12-25,Tomato,2541,Dankaur,9,Uttar Pradesh,141,Gautam Buddha Nagar,Deshi,1320.0,1400,1366,price_data (3).csv
2020-12-25,Tomato,1903,Dadri,9,Uttar Pradesh,141,Gautam Buddha Nagar,Hybrid,1300.0,1450,1380,price_data (3).csv
2020-12-24,Tomato,1903,Dadri,9,Uttar Pradesh,141,Gautam Buddha Nagar,Hybrid,1350.0,1500,1420,price_data (3).csv
2020-12-24,Tomato,1903,Dadri,9,Uttar Pradesh,141,Gautam Buddha Nagar,Deshi,1280.0,1430,1350,price_data (3).csv
2020-12-23,Tomato,2541,Dankaur,9,Uttar Pradesh,141,Gautam Buddha Nagar,Deshi,1420.0,1511,1480,price_data (3).csv
2020-12-22,Tomato,1903,Dadri,9,Uttar Pradesh,141,Gautam Buddha Nagar,Hybrid,1350.0,1500,1430,price_data (3).csv
2020-12-22,Tomato,2541,Dankaur,9,Uttar Pradesh,141,Gautam Buddha Nagar,Deshi,1400.0,1496,1420,price_data (3).csv
2020-12-22,Tomato,1903,Dadri,9,Uttar Pradesh,141,Gautam Buddha Nagar,Deshi,1300.0,1430,1360,price_data (3).csv
2020-12-21,Tomato,2541,Dankaur,9,Uttar Pradesh,141,Gautam Buddha Nagar,Deshi,1320.0,1456,1400,price_data (3).csv
2020-12-20,Tomato,2541,Dankaur,9,Uttar Pradesh,141,Gautam Buddha Nagar,Deshi,1602.0,1680,1635,price_data (3).csv
2020-12-20,Tomato,1903,Dadri,9,Uttar Pradesh,141,Gautam Buddha Nagar,Deshi,1380.0,1540,1450,price_data (3).csv
2020-12-20,Tomato,1903,Dadri,9,Uttar Pradesh,141,Gautam Buddha Nagar,Hybrid,1450.0,1600,1520,price_data (3).csv
2020-12-19,Tomato,1903,Dadri,9,Uttar Pradesh,141,Gautam Buddha Nagar,Hybrid,1450.0,1600,1520,price_data (3).csv
2020-12-19,Tomato,1903,Dadri,9,Uttar Pradesh,141,Gautam Buddha Nagar,Deshi,1380.0,1540,1450,price_data (3).csv
2020-12-18,Tomato,2541,Dankaur,9,Uttar Pradesh,141,Gautam Buddha Nagar,Deshi,1600.0,1712,1635,price_data (3).csv
2020-12-18,Tomato,1903,Dadri,9,Uttar Pradesh,141,Gautam Buddha Nagar,Deshi,1400.0,1550,1470,price_data (3).csv
2020-12-18,Tomato,1903,Dadri,9,Uttar Pradesh,141,Gautam Buddha Nagar,Hybrid,1470.0,1620,1550,price_data (3).csv
2020-12-17,Tomato,1903,Dadri,9,Uttar Pradesh,141,Gautam Buddha Nagar,Deshi,1500.0,1650,1570,price_data (3).csv
2020-12-17,Tomato,1903,Dadri,9,Uttar Pradesh,141,Gautam Buddha Nagar,Hybrid,1570.0,1730,1650,price_data (3).csv
2020-12-16,Tomato,2541,Dankaur,9,Uttar Pradesh,141,Gautam Buddha Nagar,Deshi,1600.0,1705,1625,price_data (3).csv
2020-12-15,Tomato,2541,Dankaur,9,Uttar Pradesh,141,Gautam Buddha Nagar,Deshi,1700.0,1815,1785,price_data (3).csv
2020-12-14,Tomato,1903,Dadri,9,Uttar Pradesh,141,Gautam Buddha Nagar,Hybrid,1640.0,1830,1730,price_data (3).csv
2020-12-14,Tomato,1903,Dadri,9,Uttar Pradesh,141,Gautam Buddha Nagar,Deshi,1570.0,1750,1650,price_data (3).csv
2020-12-14,Tomato,2541,Dankaur,9,Uttar Pradesh,141,Gautam Buddha Nagar,Deshi,1600.0,1683,1622,price_data (3).csv
2020-12-13,Tomato,1903,Dadri,9,Uttar Pradesh,141,Gautam Buddha Nagar,Deshi,1570.0,1720,1640,price_data (3).csv
2020-12-13,Tomato,1903,Dadri,9,Uttar Pradesh,141,Gautam Buddha Nagar,Hybrid,1650.0,1800,1720,price_data (3).csv
2020-12-13,Tomato,2541,Dankaur,9,Uttar Pradesh,141,Gautam Buddha Nagar,Deshi,1621.0,1724,1672,price_data (3).csv
2020-12-12,Tomato,2541,Dankaur,9,Uttar Pradesh,141,Gautam Buddha Nagar,Deshi,1607.0,1700,1635,price_data (3).csv
2020-12-11,Tomato,2541,Dankaur,9,Uttar Pradesh,141,Gautam Buddha Nagar,Deshi,1735.0,1760,1746,price_data (3).csv
2020-12-11,Tomato,1903,Dadri,9,Uttar Pradesh,141,Gautam Buddha Nagar,Hybrid,1670.0,1850,1750,price_data (3).csv
2020-12-11,Tomato,1903,Dadri,9,Uttar Pradesh,141,Gautam Buddha Nagar,Deshi,1600.0,1780,1680,price_data (3).csv
2020-12-10,Tomato,1903,Dadri,9,Uttar Pradesh,141,Gautam Buddha Nagar,Hybrid,1670.0,1830,1750,price_data (3).csv
2020-12-10,Tomato,1903,Dadri,9,Uttar Pradesh,141,Gautam Buddha Nagar,Deshi,1600.0,1750,1680,price_data (3).csv
2020-12-09,Tomato,2541,Dankaur,9,Uttar Pradesh,141,Gautam Buddha Nagar,Deshi,1600.0,1712,1660,price_data (3).csv
2020-12-08,Tomato,1903,Dadri,9,Uttar Pradesh,141,Gautam Buddha Nagar,Deshi,1630.0,1770,1700,price_data (3).csv
2020-12-08,Tomato,1903,Dadri,9,Uttar Pradesh,141,Gautam Buddha Nagar,Hybrid,1700.0,1830,1770,price_data (3).csv
2020-12-07,Tomato,1903,Dadri,9,Uttar Pradesh,141,Gautam Buddha Nagar,Deshi,1570.0,1730,1650,price_data (3).csv
2020-12-07,Tomato,1903,Dadri,9,Uttar Pradesh,141,Gautam Buddha Nagar,Hybrid,1650.0,1800,1720,price_data (3).csv
2020-12-07,Tomato,2541,Dankaur,9,Uttar Pradesh,141,Gautam Buddha Nagar,Deshi,1603.0,1720,1660,price_data (3).csv
2020-12-06,Tomato,1903,Dadri,9,Uttar Pradesh,141,Gautam Buddha Nagar,Deshi,1560.0,1710,1640,price_data (3).csv
2020-12-06,Tomato,2541,Dankaur,9,Uttar Pradesh,141,Gautam Buddha Nagar,Deshi,1520.0,1635,1600,price_data (3).csv
2020-12-05,Tomato,2541,Dankaur,9,Uttar Pradesh,141,Gautam Buddha Nagar,Deshi,1600.0,1715,1625,price_data (3).csv
2020-12-05,Tomato,1903,Dadri,9,Uttar Pradesh,141,Gautam Buddha Nagar,Deshi,1550.0,1700,1630,price_data (3).csv
2020-12-05,Tomato,1903,Dadri,9,Uttar Pradesh,141,Gautam Buddha Nagar,Hybrid,1630.0,1770,1700,price_data (3).csv
2020-12-04,Tomato,1903,Dadri,9,Uttar Pradesh,141,Gautam Buddha Nagar,Hybrid,1650.0,1790,1720,price_data (3).csv
2020-12-04,Tomato,2541,Dankaur,9,Uttar Pradesh,141,Gautam Buddha Nagar,Deshi,1700.0,1800,1765,price_data (3).csv
2020-12-04,Tomato,1903,Dadri,9,Uttar Pradesh,141,Gautam Buddha Nagar,Deshi,1570.0,1720,1650,price_data (3).csv
2020-12-03,Tomato,1903,Dadri,9,Uttar Pradesh,141,Gautam Buddha Nagar,Deshi,1580.0,1730,1650,price_data (3).csv
2020-12-03,Tomato,1903,Dadri,9,Uttar Pradesh,141,Gautam Buddha Nagar,Hybrid,1650.0,1800,1730,price_data (3).csv
2020-12-02,Tomato,2541,Dankaur,9,Uttar Pradesh,141,Gautam Buddha Nagar,Deshi,1700.0,1755,1710,price_data (3).csv
2020-12-01,Tomato,2541,Dankaur,9,Uttar Pradesh,141,Gautam Buddha Nagar,Deshi,1700.0,1800,1768,price_data (3).csv
2020-11-30,Tomato,1903,Dadri,9,Uttar Pradesh,141,Gautam Buddha Nagar,Hybrid,1630.0,1770,1700,price_data (3).csv
2020-11-30,Tomato,1903,Dadri,9,Uttar Pradesh,141,Gautam Buddha Nagar,Deshi,1550.0,1700,1630,price_data (3).csv
2020-11-30,Tomato,2541,Dankaur,9,Uttar Pradesh,141,Gautam Buddha Nagar,Deshi,1700.0,1812,1750,price_data (3).csv
2020-11-29,Tomato,2541,Dankaur,9,Uttar Pradesh,141,Gautam Buddha Nagar,Deshi,1800.0,1900,1875,price_data (3).csv
2020-11-28,Tomato,1903,Dadri,9,Uttar Pradesh,141,Gautam Buddha Nagar,Deshi,1580.0,1730,1650,price_data (3).csv
2020-11-28,Tomato,1903,Dadri,9,Uttar Pradesh,141,Gautam Buddha Nagar,Hybrid,1650.0,1800,1720,price_data (3).csv
2020-11-28,Tomato,2541,Dankaur,9,Uttar Pradesh,141,Gautam Buddha Nagar,Deshi,1801.0,1912,1865,price_data (3).csv
2020-11-27,Tomato,1903,Dadri,9,Uttar Pradesh,141,Gautam Buddha Nagar,Hybrid,1800.0,1930,1870,price_data (3).csv
2020-11-27,Tomato,1903,Dadri,9,Uttar Pradesh,141,Gautam Buddha Nagar,Deshi,1730.0,1870,1800,price_data (3).csv
2020-11-27,Tomato,2541,Dankaur,9,Uttar Pradesh,141,Gautam Buddha Nagar,Deshi,1800.0,1900,1805,price_data (3).csv
2020-11-26,Tomato,1903,Dadri,9,Uttar Pradesh,141,Gautam Buddha Nagar,Hybrid,1850.0,2050,1950,price_data (3).csv
2020-11-26,Tomato,1903,Dadri,9,Uttar Pradesh,141,Gautam Buddha Nagar,Deshi,1800.0,2000,1900,price_data (3).csv
2020-11-25,Tomato,2541,Dankaur,9,Uttar Pradesh,141,Gautam Buddha Nagar,Deshi,1900.0,2020,1962,price_data (3).csv
2020-11-24,Tomato,1903,Dadri,9,Uttar Pradesh,141,Gautam Buddha Nagar,Hybrid,1900.0,2030,1950,price_data (3).csv
2020-11-24,Tomato,1903,Dadri,9,Uttar Pradesh,141,Gautam Buddha Nagar,Deshi,1800.0,1950,1880,price_data (3).csv
2020-11-24,Tomato,2541,Dankaur,9,Uttar Pradesh,141,Gautam Buddha Nagar,Deshi,1900.0,1965,1920,price_data (3).csv
2020-11-23,Tomato,2541,Dankaur,9,Uttar Pradesh,141,Gautam Buddha Nagar,Deshi,1852.0,1965,1900,price_data (3).csv
2020-11-23,Tomato,1903,Dadri,9,Uttar Pradesh,141,Gautam Buddha Nagar,Deshi,1830.0,1970,1900,price_data (3).csv
2020-11-23,Tomato,1903,Dadri,9,Uttar Pradesh,141,Gautam Buddha Nagar,Hybrid,1900.0,2030,1970,price_data (3).csv
2020-11-22,Tomato,1903,Dadri,9,Uttar Pradesh,141,Gautam Buddha Nagar,Hybrid,1900.0,2050,1970,price_data (3).csv
2020-11-22,Tomato,2541,Dankaur,9,Uttar Pradesh,141,Gautam Buddha Nagar,Deshi,1902.0,2010,1952,price_data (3).csv
2020-11-22,Tomato,1903,Dadri,9,Uttar Pradesh,141,Gautam Buddha Nagar,Deshi,1840.0,1970,1900,price_data (3).csv
2020-11-21,Tomato,1903,Dadri,9,Uttar Pradesh,141,Gautam Buddha Nagar,Hybrid,1900.0,2100,2000,price_data (3).csv
2020-11-21,Tomato,2541,Dankaur,9,Uttar Pradesh,141,Gautam Buddha Nagar,Deshi,1900.0,2000,1972,price_data (3).csv
2020-11-20,Tomato,1903,Dadri,9,Uttar Pradesh,141,Gautam Buddha Nagar,Hybrid,1900.0,2080,1980,price_data (3).csv
2020-11-20,Tomato,2541,Dankaur,9,Uttar Pradesh,141,Gautam Buddha Nagar,Deshi,1900.0,2000,1950,price_data (3).csv
2020-11-19,Tomato,1903,Dadri,9,Uttar Pradesh,141,Gautam Buddha Nagar,Hybrid,1920.0,2100,2000,price_data (3).csv
2020-11-18,Tomato,2541,Dankaur,9,Uttar Pradesh,141,Gautam Buddha Nagar,Deshi,2000.0,2100,2020,price_data (3).csv
2020-11-17,Tomato,2541,Dankaur,9,Uttar Pradesh,141,Gautam Buddha Nagar,Deshi,2010.0,2100,2050,price_data (3).csv
2020-11-17,Tomato,1903,Dadri,9,Uttar Pradesh,141,Gautam Buddha Nagar,Hybrid,1920.0,2100,2000,price_data (3).csv
2020-11-16,Tomato,1903,Dadri,9,Uttar Pradesh,141,Gautam Buddha Nagar,Hybrid,1950.0,2100,2020,price_data (3).csv
2020-11-15,Tomato,1903,Dadri,9,Uttar Pradesh,141,Gautam Buddha Nagar,Hybrid,1930.0,2100,2000,price_data (3).csv
2020-11-12,Tomato,1903,Dadri,9,Uttar Pradesh,141,Gautam Buddha Nagar,Hybrid,1900.0,2100,2000,price_data (3).csv
2020-11-10,Tomato,2541,Dankaur,9,Uttar Pradesh,141,Gautam Buddha Nagar,Deshi,2012.0,2100,2085,price_data (3).csv
2020-11-10,Tomato,1903,Dadri,9,Uttar Pradesh,141,Gautam Buddha Nagar,Hybrid,1950.0,2150,2050,price_data (3).csv
2020-11-09,Tomato,1903,Dadri,9,Uttar Pradesh,141,Gautam Buddha Nagar,Hybrid,1950.0,2100,2030,price_data (3).csv
2020-11-08,Tomato,2541,Dankaur,9,Uttar Pradesh,141,Gautam Buddha Nagar,Deshi,2010.0,2100,2065,price_data (3).csv
2020-11-08,Tomato,1903,Dadri,9,Uttar Pradesh,141,Gautam Buddha Nagar,Hybrid,1950.0,2100,2030,price_data (3).csv
2020-11-07,Tomato,1903,Dadri,9,Uttar Pradesh,141,Gautam Buddha Nagar,Hybrid,2000.0,2170,2070,price_data (3).csv
2020-11-07,Tomato,2541,Dankaur,9,Uttar Pradesh,141,Gautam Buddha Nagar,Deshi,1800.0,2100,2000,price_data (3).csv
2020-11-06,Tomato,2541,Dankaur,9,Uttar Pradesh,141,Gautam Buddha Nagar,Deshi,2000.0,2100,2042,price_data (3).csv
2020-11-06,Tomato,1903,Dadri,9,Uttar Pradesh,141,Gautam Buddha Nagar,Hybrid,2000.0,2170,2070,price_data (3).csv
2020-11-05,Tomato,1903,Dadri,9,Uttar Pradesh,141,Gautam Buddha Nagar,Hybrid,1950.0,2150,2050,price_data (3).csv
2020-11-04,Tomato,2541,Dankaur,9,Uttar Pradesh,141,Gautam Buddha Nagar,Deshi,2000.0,2075,2011,price_data (3).csv
2020-11-03,Tomato,1903,Dadri,9,Uttar Pradesh,141,Gautam Buddha Nagar,Hybrid,1900.0,2100,2000,price_data (3).csv
2020-11-03,Tomato,2541,Dankaur,9,Uttar Pradesh,141,Gautam Buddha Nagar,Deshi,2000.0,2100,2050,price_data (3).csv
2020-11-02,Tomato,2541,Dankaur,9,Uttar Pradesh,141,Gautam Buddha Nagar,Deshi,1985.0,2035,2000,price_data (3).csv
2020-11-02,Tomato,1903,Dadri,9,Uttar Pradesh,141,Gautam Buddha Nagar,Hybrid,1900.0,2100,2000,price_data (3).csv
2020-10-31,Tomato,2541,Dankaur,9,Uttar Pradesh,141,Gautam Buddha Nagar,Deshi,2185.0,2265,2210,price_data (3).csv
2020-10-31,Tomato,1903,Dadri,9,Uttar Pradesh,141,Gautam Buddha Nagar,Hybrid,2050.0,2250,2150,price_data (3).csv
2020-10-30,Tomato,2541,Dankaur,9,Uttar Pradesh,141,Gautam Buddha Nagar,Deshi,2235.0,2310,2271,price_data (3).csv
2020-10-30,Tomato,1903,Dadri,9,Uttar Pradesh,141,Gautam Buddha Nagar,Hybrid,2050.0,2250,2150,price_data (3).csv
2020-10-29,Tomato,1903,Dadri,9,Uttar Pradesh,141,Gautam Buddha Nagar,Hybrid,2120.0,2320,2220,price_data (3).csv
2020-10-28,Tomato,2541,Dankaur,9,Uttar Pradesh,141,Gautam Buddha Nagar,Deshi,2210.0,2275,2235,price_data (3).csv
2020-10-27,Tomato,1903,Dadri,9,Uttar Pradesh,141,Gautam Buddha Nagar,Hybrid,2100.0,2300,2200,price_data (3).csv
2020-10-26,Tomato,1903,Dadri,9,Uttar Pradesh,141,Gautam Buddha Nagar,Hybrid,2120.0,2300,2200,price_data (3).csv
2020-10-26,Tomato,2541,Dankaur,9,Uttar Pradesh,141,Gautam Buddha Nagar,Deshi,2205.0,2264,2231,price_data (3).csv
2020-10-25,Tomato,1903,Dadri,9,Uttar Pradesh,141,Gautam Buddha Nagar,Hybrid,2130.0,2330,2230,price_data (3).csv
2020-10-25,Tomato,2541,Dankaur,9,Uttar Pradesh,141,Gautam Buddha Nagar,Deshi,2200.0,2267,2235,price_data (3).csv
2020-10-24,Tomato,1903,Dadri,9,Uttar Pradesh,141,Gautam Buddha Nagar,Hybrid,2100.0,2300,2200,price_data (3).csv
2020-10-24,Tomato,2541,Dankaur,9,Uttar Pradesh,141,Gautam Buddha Nagar,Deshi,2240.0,2300,2281,price_data (3).csv
2020-10-23,Tomato,2541,Dankaur,9,Uttar Pradesh,141,Gautam Buddha Nagar,Deshi,2534.0,2600,2588,price_data (3).csv
2020-10-23,Tomato,1903,Dadri,9,Uttar Pradesh,141,Gautam Buddha Nagar,Hybrid,2050.0,2250,2150,price_data (3).csv
2020-10-22,Tomato,1903,Dadri,9,Uttar Pradesh,141,Gautam Buddha Nagar,Hybrid,2070.0,2270,2170,price_data (3).csv
2020-10-20,Tomato,2541,Dankaur,9,Uttar Pradesh,141,Gautam Buddha Nagar,Deshi,2234.0,2310,2271,price_data (3).csv
2020-10-19,Tomato,1903,Dadri,9,Uttar Pradesh,141,Gautam Buddha Nagar,Hybrid,2100.0,2300,2200,price_data (3).csv
2020-10-18,Tomato,2541,Dankaur,9,Uttar Pradesh,141,Gautam Buddha Nagar,Deshi,2200.0,2256,2210,price_data (3).csv
2020-10-18,Tomato,1903,Dadri,9,Uttar Pradesh,141,Gautam Buddha Nagar,Hybrid,2150.0,2350,2250,price_data (3).csv
2020-10-17,Tomato,2541,Dankaur,9,Uttar Pradesh,141,Gautam Buddha Nagar,Deshi,2212.0,2300,2256,price_data (3).csv
2020-10-16,Tomato,1903,Dadri,9,Uttar Pradesh,141,Gautam Buddha Nagar,Hybrid,2150.0,2330,2230,price_data (3).csv
2020-10-16,Tomato,2541,Dankaur,9,Uttar Pradesh,141,Gautam Buddha Nagar,Deshi,2142.0,2253,2200,price_data (3).csv
2020-10-15,Tomato,1903,Dadri,9,Uttar Pradesh,141,Gautam Buddha Nagar,Hybrid,2150.0,2350,2250,price_data (3).csv
2020-10-14,Tomato,2541,Dankaur,9,Uttar Pradesh,141,Gautam Buddha Nagar,Deshi,2314.0,2389,2355,price_data (3).csv
2020-10-13,Tomato,1903,Dadri,9,Uttar Pradesh,141,Gautam Buddha Nagar,Hybrid,2150.0,2350,2250,price_data (3).csv
2020-10-13,Tomato,2541,Dankaur,9,Uttar Pradesh,141,Gautam Buddha Nagar,Deshi,2277.0,2361,2300,price_data (3).csv
2020-10-12,Tomato,2541,Dankaur,9,Uttar Pradesh,141,Gautam Buddha Nagar,Deshi,2300.0,2371,2351,price_data (3).csv
2020-10-11,Tomato,2541,Dankaur,9,Uttar Pradesh,141,Gautam Buddha Nagar,Deshi,2344.0,2380,2360,price_data (3).csv
2020-10-11,Tomato,1903,Dadri,9,Uttar Pradesh,141,Gautam Buddha Nagar,Hybrid,2250.0,2450,2350,price_data (3).csv
2020-10-10,Tomato,1903,Dadri,9,Uttar Pradesh,141,Gautam Buddha Nagar,Hybrid,2250.0,2450,2350,price_data (3).csv
2020-10-10,Tomato,2541,Dankaur,9,Uttar Pradesh,141,Gautam Buddha Nagar,Deshi,2300.0,2360,2320,price_data (3).csv
2020-10-09,Tomato,2541,Dankaur,9,Uttar Pradesh,141,Gautam Buddha Nagar,Deshi,2256.0,2300,2280,price_data (3).csv
2020-10-09,Tomato,1903,Dadri,9,Uttar Pradesh,141,Gautam Buddha Nagar,Hybrid,2200.0,2400,2300,price_data (3).csv
2020-10-08,Tomato,1903,Dadri,9,Uttar Pradesh,141,Gautam Buddha Nagar,Hybrid,2220.0,2400,2300,price_data (3).csv
2020-10-08,Tomato,2541,Dankaur,9,Uttar Pradesh,141,Gautam Buddha Nagar,Deshi,2240.0,2300,2267,price_data (3).csv
2020-10-08,Tomato,1903,Dadri,9,Uttar Pradesh,141,Gautam Buddha Nagar,Deshi,2120.0,2280,2200,price_data (3).csv
2020-10-07,Tomato,2541,Dankaur,9,Uttar Pradesh,141,Gautam Buddha Nagar,Deshi,2175.0,2242,2200,price_data (3).csv
2020-10-06,Tomato,1903,Dadri,9,Uttar Pradesh,141,Gautam Buddha Nagar,Hybrid,2300.0,2500,2400,price_data (3).csv
2020-10-06,Tomato,2541,Dankaur,9,Uttar Pradesh,141,Gautam Buddha Nagar,Deshi,2277.0,2345,2300,price_data (3).csv
2020-10-05,Tomato,1903,Dadri,9,Uttar Pradesh,141,Gautam Buddha Nagar,Hybrid,2350.0,2550,2450,price_data (3).csv
2020-10-05,Tomato,2541,Dankaur,9,Uttar Pradesh,141,Gautam Buddha Nagar,Deshi,2300.0,2362,2311,price_data (3).csv
2020-10-04,Tomato,1903,Dadri,9,Uttar Pradesh,141,Gautam Buddha Nagar,Hybrid,2350.0,2550,2450,price_data (3).csv
2020-10-04,Tomato,2541,Dankaur,9,Uttar Pradesh,141,Gautam Buddha Nagar,Deshi,2324.0,2400,2381,price_data (3).csv
2020-10-03,Tomato,1903,Dadri,9,Uttar Pradesh,141,Gautam Buddha Nagar,Hybrid,2300.0,2500,2400,price_data (3).csv
2020-10-03,Tomato,2541,Dankaur,9,Uttar Pradesh,141,Gautam Buddha Nagar,Deshi,2245.0,2365,2300,price_data (3).csv
2020-10-02,Tomato,1903,Dadri,9,Uttar Pradesh,141,Gautam Buddha Nagar,Hybrid,2300.0,2500,2400,price_data (3).csv
2020-09-30,Tomato,2541,Dankaur,9,Uttar Pradesh,141,Gautam Buddha Nagar,Deshi,2533.0,2600,2575,price_data (3).csv
2020-09-29,Tomato,2541,Dankaur,9,Uttar Pradesh,141,Gautam Buddha Nagar,Deshi,2455.0,2495,2470,price_data (3).csv
2020-09-29,Tomato,1903,Dadri,9,Uttar Pradesh,141,Gautam Buddha Nagar,Hybrid,2250.0,2450,2350,price_data (3).csv
2020-09-28,Tomato,2541,Dankaur,9,Uttar Pradesh,141,Gautam Buddha Nagar,Deshi,2400.0,2500,2455,price_data (3).csv
2020-09-28,Tomato,1903,Dadri,9,Uttar Pradesh,141,Gautam Buddha Nagar,Hybrid,2300.0,2500,2400,price_data (3).csv
2020-09-27,Tomato,1903,Dadri,9,Uttar Pradesh,141,Gautam Buddha Nagar,Hybrid,2150.0,2350,2250,price_data (3).csv
2020-09-26,Tomato,1903,Dadri,9,Uttar Pradesh,141,Gautam Buddha Nagar,Hybrid,2300.0,2470,2400,price_data (3).csv
2020-09-26,Tomato,2541,Dankaur,9,Uttar Pradesh,141,Gautam Buddha Nagar,Deshi,2700.0,2755,2710,price_data (3).csv
2020-09-25,Tomato,2541,Dankaur,9,Uttar Pradesh,141,Gautam Buddha Nagar,Deshi,2700.0,2768,2742,price_data (3).csv
2020-09-25,Tomato,1903,Dadri,9,Uttar Pradesh,141,Gautam Buddha Nagar,Hybrid,2450.0,2670,2570,price_data (3).csv
2020-09-24,Tomato,1903,Dadri,9,Uttar Pradesh,141,Gautam Buddha Nagar,Hybrid,2500.0,2700,2600,price_data (3).csv
2020-09-23,Tomato,2541,Dankaur,9,Uttar Pradesh,141,Gautam Buddha Nagar,Deshi,2655.0,2745,2700,price_data (3).csv
2020-09-22,Tomato,2541,Dankaur,9,Uttar Pradesh,141,Gautam Buddha Nagar,Deshi,2700.0,2740,2715,price_data (3).csv
2020-09-22,Tomato,1903,Dadri,9,Uttar Pradesh,141,Gautam Buddha Nagar,Hybrid,2600.0,2800,2700,price_data (3).csv
2020-09-21,Tomato,1903,Dadri,9,Uttar Pradesh,141,Gautam Buddha Nagar,Hybrid,2650.0,2850,2750,price_data (3).csv
2020-09-21,Tomato,2541,Dankaur,9,Uttar Pradesh,141,Gautam Buddha Nagar,Deshi,2700.0,2800,2755,price_data (3).csv
2020-09-20,Tomato,1903,Dadri,9,Uttar Pradesh,141,Gautam Buddha Nagar,Hybrid,2650.0,2850,2750,price_data (3).csv
2020-09-19,Tomato,1903,Dadri,9,Uttar Pradesh,141,Gautam Buddha Nagar,Hybrid,2700.0,2880,2780,price_data (3).csv
2020-09-18,Tomato,1903,Dadri,9,Uttar Pradesh,141,Gautam Buddha Nagar,Hybrid,2550.0,2750,2650,price_data (3).csv
2020-09-18,Tomato,2541,Dankaur,9,Uttar Pradesh,141,Gautam Buddha Nagar,Deshi,2700.0,2782,2755,price_data (3).csv
2020-09-17,Tomato,2541,Dankaur,9,Uttar Pradesh,141,Gautam Buddha Nagar,Deshi,2700.0,2745,2710,price_data (3).csv
2020-09-17,Tomato,1903,Dadri,9,Uttar Pradesh,141,Gautam Buddha Nagar,Hybrid,2650.0,2850,2750,price_data (3).csv
2020-09-15,Tomato,2541,Dankaur,9,Uttar Pradesh,141,Gautam Buddha Nagar,Deshi,2700.0,2756,2715,price_data (3).csv
2020-09-15,Tomato,1903,Dadri,9,Uttar Pradesh,141,Gautam Buddha Nagar,Hybrid,2800.0,3000,2900,price_data (3).csv
2020-09-14,Tomato,1903,Dadri,9,Uttar Pradesh,141,Gautam Buddha Nagar,Hybrid,2850.0,3030,2930,price_data (3).csv
2020-09-13,Tomato,1903,Dadri,9,Uttar Pradesh,141,Gautam Buddha Nagar,Hybrid,2800.0,3000,2900,price_data (3).csv
2020-09-12,Tomato,1903,Dadri,9,Uttar Pradesh,141,Gautam Buddha Nagar,Hybrid,2800.0,3000,2900,price_data (3).csv
2020-09-11,Tomato,1903,Dadri,9,Uttar Pradesh,141,Gautam Buddha Nagar,Hybrid,2800.0,2980,2880,price_data (3).csv
2020-09-11,Tomato,2541,Dankaur,9,Uttar Pradesh,141,Gautam Buddha Nagar,Deshi,2642.0,2700,2675,price_data (3).csv
2020-09-10,Tomato,2541,Dankaur,9,Uttar Pradesh,141,Gautam Buddha Nagar,Deshi,2600.0,2655,2615,price_data (3).csv
2020-09-10,Tomato,1903,Dadri,9,Uttar Pradesh,141,Gautam Buddha Nagar,Hybrid,2800.0,2980,2880,price_data (3).csv
2020-09-09,Tomato,1903,Dadri,9,Uttar Pradesh,141,Gautam Buddha Nagar,Hybrid,2650.0,2850,2750,price_data (3).csv
2020-09-09,Tomato,2541,Dankaur,9,Uttar Pradesh,141,Gautam Buddha Nagar,Deshi,2600.0,2682,2655,price_data (3).csv
2020-09-08,Tomato,1903,Dadri,9,Uttar Pradesh,141,Gautam Buddha Nagar,Hybrid,2600.0,2800,2700,price_data (3).csv
2020-09-07,Tomato,1903,Dadri,9,Uttar Pradesh,141,Gautam Buddha Nagar,Hybrid,2750.0,2950,2850,price_data (3).csv
2020-09-07,Tomato,2541,Dankaur,9,Uttar Pradesh,141,Gautam Buddha Nagar,Deshi,2800.0,2856,2812,price_data (3).csv
2020-09-05,Tomato,1903,Dadri,9,Uttar Pradesh,141,Gautam Buddha Nagar,Hybrid,2700.0,2900,2800,price_data (3).csv
2020-09-05,Tomato,2541,Dankaur,9,Uttar Pradesh,141,Gautam Buddha Nagar,Deshi,2725.0,2800,2785,price_data (3).csv
2020-09-05,Tomato,1903,Dadri,9,Uttar Pradesh,141,Gautam Buddha Nagar,Deshi,2600.0,2800,2700,price_data (3).csv
2020-09-04,Tomato,1903,Dadri,9,Uttar Pradesh,141,Gautam Buddha Nagar,Deshi,2650.0,2850,2750,price_data (3).csv
2020-09-04,Tomato,1903,Dadri,9,Uttar Pradesh,141,Gautam Buddha Nagar,Hybrid,2750.0,2950,2850,price_data (3).csv
2020-09-03,Tomato,1903,Dadri,9,Uttar Pradesh,141,Gautam Buddha Nagar,Hybrid,2850.0,3050,2950,price_data (3).csv
2020-09-03,Tomato,1903,Dadri,9,Uttar Pradesh,141,Gautam Buddha Nagar,Deshi,2800.0,3000,2900,price_data (3).csv
2020-09-03,Tomato,2541,Dankaur,9,Uttar Pradesh,141,Gautam Buddha Nagar,Deshi,2800.0,2877,2842,price_data (3).csv
2020-09-02,Tomato,1903,Dadri,9,Uttar Pradesh,141,Gautam Buddha Nagar,Hybrid,2900.0,3080,2980,price_data (3).csv
2020-09-02,Tomato,2541,Dankaur,9,Uttar Pradesh,141,Gautam Buddha Nagar,Deshi,2700.0,2785,2740,price_data (3).csv
2020-09-02,Tomato,1903,Dadri,9,Uttar Pradesh,141,Gautam Buddha Nagar,Deshi,2800.0,3000,2900,price_data (3).csv
2020-09-01,Tomato,2541,Dankaur,9,Uttar Pradesh,141,Gautam Buddha Nagar,Deshi,2800.0,2842,2811,price_data (3).csv
2020-08-31,Tomato,1903,Dadri,9,Uttar Pradesh,141,Gautam Buddha Nagar,Deshi,2700.0,2860,2780,price_data (3).csv
2020-08-31,Tomato,1903,Dadri,9,Uttar Pradesh,141,Gautam Buddha Nagar,Hybrid,2800.0,2980,2880,price_data (3).csv
2020-08-31,Tomato,2541,Dankaur,9,Uttar Pradesh,141,Gautam Buddha Nagar,Deshi,2718.0,2800,2762,price_data (3).csv
2020-08-30,Tomato,1903,Dadri,9,Uttar Pradesh,141,Gautam Buddha Nagar,Deshi,2500.0,2700,2600,price_data (3).csv
2020-08-28,Tomato,2541,Dankaur,9,Uttar Pradesh,141,Gautam Buddha Nagar,Deshi,2640.0,2700,2688,price_data (3).csv
2020-08-27,Tomato,1903,Dadri,9,Uttar Pradesh,141,Gautam Buddha Nagar,Deshi,2550.0,2750,2650,price_data (3).csv
2020-08-27,Tomato,2541,Dankaur,9,Uttar Pradesh,141,Gautam Buddha Nagar,Deshi,2600.0,2674,2612,price_data (3).csv
2020-08-27,Tomato,1903,Dadri,9,Uttar Pradesh,141,Gautam Buddha Nagar,Hybrid,2600.0,2800,2700,price_data (3).csv
2020-08-26,Tomato,2541,Dankaur,9,Uttar Pradesh,141,Gautam Buddha Nagar,Deshi,2642.0,2700,2675,price_data (3).csv
2020-08-26,Tomato,1903,Dadri,9,Uttar Pradesh,141,Gautam Buddha Nagar,Hybrid,2700.0,2900,2800,price_data (3).csv
2020-08-25,Tomato,1903,Dadri,9,Uttar Pradesh,141,Gautam Buddha Nagar,Hybrid,2700.0,2900,2800,price_data (3).csv
2020-08-25,Tomato,2541,Dankaur,9,Uttar Pradesh,141,Gautam Buddha Nagar,Deshi,2600.0,2677,2615,price_data (3).csv
2020-08-24,Tomato,2541,Dankaur,9,Uttar Pradesh,141,Gautam Buddha Nagar,Deshi,2300.0,2400,2341,price_data (3).csv
2020-08-24,Tomato,1903,Dadri,9,Uttar Pradesh,141,Gautam Buddha Nagar,Hybrid,2650.0,2850,2750,price_data (3).csv
2020-08-23,Tomato,1903,Dadri,9,Uttar Pradesh,141,Gautam Buddha Nagar,Hybrid,2550.0,2750,2650,price_data (3).csv
2020-08-21,Tomato,1903,Dadri,9,Uttar Pradesh,141,Gautam Buddha Nagar,Hybrid,2500.0,2680,2580,price_data (3).csv
2020-08-21,Tomato,2541,Dankaur,9,Uttar Pradesh,141,Gautam Buddha Nagar,Deshi,2300.0,2375,2315,price_data (3).csv
2020-08-20,Tomato,1903,Dadri,9,Uttar Pradesh,141,Gautam Buddha Nagar,Hybrid,2350.0,2550,2450,price_data (3).csv
2020-08-20,Tomato,2541,Dankaur,9,Uttar Pradesh,141,Gautam Buddha Nagar,Deshi,2300.0,2375,2315,price_data (3).csv
2020-08-19,Tomato,1903,Dadri,9,Uttar Pradesh,141,Gautam Buddha Nagar,Hybrid,2250.0,2450,2350,price_data (3).csv
2020-08-19,Tomato,2541,Dankaur,9,Uttar Pradesh,141,Gautam Buddha Nagar,Deshi,2300.0,2400,2322,price_data (3).csv
2020-08-18,Tomato,1903,Dadri,9,Uttar Pradesh,141,Gautam Buddha Nagar,Hybrid,2200.0,2400,2300,price_data (3).csv
2020-08-18,Tomato,2541,Dankaur,9,Uttar Pradesh,141,Gautam Buddha Nagar,Deshi,2400.0,2500,2455,price_data (3).csv
2020-08-17,Tomato,2541,Dankaur,9,Uttar Pradesh,141,Gautam Buddha Nagar,Deshi,2342.0,2455,2400,price_data (3).csv
2020-08-17,Tomato,1903,Dadri,9,Uttar Pradesh,141,Gautam Buddha Nagar,Hybrid,2300.0,2500,2400,price_data (3).csv
2020-08-16,Tomato,1903,Dadri,9,Uttar Pradesh,141,Gautam Buddha Nagar,Hybrid,2180.0,2360,2260,price_data (3).csv
2020-08-15,Tomato,1903,Dadri,9,Uttar Pradesh,141,Gautam Buddha Nagar,Hybrid,2100.0,2300,2200,price_data (3).csv
2020-08-14,Tomato,2541,Dankaur,9,Uttar Pradesh,141,Gautam Buddha Nagar,Deshi,2520.0,2600,2576,price_data (3).csv
2020-08-14,Tomato,1903,Dadri,9,Uttar Pradesh,141,Gautam Buddha Nagar,Hybrid,2200.0,2400,2300,price_data (3).csv
2020-08-13,Tomato,1903,Dadri,9,Uttar Pradesh,141,Gautam Buddha Nagar,Hybrid,2600.0,2750,2650,price_data (3).csv
2020-08-13,Tomato,2541,Dankaur,9,Uttar Pradesh,141,Gautam Buddha Nagar,Deshi,2500.0,2570,2535,price_data (3).csv
2020-08-12,Tomato,1903,Dadri,9,Uttar Pradesh,141,Gautam Buddha Nagar,Hybrid,2600.0,2800,2700,price_data (3).csv
2020-08-12,Tomato,2541,Dankaur,9,Uttar Pradesh,141,Gautam Buddha Nagar,Deshi,2500.0,2600,2561,price_data (3).csv
2020-08-11,Tomato,1903,Dadri,9,Uttar Pradesh,141,Gautam Buddha Nagar,Hybrid,2600.0,2800,2700,price_data (3).csv
2020-08-11,Tomato,2541,Dankaur,9,Uttar Pradesh,141,Gautam Buddha Nagar,Deshi,2912.0,2988,2966,price_data (3).csv
2020-08-10,Tomato,2541,Dankaur,9,Uttar Pradesh,141,Gautam Buddha Nagar,Deshi,2650.0,2745,2700,price_data (3).csv
2020-08-10,Tomato,1903,Dadri,9,Uttar Pradesh,141,Gautam Buddha Nagar,Hybrid,2800.0,3000,2900,price_data (3).csv
2020-08-09,Tomato,1903,Dadri,9,Uttar Pradesh,141,Gautam Buddha Nagar,Hybrid,2700.0,2900,2800,price_data (3).csv
2020-08-08,Tomato,1903,Dadri,9,Uttar Pradesh,141,Gautam Buddha Nagar,Hybrid,2850.0,3050,2950,price_data (3).csv
2020-08-07,Tomato,2541,Dankaur,9,Uttar Pradesh,141,Gautam Buddha Nagar,Deshi,2900.0,2985,2931,price_data (3).csv
2020-08-07,Tomato,1903,Dadri,9,Uttar Pradesh,141,Gautam Buddha Nagar,Hybrid,2900.0,3050,2950,price_data (3).csv
2020-08-06,Tomato,1903,Dadri,9,Uttar Pradesh,141,Gautam Buddha Nagar,Hybrid,2800.0,3000,2900,price_data (3).csv
2020-08-06,Tomato,2541,Dankaur,9,Uttar Pradesh,141,Gautam Buddha Nagar,Deshi,2870.0,2940,2900,price_data (3).csv
2020-08-05,Tomato,2541,Dankaur,9,Uttar Pradesh,141,Gautam Buddha Nagar,Deshi,2900.0,2988,2942,price_data (3).csv
2020-08-05,Tomato,1903,Dadri,9,Uttar Pradesh,141,Gautam Buddha Nagar,Hybrid,2870.0,3050,2950,price_data (3).csv
2020-08-04,Tomato,1903,Dadri,9,Uttar Pradesh,141,Gautam Buddha Nagar,Hybrid,3000.0,3180,3080,price_data (3).csv
2020-08-04,Tomato,2541,Dankaur,9,Uttar Pradesh,141,Gautam Buddha Nagar,Deshi,2877.0,2961,2900,price_data (3).csv
2020-08-03,Tomato,1903,Dadri,9,Uttar Pradesh,141,Gautam Buddha Nagar,Hybrid,2950.0,3150,3050,price_data (3).csv
2020-08-02,Tomato,1903,Dadri,9,Uttar Pradesh,141,Gautam Buddha Nagar,Hybrid,2950.0,3150,3050,price_data (3).csv
2020-07-31,Tomato,1903,Dadri,9,Uttar Pradesh,141,Gautam Buddha Nagar,Hybrid,2950.0,3150,3030,price_data (3).csv
2020-07-31,Tomato,2541,Dankaur,9,Uttar Pradesh,141,Gautam Buddha Nagar,Deshi,2900.0,2988,2961,price_data (3).csv
2020-07-30,Tomato,1903,Dadri,9,Uttar Pradesh,141,Gautam Buddha Nagar,Hybrid,2950.0,3150,3050,price_data (3).csv
2020-07-30,Tomato,2541,Dankaur,9,Uttar Pradesh,141,Gautam Buddha Nagar,Deshi,2900.0,2944,2915,price_data (3).csv
2020-07-29,Tomato,2541,Dankaur,9,Uttar Pradesh,141,Gautam Buddha Nagar,Deshi,2900.0,2987,2947,price_data (3).csv
2020-07-29,Tomato,1903,Dadri,9,Uttar Pradesh,141,Gautam Buddha Nagar,Hybrid,2950.0,3150,3050,price_data (3).csv
2020-07-28,Tomato,2541,Dankaur,9,Uttar Pradesh,141,Gautam Buddha Nagar,Deshi,2900.0,2956,2931,price_data (3).csv
2020-07-28,Tomato,1903,Dadri,9,Uttar Pradesh,141,Gautam Buddha Nagar,Hybrid,2900.0,3100,3000,price_data (3).csv
2020-07-27,Tomato,2541,Dankaur,9,Uttar Pradesh,141,Gautam Buddha Nagar,Deshi,2900.0,2988,2944,price_data (3).csv
2020-07-27,Tomato,1903,Dadri,9,Uttar Pradesh,141,Gautam Buddha Nagar,Hybrid,2800.0,3000,2900,price_data (3).csv
2020-07-25,Tomato,1903,Dadri,9,Uttar Pradesh,141,Gautam Buddha Nagar,Hybrid,2850.0,3050,2950,price_data (3).csv
2020-07-24,Tomato,1903,Dadri,9,Uttar Pradesh,141,Gautam Buddha Nagar,Hybrid,2850.0,3050,2950,price_data (3).csv
2020-07-24,Tomato,2541,Dankaur,9,Uttar Pradesh,141,Gautam Buddha Nagar,Deshi,2900.0,2981,2951,price_data (3).csv
2020-07-23,Tomato,2541,Dankaur,9,Uttar Pradesh,141,Gautam Buddha Nagar,Deshi,2915.0,2985,2961,price_data (3).csv
2020-07-23,Tomato,1903,Dadri,9,Uttar Pradesh,141,Gautam Buddha Nagar,Hybrid,2750.0,2950,2850,price_data (3).csv
2020-07-22,Tomato,1903,Dadri,9,Uttar Pradesh,141,Gautam Buddha Nagar,Deshi,2900.0,3100,3000,price_data (3).csv
2020-07-22,Tomato,2541,Dankaur,9,Uttar Pradesh,141,Gautam Buddha Nagar,Deshi,2900.0,2975,2930,price_data (3).csv
2020-07-21,Tomato,1903,Dadri,9,Uttar Pradesh,141,Gautam Buddha Nagar,Hybrid,2950.0,3150,3050,price_data (3).csv
2020-07-21,Tomato,2541,Dankaur,9,Uttar Pradesh,141,Gautam Buddha Nagar,Deshi,2900.0,3000,2941,price_data (3).csv
2020-07-20,Tomato,1903,Dadri,9,Uttar Pradesh,141,Gautam Buddha Nagar,Hybrid,2750.0,2900,2800,price_data (3).csv
2020-07-20,Tomato,2541,Dankaur,9,Uttar Pradesh,141,Gautam Buddha Nagar,Deshi,2855.0,2965,2900,price_data (3).csv
2020-07-19,Tomato,1903,Dadri,9,Uttar Pradesh,141,Gautam Buddha Nagar,Hybrid,2740.0,2900,2800,price_data (3).csv
2020-07-18,Tomato,2541,Dankaur,9,Uttar Pradesh,141,Gautam Buddha Nagar,Deshi,2900.0,2985,2940,price_data (3).csv
2020-07-18,Tomato,1903,Dadri,9,Uttar Pradesh,141,Gautam Buddha Nagar,Hybrid,2750.0,2900,2830,price_data (3).csv
2020-07-17,Tomato,1903,Dadri,9,Uttar Pradesh,141,Gautam Buddha Nagar,Hybrid,2770.0,2930,2850,price_data (3).csv
2020-07-17,Tomato,2541,Dankaur,9,Uttar Pradesh,141,Gautam Buddha Nagar,Deshi,2900.0,2986,2944,price_data (3).csv
2020-07-16,Tomato,1903,Dadri,9,Uttar Pradesh,141,Gautam Buddha Nagar,Hybrid,2750.0,2950,2850,price_data (3).csv
2020-07-16,Tomato,2541,Dankaur,9,Uttar Pradesh,141,Gautam Buddha Nagar,Deshi,2875.0,2985,2912,price_data (3).csv
2020-07-15,Tomato,1903,Dadri,9,Uttar Pradesh,141,Gautam Buddha Nagar,Hybrid,2660.0,2790,2710,price_data (3).csv
2020-07-15,Tomato,2541,Dankaur,9,Uttar Pradesh,141,Gautam Buddha Nagar,Deshi,2900.0,3000,2956,price_data (3).csv
2020-07-14,Tomato,1903,Dadri,9,Uttar Pradesh,141,Gautam Buddha Nagar,Hybrid,2630.0,2800,2700,price_data (3).csv
2020-07-14,Tomato,2541,Dankaur,9,Uttar Pradesh,141,Gautam Buddha Nagar,Deshi,2900.0,2975,2932,price_data (3).csv
2020-07-13,Tomato,2541,Dankaur,9,Uttar Pradesh,141,Gautam Buddha Nagar,Deshi,2855.0,2965,2900,price_data (3).csv
2020-07-13,Tomato,1903,Dadri,9,Uttar Pradesh,141,Gautam Buddha Nagar,Deshi,2450.0,2600,2520,price_data (3).csv
2020-07-13,Tomato,1903,Dadri,9,Uttar Pradesh,141,Gautam Buddha Nagar,Hybrid,2630.0,2780,2700,price_data (3).csv
2020-07-10,Tomato,2541,Dankaur,9,Uttar Pradesh,141,Gautam Buddha Nagar,Deshi,2800.0,2875,2812,price_data (3).csv
2020-07-10,Tomato,1903,Dadri,9,Uttar Pradesh,141,Gautam Buddha Nagar,Deshi,2500.0,2650,2550,price_data (3).csv
2020-07-10,Tomato,1903,Dadri,9,Uttar Pradesh,141,Gautam Buddha Nagar,Hybrid,2650.0,2800,2720,price_data (3).csv
2020-07-09,Tomato,2541,Dankaur,9,Uttar Pradesh,141,Gautam Buddha Nagar,Deshi,2800.0,2900,2850,price_data (3).csv
2020-07-09,Tomato,1903,Dadri,9,Uttar Pradesh,141,Gautam Buddha Nagar,Hybrid,2650.0,2800,2700,price_data (3).csv
2020-07-09,Tomato,1903,Dadri,9,Uttar Pradesh,141,Gautam Buddha Nagar,Deshi,2500.0,2650,2550,price_data (3).csv
2020-07-07,Tomato,1903,Dadri,9,Uttar Pradesh,141,Gautam Buddha Nagar,Hybrid,2600.0,2780,2700,price_data (3).csv
2020-07-07,Tomato,2541,Dankaur,9,Uttar Pradesh,141,Gautam Buddha Nagar,Deshi,2600.0,2700,2642,price_data (3).csv
2020-07-07,Tomato,1903,Dadri,9,Uttar Pradesh,141,Gautam Buddha Nagar,Deshi,2450.0,2600,2520,price_data (3).csv
2020-07-06,Tomato,1903,Dadri,9,Uttar Pradesh,141,Gautam Buddha Nagar,Deshi,2450.0,2600,2500,price_data (3).csv
2020-07-06,Tomato,1903,Dadri,9,Uttar Pradesh,141,Gautam Buddha Nagar,Hybrid,2650.0,2800,2730,price_data (3).csv
2020-07-05,Tomato,1903,Dadri,9,Uttar Pradesh,141,Gautam Buddha Nagar,Deshi,2450.0,2600,2500,price_data (3).csv
2020-07-05,Tomato,1903,Dadri,9,Uttar Pradesh,141,Gautam Buddha Nagar,Hybrid,2630.0,2800,2730,price_data (3).csv
2020-07-04,Tomato,1903,Dadri,9,Uttar Pradesh,141,Gautam Buddha Nagar,Hybrid,2600.0,2750,2660,price_data (3).csv
2020-07-04,Tomato,2541,Dankaur,9,Uttar Pradesh,141,Gautam Buddha Nagar,Deshi,2040.0,2145,2100,price_data (3).csv
2020-07-04,Tomato,1903,Dadri,9,Uttar Pradesh,141,Gautam Buddha Nagar,Deshi,2400.0,2550,2450,price_data (3).csv
2020-07-03,Tomato,1903,Dadri,9,Uttar Pradesh,141,Gautam Buddha Nagar,Deshi,2050.0,2230,2150,price_data (3).csv
2020-07-02,Tomato,2541,Dankaur,9,Uttar Pradesh,141,Gautam Buddha Nagar,Deshi,1522.0,1620,1568,price_data (3).csv
2020-07-02,Tomato,1903,Dadri,9,Uttar Pradesh,141,Gautam Buddha Nagar,Deshi,1950.0,2070,2000,price_data (3).csv
2020-07-01,Tomato,2541,Dankaur,9,Uttar Pradesh,141,Gautam Buddha Nagar,Deshi,1500.0,1600,1542,price_data (3).csv
2020-06-30,Tomato,2541,Dankaur,9,Uttar Pradesh,141,Gautam Buddha Nagar,Deshi,1520.0,1600,1585,price_data (3).csv
2020-06-30,Tomato,1903,Dadri,9,Uttar Pradesh,141,Gautam Buddha Nagar,Deshi,2000.0,2200,2100,price_data (3).csv
2020-06-29,Tomato,2541,Dankaur,9,Uttar Pradesh,141,Gautam Buddha Nagar,Deshi,1500.0,1600,1520,price_data (3).csv
2020-06-29,Tomato,1903,Dadri,9,Uttar Pradesh,141,Gautam Buddha Nagar,Deshi,1750.0,1900,1800,price_data (3).csv
2020-06-28,Tomato,1903,Dadri,9,Uttar Pradesh,141,Gautam Buddha Nagar,Deshi,1550.0,1700,1600,price_data (3).csv
2020-06-28,Tomato,2541,Dankaur,9,Uttar Pradesh,141,Gautam Buddha Nagar,Deshi,1500.0,1600,1582,price_data (3).csv
2020-06-27,Tomato,1903,Dadri,9,Uttar Pradesh,141,Gautam Buddha Nagar,Deshi,1350.0,1500,1400,price_data (3).csv
2020-06-27,Tomato,2541,Dankaur,9,Uttar Pradesh,141,Gautam Buddha Nagar,Deshi,1500.0,1600,1550,price_data (3).csv
2020-06-26,Tomato,1903,Dadri,9,Uttar Pradesh,141,Gautam Buddha Nagar,Deshi,1200.0,1330,1250,price_data (3).csv
2020-06-26,Tomato,2541,Dankaur,9,Uttar Pradesh,141,Gautam Buddha Nagar,Deshi,1525.0,1620,1580,price_data (3).csv
2020-06-25,Tomato,1903,Dadri,9,Uttar Pradesh,141,Gautam Buddha Nagar,Deshi,1050.0,1180,1100,price_data (3).csv
2020-06-25,Tomato,2541,Dankaur,9,Uttar Pradesh,141,Gautam Buddha Nagar,Deshi,1100.0,1200,1121,price_data (3).csv
2020-06-24,Tomato,2541,Dankaur,9,Uttar Pradesh,141,Gautam Buddha Nagar,Deshi,1100.0,1200,1130,price_data (3).csv
2020-06-23,Tomato,2541,Dankaur,9,Uttar Pradesh,141,Gautam Buddha Nagar,Deshi,1100.0,1244,1162,price_data (3).csv
2020-06-23,Tomato,1903,Dadri,9,Uttar Pradesh,141,Gautam Buddha Nagar,Deshi,1100.0,1250,1150,price_data (3).csv
2020-06-22,Tomato,1903,Dadri,9,Uttar Pradesh,141,Gautam Buddha Nagar,Deshi,1000.0,1100,1050,price_data (3).csv
2020-06-22,Tomato,2541,Dankaur,9,Uttar Pradesh,141,Gautam Buddha Nagar,Deshi,1100.0,1185,1120,price_data (3).csv
2020-06-21,Tomato,1903,Dadri,9,Uttar Pradesh,141,Gautam Buddha Nagar,Deshi,1000.0,1100,1050,price_data (3).csv
2020-06-21,Tomato,2541,Dankaur,9,Uttar Pradesh,141,Gautam Buddha Nagar,Deshi,1100.0,1242,1165,price_data (3).csv
2020-06-20,Tomato,2541,Dankaur,9,Uttar Pradesh,141,Gautam Buddha Nagar,Deshi,1100.0,1200,1125,price_data (3).csv
2020-06-20,Tomato,1903,Dadri,9,Uttar Pradesh,141,Gautam Buddha Nagar,Deshi,980.0,1080,1030,price_data (3).csv
2020-06-19,Tomato,2541,Dankaur,9,Uttar Pradesh,141,Gautam Buddha Nagar,Deshi,1020.0,1122,1100,price_data (3).csv
2020-06-19,Tomato,1903,Dadri,9,Uttar Pradesh,141,Gautam Buddha Nagar,Deshi,1000.0,1100,1050,price_data (3).csv
2020-06-18,Tomato,1903,Dadri,9,Uttar Pradesh,141,Gautam Buddha Nagar,Deshi,1000.0,1100,1050,price_data (3).csv
2020-06-17,Tomato,2541,Dankaur,9,Uttar Pradesh,141,Gautam Buddha Nagar,Deshi,985.0,1125,1020,price_data (3).csv
2020-06-16,Tomato,1903,Dadri,9,Uttar Pradesh,141,Gautam Buddha Nagar,Deshi,1050.0,1150,1100,price_data (3).csv
2020-06-16,Tomato,2541,Dankaur,9,Uttar Pradesh,141,Gautam Buddha Nagar,Deshi,1020.0,1175,1100,price_data (3).csv
2020-06-15,Tomato,1903,Dadri,9,Uttar Pradesh,141,Gautam Buddha Nagar,Deshi,1100.0,1200,1150,price_data (3).csv
2020-06-15,Tomato,2541,Dankaur,9,Uttar Pradesh,141,Gautam Buddha Nagar,Deshi,1010.0,1155,1080,price_data (3).csv
2020-06-14,Tomato,2541,Dankaur,9,Uttar Pradesh,141,Gautam Buddha Nagar,Deshi,1000.0,1100,1025,price_data (3).csv
2020-06-14,Tomato,1903,Dadri,9,Uttar Pradesh,141,Gautam Buddha Nagar,Deshi,1100.0,1200,1150,price_data (3).csv
2020-06-13,Tomato,2541,Dankaur,9,Uttar Pradesh,141,Gautam Buddha Nagar,Deshi,1122.0,1232,1180,price_data (3).csv
2020-06-13,Tomato,1903,Dadri,9,Uttar Pradesh,141,Gautam Buddha Nagar,Deshi,1050.0,1160,1100,price_data (3).csv
2020-06-12,Tomato,2541,Dankaur,9,Uttar Pradesh,141,Gautam Buddha Nagar,Deshi,1100.0,1200,1120,price_data (3).csv
2020-06-12,Tomato,1903,Dadri,9,Uttar Pradesh,141,Gautam Buddha Nagar,Deshi,1050.0,1200,1100,price_data (3).csv
2020-06-11,Tomato,1903,Dadri,9,Uttar Pradesh,141,Gautam Buddha Nagar,Deshi,1100.0,1220,1150,price_data (3).csv
2020-06-11,Tomato,2541,Dankaur,9,Uttar Pradesh,141,Gautam Buddha Nagar,Deshi,1100.0,1240,1180,price_data (3).csv
2020-06-10,Tomato,2541,Dankaur,9,Uttar Pradesh,141,Gautam Buddha Nagar,Deshi,1100.0,1200,1142,price_data (3).csv
2020-06-10,Tomato,1903,Dadri,9,Uttar Pradesh,141,Gautam Buddha Nagar,Deshi,1070.0,1180,1120,price_data (3).csv
2020-06-09,Tomato,2541,Dankaur,9,Uttar Pradesh,141,Gautam Buddha Nagar,Deshi,1025.0,1200,1100,price_data (3).csv
2020-06-09,Tomato,1903,Dadri,9,Uttar Pradesh,141,Gautam Buddha Nagar,Deshi,1100.0,1200,1150,price_data (3).csv
2020-06-08,Tomato,2541,Dankaur,9,Uttar Pradesh,141,Gautam Buddha Nagar,Deshi,1100.0,1185,1125,price_data (3).csv
2020-06-08,Tomato,1903,Dadri,9,Uttar Pradesh,141,Gautam Buddha Nagar,Deshi,1100.0,1220,1150,price_data (3).csv
2020-06-07,Tomato,1903,Dadri,9,Uttar Pradesh,141,Gautam Buddha Nagar,Deshi,1050.0,1150,1100,price_data (3).csv
2020-06-07,Tomato,2541,Dankaur,9,Uttar Pradesh,141,Gautam Buddha Nagar,Deshi,1100.0,1200,1170,price_data (3).csv
2020-06-06,Tomato,2541,Dankaur,9,Uttar Pradesh,141,Gautam Buddha Nagar,Deshi,1020.0,1175,1100,price_data (3).csv
2020-06-05,Tomato,1903,Dadri,9,Uttar Pradesh,141,Gautam Buddha Nagar,Deshi,1050.0,1160,1100,price_data (3).csv
2020-06-05,Tomato,2541,Dankaur,9,Uttar Pradesh,141,Gautam Buddha Nagar,Deshi,1000.0,1120,1056,price_data (3).csv
2020-06-04,Tomato,1903,Dadri,9,Uttar Pradesh,141,Gautam Buddha Nagar,Deshi,1100.0,1250,1200,price_data (3).csv
2020-06-04,Tomato,2541,Dankaur,9,Uttar Pradesh,141,Gautam Buddha Nagar,Deshi,1000.0,1100,1025,price_data (3).csv
2020-06-03,Tomato,1903,Dadri,9,Uttar Pradesh,141,Gautam Buddha Nagar,Deshi,1250.0,1350,1300,price_data (3).csv
2020-06-03,Tomato,2541,Dankaur,9,Uttar Pradesh,141,Gautam Buddha Nagar,Deshi,812.0,1020,900,price_data (3).csv
2020-06-02,Tomato,2541,Dankaur,9,Uttar Pradesh,141,Gautam Buddha Nagar,Deshi,900.0,1020,955,price_data (3).csv
2020-06-02,Tomato,1903,Dadri,9,Uttar Pradesh,141,Gautam Buddha Nagar,Deshi,1250.0,1360,1300,price_data (3).csv
2020-06-01,Tomato,2541,Dankaur,9,Uttar Pradesh,141,Gautam Buddha Nagar,Deshi,900.0,1020,920,price_data (3).csv
2020-05-31,Tomato,2541,Dankaur,9,Uttar Pradesh,141,Gautam Buddha Nagar,Deshi,900.0,1050,956,price_data (3).csv
2020-05-31,Tomato,2542,Javer,9,Uttar Pradesh,141,Gautam Buddha Nagar,Other,,1000,900,price_data (3).csv
2020-05-31,Tomato,1903,Dadri,9,Uttar Pradesh,141,Gautam Buddha Nagar,Deshi,1270.0,1380,1320,price_data (3).csv
2020-05-30,Tomato,1903,Dadri,9,Uttar Pradesh,141,Gautam Buddha Nagar,Deshi,1250.0,1360,1300,price_data (3).csv
2020-05-30,Tomato,2541,Dankaur,9,Uttar Pradesh,141,Gautam Buddha Nagar,Deshi,900.0,1020,915,price_data (3).csv
2020-05-29,Tomato,2541,Dankaur,9,Uttar Pradesh,141,Gautam Buddha Nagar,Deshi,900.0,1020,956,price_data (3).csv
2020-05-29,Tomato,1903,Dadri,9,Uttar Pradesh,141,Gautam Buddha Nagar,Deshi,1250.0,1350,1300,price_data (3).csv
2020-05-28,Tomato,1903,Dadri,9,Uttar Pradesh,141,Gautam Buddha Nagar,Deshi,1230.0,1330,1270,price_data (3).csv
2020-05-28,Tomato,2541,Dankaur,9,Uttar Pradesh,141,Gautam Buddha Nagar,Deshi,920.0,1020,972,price_data (3).csv
2020-05-27,Tomato,2541,Dankaur,9,Uttar Pradesh,141,Gautam Buddha Nagar,Deshi,888.0,1010,912,price_data (3).csv
2020-05-27,Tomato,1903,Dadri,9,Uttar Pradesh,141,Gautam Buddha Nagar,Deshi,1190.0,1280,1230,price_data (3).csv
2020-05-26,Tomato,2541,Dankaur,9,Uttar Pradesh,141,Gautam Buddha Nagar,Deshi,900.0,1010,955,price_data (3).csv
2020-05-26,Tomato,1903,Dadri,9,Uttar Pradesh,141,Gautam Buddha Nagar,Deshi,1190.0,1280,1230,price_data (3).csv
2020-05-25,Tomato,1903,Dadri,9,Uttar Pradesh,141,Gautam Buddha Nagar,Deshi,1200.0,1310,1250,price_data (3).csv
2020-05-25,Tomato,2541,Dankaur,9,Uttar Pradesh,141,Gautam Buddha Nagar,Deshi,900.0,988,920,price_data (3).csv
2020-05-24,Tomato,1903,Dadri,9,Uttar Pradesh,141,Gautam Buddha Nagar,Deshi,1250.0,1360,1300,price_data (3).csv
2020-05-24,Tomato,2541,Dankaur,9,Uttar Pradesh,141,Gautam Buddha Nagar,Deshi,940.0,1020,985,price_data (3).csv
2020-05-23,Tomato,1903,Dadri,9,Uttar Pradesh,141,Gautam Buddha Nagar,Deshi,1240.0,1370,1300,price_data (3).csv
2020-05-23,Tomato,2541,Dankaur,9,Uttar Pradesh,141,Gautam Buddha Nagar,Deshi,900.0,1020,942,price_data (3).csv
2020-05-22,Tomato,1903,Dadri,9,Uttar Pradesh,141,Gautam Buddha Nagar,Deshi,1270.0,1370,1320,price_data (3).csv
2020-05-22,Tomato,2541,Dankaur,9,Uttar Pradesh,141,Gautam Buddha Nagar,Deshi,900.0,972,910,price_data (3).csv
2020-05-21,Tomato,1903,Dadri,9,Uttar Pradesh,141,Gautam Buddha Nagar,Deshi,1250.0,1390,1320,price_data (3).csv
2020-05-21,Tomato,2541,Dankaur,9,Uttar Pradesh,141,Gautam Buddha Nagar,Deshi,900.0,1025,966,price_data (3).csv
2020-05-20,Tomato,1903,Dadri,9,Uttar Pradesh,141,Gautam Buddha Nagar,Deshi,1250.0,1370,1300,price_data (3).csv
2020-05-20,Tomato,2541,Dankaur,9,Uttar Pradesh,141,Gautam Buddha Nagar,Deshi,900.0,1020,950,price_data (3).csv
2020-05-19,Tomato,2541,Dankaur,9,Uttar Pradesh,141,Gautam Buddha Nagar,Deshi,900.0,1040,988,price_data (3).csv
2020-05-18,Tomato,2541,Dankaur,9,Uttar Pradesh,141,Gautam Buddha Nagar,Deshi,1100.0,1200,1155,price_data (3).csv
2020-05-17,Tomato,1903,Dadri,9,Uttar Pradesh,141,Gautam Buddha Nagar,Deshi,1300.0,1420,1360,price_data (3).csv
2020-05-17,Tomato,2541,Dankaur,9,Uttar Pradesh,141,Gautam Buddha Nagar,Deshi,1100.0,1200,1120,price_data (3).csv
2020-05-16,Tomato,2541,Dankaur,9,Uttar Pradesh,141,Gautam Buddha Nagar,Deshi,1100.0,1220,1175,price_data (3).csv
2020-05-16,Tomato,1903,Dadri,9,Uttar Pradesh,141,Gautam Buddha Nagar,Deshi,1340.0,1430,1380,price_data (3).csv
2020-05-15,Tomato,1903,Dadri,9,Uttar Pradesh,141,Gautam Buddha Nagar,Deshi,1340.0,1430,1380,price_data (3).csv
2020-05-15,Tomato,2541,Dankaur,9,Uttar Pradesh,141,Gautam Buddha Nagar,Deshi,1100.0,1185,1120,price_data (3).csv
2020-05-14,Tomato,1903,Dadri,9,Uttar Pradesh,141,Gautam Buddha Nagar,Deshi,1320.0,1440,1400,price_data (3).csv
2020-05-13,Tomato,2541,Dankaur,9,Uttar Pradesh,141,Gautam Buddha Nagar,Deshi,1100.0,1250,1155,price_data (3).csv
2020-05-12,Tomato,1903,Dadri,9,Uttar Pradesh,141,Gautam Buddha Nagar,Deshi,1450.0,1580,1500,price_data (3).csv
2020-05-12,Tomato,2541,Dankaur,9,Uttar Pradesh,141,Gautam Buddha Nagar,Deshi,1100.0,1200,1125,price_data (3).csv
2020-05-11,Tomato,1903,Dadri,9,Uttar Pradesh,141,Gautam Buddha Nagar,Deshi,1450.0,1600,1500,price_data (3).csv
2020-05-11,Tomato,2541,Dankaur,9,Uttar Pradesh,141,Gautam Buddha Nagar,Deshi,1200.0,1312,1245,price_data (3).csv
2020-05-10,Tomato,1903,Dadri,9,Uttar Pradesh,141,Gautam Buddha Nagar,Deshi,1450.0,1570,1520,price_data (3).csv
2020-05-10,Tomato,2541,Dankaur,9,Uttar Pradesh,141,Gautam Buddha Nagar,Deshi,1100.0,1285,1200,price_data (3).csv
2020-05-09,Tomato,2541,Dankaur,9,Uttar Pradesh,141,Gautam Buddha Nagar,Deshi,1220.0,1300,1275,price_data (3).csv
2020-05-09,Tomato,1903,Dadri,9,Uttar Pradesh,141,Gautam Buddha Nagar,Deshi,1450.0,1530,1500,price_data (3).csv
2020-05-08,Tomato,2541,Dankaur,9,Uttar Pradesh,141,Gautam Buddha Nagar,Deshi,1200.0,1300,1240,price_data (3).csv
2020-05-08,Tomato,1903,Dadri,9,Uttar Pradesh,141,Gautam Buddha Nagar,Deshi,1450.0,1560,1500,price_data (3).csv
2020-05-07,Tomato,1903,Dadri,9,Uttar Pradesh,141,Gautam Buddha Nagar,Deshi,1430.0,1530,1480,price_data (3).csv
2020-05-06,Tomato,2541,Dankaur,9,Uttar Pradesh,141,Gautam Buddha Nagar,Deshi,1100.0,1275,1200,price_data (3).csv
2020-05-05,Tomato,1903,Dadri,9,Uttar Pradesh,141,Gautam Buddha Nagar,Deshi,1350.0,1450,1400,price_data (3).csv
2020-05-05,Tomato,2541,Dankaur,9,Uttar Pradesh,141,Gautam Buddha Nagar,Deshi,1200.0,1320,1270,price_data (3).csv
2020-05-04,Tomato,1903,Dadri,9,Uttar Pradesh,141,Gautam Buddha Nagar,Deshi,1320.0,1450,1370,price_data (3).csv
2020-05-04,Tomato,2541,Dankaur,9,Uttar Pradesh,141,Gautam Buddha Nagar,Deshi,1200.0,1315,1225,price_data (3).csv
2020-05-03,Tomato,1903,Dadri,9,Uttar Pradesh,141,Gautam Buddha Nagar,Deshi,1350.0,1470,1400,price_data (3).csv
2020-05-02,Tomato,1903,Dadri,9,Uttar Pradesh,141,Gautam Buddha Nagar,Deshi,1380.0,1500,1430,price_data (3).csv
2020-05-02,Tomato,2541,Dankaur,9,Uttar Pradesh,141,Gautam Buddha Nagar,Deshi,1145.0,1265,1200,price_data (3).csv
2020-05-01,Tomato,2541,Dankaur,9,Uttar Pradesh,141,Gautam Buddha Nagar,Deshi,1200.0,1350,1275,price_data (3).csv
2020-04-30,Tomato,2541,Dankaur,9,Uttar Pradesh,141,Gautam Buddha Nagar,Deshi,1200.0,1320,1266,price_data (3).csv
2020-04-30,Tomato,2542,Javer,9,Uttar Pradesh,141,Gautam Buddha Nagar,Other,,1250,1000,price_data (3).csv
2020-04-30,Tomato,1903,Dadri,9,Uttar Pradesh,141,Gautam Buddha Nagar,Deshi,1500.0,1600,1530,price_data (3).csv
2020-04-29,Tomato,2541,Dankaur,9,Uttar Pradesh,141,Gautam Buddha Nagar,Deshi,1400.0,1500,1420,price_data (3).csv
2020-04-29,Tomato,2542,Javer,9,Uttar Pradesh,141,Gautam Buddha Nagar,Other,,1250,1050,price_data (3).csv
2020-04-28,Tomato,2542,Javer,9,Uttar Pradesh,141,Gautam Buddha Nagar,Other,,1100,900,price_data (3).csv
2020-04-28,Tomato,2541,Dankaur,9,Uttar Pradesh,141,Gautam Buddha Nagar,Deshi,1400.0,1525,1450,price_data (3).csv
2020-04-28,Tomato,1903,Dadri,9,Uttar Pradesh,141,Gautam Buddha Nagar,Deshi,1450.0,1560,1500,price_data (3).csv
2020-04-27,Tomato,2542,Javer,9,Uttar Pradesh,141,Gautam Buddha Nagar,Other,,1300,1100,price_data (3).csv
2020-04-27,Tomato,1903,Dadri,9,Uttar Pradesh,141,Gautam Buddha Nagar,Deshi,1450.0,1580,1500,price_data (3).csv
2020-04-27,Tomato,2541,Dankaur,9,Uttar Pradesh,141,Gautam Buddha Nagar,Deshi,1400.0,1500,1420,price_data (3).csv
2020-04-26,Tomato,2542,Javer,9,Uttar Pradesh,141,Gautam Buddha Nagar,Other,,1400,1200,price_data (3).csv
2020-04-26,Tomato,1903,Dadri,9,Uttar Pradesh,141,Gautam Buddha Nagar,Deshi,1480.0,1600,1530,price_data (3).csv
2020-04-26,Tomato,2541,Dankaur,9,Uttar Pradesh,141,Gautam Buddha Nagar,Deshi,1400.0,1500,1435,price_data (3).csv
2020-04-25,Tomato,2541,Dankaur,9,Uttar Pradesh,141,Gautam Buddha Nagar,Deshi,1400.0,1525,1455,price_data (3).csv
2020-04-25,Tomato,1903,Dadri,9,Uttar Pradesh,141,Gautam Buddha Nagar,Deshi,1400.0,1600,1500,price_data (3).csv
2020-04-25,Tomato,2542,Javer,9,Uttar Pradesh,141,Gautam Buddha Nagar,Other,,1250,1000,price_data (3).csv
2020-04-24,Tomato,2541,Dankaur,9,Uttar Pradesh,141,Gautam Buddha Nagar,Deshi,1320.0,1510,1400,price_data (3).csv
2020-04-23,Tomato,2541,Dankaur,9,Uttar Pradesh,141,Gautam Buddha Nagar,Deshi,1400.0,1500,1425,price_data (3).csv
2020-04-23,Tomato,2542,Javer,9,Uttar Pradesh,141,Gautam Buddha Nagar,Other,,1250,1100,price_data (3).csv
2020-04-22,Tomato,2542,Javer,9,Uttar Pradesh,141,Gautam Buddha Nagar,Other,,1400,1150,price_data (3).csv
2020-04-21,Tomato,2542,Javer,9,Uttar Pradesh,141,Gautam Buddha Nagar,Other,,1200,1000,price_data (3).csv
2020-04-21,Tomato,2541,Dankaur,9,Uttar Pradesh,141,Gautam Buddha Nagar,Deshi,1500.0,1675,1575,price_data (3).csv
2020-04-21,Tomato,1903,Dadri,9,Uttar Pradesh,141,Gautam Buddha Nagar,Deshi,1600.0,1740,1660,price_data (3).csv
2020-04-20,Tomato,2542,Javer,9,Uttar Pradesh,141,Gautam Buddha Nagar,Other,,1000,900,price_data (3).csv
2020-04-20,Tomato,2541,Dankaur,9,Uttar Pradesh,141,Gautam Buddha Nagar,Deshi,1500.0,1620,1560,price_data (3).csv
2020-04-20,Tomato,1903,Dadri,9,Uttar Pradesh,141,Gautam Buddha Nagar,Deshi,1580.0,1700,1640,price_data (3).csv
2020-04-19,Tomato,2541,Dankaur,9,Uttar Pradesh,141,Gautam Buddha Nagar,Deshi,1450.0,1575,1500,price_data (3).csv
2020-04-19,Tomato,2542,Javer,9,Uttar Pradesh,141,Gautam Buddha Nagar,Other,,1050,800,price_data (3).csv
2020-04-19,Tomato,1903,Dadri,9,Uttar Pradesh,141,Gautam Buddha Nagar,Deshi,1600.0,1750,1650,price_data (3).csv
2020-04-18,Tomato,1903,Dadri,9,Uttar Pradesh,141,Gautam Buddha Nagar,Deshi,1600.0,1700,1650,price_data (3).csv
2020-04-18,Tomato,2542,Javer,9,Uttar Pradesh,141,Gautam Buddha Nagar,Other,,1400,1200,price_data (3).csv
2020-04-18,Tomato,2541,Dankaur,9,Uttar Pradesh,141,Gautam Buddha Nagar,Deshi,1585.0,1685,1620,price_data (3).csv
2020-04-17,Tomato,1903,Dadri,9,Uttar Pradesh,141,Gautam Buddha Nagar,Deshi,1630.0,1740,1680,price_data (3).csv
2020-04-17,Tomato,2542,Javer,9,Uttar Pradesh,141,Gautam Buddha Nagar,Other,,1000,750,price_data (3).csv
2020-04-17,Tomato,2541,Dankaur,9,Uttar Pradesh,141,Gautam Buddha Nagar,Deshi,1600.0,1725,1650,price_data (3).csv
2020-04-16,Tomato,2541,Dankaur,9,Uttar Pradesh,141,Gautam Buddha Nagar,Deshi,1700.0,1820,1745,price_data (3).csv
2020-04-16,Tomato,2542,Javer,9,Uttar Pradesh,141,Gautam Buddha Nagar,Other,,1150,900,price_data (3).csv
2020-04-16,Tomato,1903,Dadri,9,Uttar Pradesh,141,Gautam Buddha Nagar,Deshi,1630.0,1750,1680,price_data (3).csv
2020-04-15,Tomato,2542,Javer,9,Uttar Pradesh,141,Gautam Buddha Nagar,Other,,1300,1150,price_data (3).csv
2020-04-15,Tomato,2541,Dankaur,9,Uttar Pradesh,141,Gautam Buddha Nagar,Deshi,1600.0,1800,1720,price_data (3).csv
2020-04-14,Tomato,1903,Dadri,9,Uttar Pradesh,141,Gautam Buddha Nagar,Deshi,1600.0,1700,1650,price_data (3).csv
2020-04-14,Tomato,2541,Dankaur,9,Uttar Pradesh,141,Gautam Buddha Nagar,Deshi,1620.0,1842,1700,price_data (3).csv
2020-04-13,Tomato,1903,Dadri,9,Uttar Pradesh,141,Gautam Buddha Nagar,Deshi,1530.0,1650,1580,price_data (3).csv
2020-04-13,Tomato,2541,Dankaur,9,Uttar Pradesh,141,Gautam Buddha Nagar,Deshi,1500.0,1750,1640,price_data (3).csv
2020-04-13,Tomato,2542,Javer,9,Uttar Pradesh,141,Gautam Buddha Nagar,Other,,1000,800,price_data (3).csv
2020-04-12,Tomato,2542,Javer,9,Uttar Pradesh,141,Gautam Buddha Nagar,Other,,850,700,price_data (3).csv
2020-04-12,Tomato,2541,Dankaur,9,Uttar Pradesh,141,Gautam Buddha Nagar,Deshi,1100.0,1350,1200,price_data (3).csv
2020-04-12,Tomato,1903,Dadri,9,Uttar Pradesh,141,Gautam Buddha Nagar,Deshi,1500.0,1650,1580,price_data (3).csv
2020-04-11,Tomato,2542,Javer,9,Uttar Pradesh,141,Gautam Buddha Nagar,Other,,900,800,price_data (3).csv
2020-04-11,Tomato,1903,Dadri,9,Uttar Pradesh,141,Gautam Buddha Nagar,Deshi,1450.0,1600,1550,price_data (3).csv
2020-04-11,Tomato,2541,Dankaur,9,Uttar Pradesh,141,Gautam Buddha Nagar,Deshi,1080.0,1245,1150,price_data (3).csv
2020-04-10,Tomato,2541,Dankaur,9,Uttar Pradesh,141,Gautam Buddha Nagar,Deshi,2100.0,2255,2145,price_data (3).csv
2020-04-10,Tomato,1903,Dadri,9,Uttar Pradesh,141,Gautam Buddha Nagar,Deshi,1450.0,1600,1550,price_data (3).csv
2020-04-10,Tomato,2542,Javer,9,Uttar Pradesh,141,Gautam Buddha Nagar,Other,,1350,1200,price_data (3).csv
2020-04-09,Tomato,2542,Javer,9,Uttar Pradesh,141,Gautam Buddha Nagar,Other,,1200,1000,price_data (3).csv
2020-04-09,Tomato,1903,Dadri,9,Uttar Pradesh,141,Gautam Buddha Nagar,Deshi,1550.0,1650,1600,price_data (3).csv
2020-04-08,Tomato,2542,Javer,9,Uttar Pradesh,141,Gautam Buddha Nagar,Other,,1300,1100,price_data (3).csv
2020-04-08,Tomato,2541,Dankaur,9,Uttar Pradesh,141,Gautam Buddha Nagar,Deshi,1100.0,1250,1180,price_data (3).csv
2020-04-07,Tomato,2542,Javer,9,Uttar Pradesh,141,Gautam Buddha Nagar,Other,,1300,1000,price_data (3).csv
2020-04-07,Tomato,2541,Dankaur,9,Uttar Pradesh,141,Gautam Buddha Nagar,Deshi,1100.0,1200,1150,price_data (3).csv
2020-04-06,Tomato,2542,Javer,9,Uttar Pradesh,141,Gautam Buddha Nagar,Other,,1100,900,price_data (3).csv
2020-04-05,Tomato,1903,Dadri,9,Uttar Pradesh,141,Gautam Buddha Nagar,Deshi,1400.0,1500,1450,price_data (3).csv
2020-04-05,Tomato,2541,Dankaur,9,Uttar Pradesh,141,Gautam Buddha Nagar,Deshi,1200.0,1400,1300,price_data (3).csv
2020-04-05,Tomato,2542,Javer,9,Uttar Pradesh,141,Gautam Buddha Nagar,Other,,1050,900,price_data (3).csv
2020-04-04,Tomato,1903,Dadri,9,Uttar Pradesh,141,Gautam Buddha Nagar,Deshi,1400.0,1550,1500,price_data (3).csv
2020-04-04,Tomato,2542,Javer,9,Uttar Pradesh,141,Gautam Buddha Nagar,Other,,900,800,price_data (3).csv
2020-04-04,Tomato,2541,Dankaur,9,Uttar Pradesh,141,Gautam Buddha Nagar,Deshi,1200.0,1310,1240,price_data (3).csv
2020-04-03,Tomato,1903,Dadri,9,Uttar Pradesh,141,Gautam Buddha Nagar,Deshi,1450.0,1600,1550,price_data (3).csv
2020-04-03,Tomato,2541,Dankaur,9,Uttar Pradesh,141,Gautam Buddha Nagar,Deshi,1700.0,1810,1745,price_data (3).csv
2020-04-03,Tomato,2542,Javer,9,Uttar Pradesh,141,Gautam Buddha Nagar,Other,,900,800,price_data (3).csv
2020-04-02,Tomato,2541,Dankaur,9,Uttar Pradesh,141,Gautam Buddha Nagar,Deshi,1700.0,1815,1740,price_data (3).csv
2020-04-02,Tomato,1903,Dadri,9,Uttar Pradesh,141,Gautam Buddha Nagar,Deshi,1450.0,1550,1500,price_data (3).csv
2020-04-01,Tomato,2541,Dankaur,9,Uttar Pradesh,141,Gautam Buddha Nagar,Deshi,1600.0,1685,1622,price_data (3).csv
2020-03-31,Tomato,1903,Dadri,9,Uttar Pradesh,141,Gautam Buddha Nagar,Deshi,1400.0,1600,1500,price_data (3).csv
2020-03-31,Tomato,2542,Javer,9,Uttar Pradesh,141,Gautam Buddha Nagar,Other,,1000,900,price_data (3).csv
2020-03-31,Tomato,2541,Dankaur,9,Uttar Pradesh,141,Gautam Buddha Nagar,Deshi,1600.0,1700,1622,price_data (3).csv
2020-03-30,Tomato,2542,Javer,9,Uttar Pradesh,141,Gautam Buddha Nagar,Other,,900,750,price_data (3).csv
2020-03-27,Tomato,2542,Javer,9,Uttar Pradesh,141,Gautam Buddha Nagar,Other,,1300,1100,price_data (3).csv
2020-03-26,Tomato,2542,Javer,9,Uttar Pradesh,141,Gautam Buddha Nagar,Other,,1200,900,price_data (3).csv
2020-03-25,Tomato,2542,Javer,9,Uttar Pradesh,141,Gautam Buddha Nagar,Other,,1500,1300,price_data (3).csv
2020-03-24,Tomato,2542,Javer,9,Uttar Pradesh,141,Gautam Buddha Nagar,Other,,1600,1400,price_data (3).csv
2020-03-23,Tomato,2542,Javer,9,Uttar Pradesh,141,Gautam Buddha Nagar,Other,,1550,1350,price_data (3).csv
2020-03-23,Tomato,2541,Dankaur,9,Uttar Pradesh,141,Gautam Buddha Nagar,Deshi,1120.0,1200,1175,price_data (3).csv
2020-03-22,Tomato,2542,Javer,9,Uttar Pradesh,141,Gautam Buddha Nagar,Other,,1300,1100,price_data (3).csv
2020-03-21,Tomato,2541,Dankaur,9,Uttar Pradesh,141,Gautam Buddha Nagar,Deshi,1100.0,1175,1120,price_data (3).csv
2020-03-21,Tomato,2542,Javer,9,Uttar Pradesh,141,Gautam Buddha Nagar,Other,,1250,1000,price_data (3).csv
2020-03-21,Tomato,1903,Dadri,9,Uttar Pradesh,141,Gautam Buddha Nagar,Deshi,1200.0,1300,1250,price_data (3).csv
2020-03-20,Tomato,2541,Dankaur,9,Uttar Pradesh,141,Gautam Buddha Nagar,Deshi,1125.0,1185,1175,price_data (3).csv
2020-03-20,Tomato,1903,Dadri,9,Uttar Pradesh,141,Gautam Buddha Nagar,Deshi,1000.0,1100,1050,price_data (3).csv
2020-03-19,Tomato,2541,Dankaur,9,Uttar Pradesh,141,Gautam Buddha Nagar,Deshi,1080.0,1175,1100,price_data (3).csv
2020-03-19,Tomato,1903,Dadri,9,Uttar Pradesh,141,Gautam Buddha Nagar,Deshi,960.0,1070,1020,price_data (3).csv
2020-03-19,Tomato,2542,Javer,9,Uttar Pradesh,141,Gautam Buddha Nagar,Other,,1200,950,price_data (3).csv
2020-03-18,Tomato,2541,Dankaur,9,Uttar Pradesh,141,Gautam Buddha Nagar,Deshi,1000.0,1142,1050,price_data (3).csv
2020-03-17,Tomato,2541,Dankaur,9,Uttar Pradesh,141,Gautam Buddha Nagar,Deshi,1210.0,1342,1256,price_data (3).csv
2020-03-17,Tomato,2542,Javer,9,Uttar Pradesh,141,Gautam Buddha Nagar,Other,,1200,1000,price_data (3).csv
2020-03-17,Tomato,1903,Dadri,9,Uttar Pradesh,141,Gautam Buddha Nagar,Deshi,950.0,1050,1000,price_data (3).csv
2020-03-16,Tomato,1903,Dadri,9,Uttar Pradesh,141,Gautam Buddha Nagar,Deshi,950.0,1050,1000,price_data (3).csv
2020-03-16,Tomato,2542,Javer,9,Uttar Pradesh,141,Gautam Buddha Nagar,Other,,1150,900,price_data (3).csv
2020-03-16,Tomato,2541,Dankaur,9,Uttar Pradesh,141,Gautam Buddha Nagar,Deshi,1145.0,1275,1200,price_data (3).csv
2020-03-15,Tomato,2542,Javer,9,Uttar Pradesh,141,Gautam Buddha Nagar,Other,,1150,950,price_data (3).csv
2020-03-15,Tomato,1903,Dadri,9,Uttar Pradesh,141,Gautam Buddha Nagar,Deshi,970.0,1070,1020,price_data (3).csv
2020-03-15,Tomato,2541,Dankaur,9,Uttar Pradesh,141,Gautam Buddha Nagar,Deshi,1120.0,1225,1175,price_data (3).csv
2020-03-14,Tomato,1903,Dadri,9,Uttar Pradesh,141,Gautam Buddha Nagar,Deshi,950.0,1050,1000,price_data (3).csv
2020-03-14,Tomato,2542,Javer,9,Uttar Pradesh,141,Gautam Buddha Nagar,Other,,1100,900,price_data (3).csv
2020-03-13,Tomato,2542,Javer,9,Uttar Pradesh,141,Gautam Buddha Nagar,Other,,1150,1000,price_data (3).csv
2020-03-13,Tomato,1903,Dadri,9,Uttar Pradesh,141,Gautam Buddha Nagar,Deshi,1000.0,1100,1050,price_data (3).csv
2020-03-13,Tomato,2541,Dankaur,9,Uttar Pradesh,141,Gautam Buddha Nagar,Deshi,1020.0,1185,1100,price_data (3).csv
2020-03-12,Tomato,2542,Javer,9,Uttar Pradesh,141,Gautam Buddha Nagar,Other,,1100,900,price_data (3).csv
2020-03-12,Tomato,2541,Dankaur,9,Uttar Pradesh,141,Gautam Buddha Nagar,Deshi,1100.0,1210,1142,price_data (3).csv
2020-03-12,Tomato,1903,Dadri,9,Uttar Pradesh,141,Gautam Buddha Nagar,Deshi,1000.0,1100,1050,price_data (3).csv
2020-03-11,Tomato,2541,Dankaur,9,Uttar Pradesh,141,Gautam Buddha Nagar,Deshi,1000.0,1100,1050,price_data (3).csv
2020-03-11,Tomato,2542,Javer,9,Uttar Pradesh,141,Gautam Buddha Nagar,Other,,1200,1050,price_data (3).csv
2020-03-10,Tomato,2542,Javer,9,Uttar Pradesh,141,Gautam Buddha Nagar,Other,,1300,1100,price_data (3).csv
2020-03-09,Tomato,1903,Dadri,9,Uttar Pradesh,141,Gautam Buddha Nagar,Deshi,1000.0,1100,1060,price_data (3).csv
2020-03-09,Tomato,2541,Dankaur,9,Uttar Pradesh,141,Gautam Buddha Nagar,Deshi,1050.0,1175,1100,price_data (3).csv
2020-03-08,Tomato,1903,Dadri,9,Uttar Pradesh,141,Gautam Buddha Nagar,Deshi,1000.0,1100,1050,price_data (3).csv
2020-03-08,Tomato,2542,Javer,9,Uttar Pradesh,141,Gautam Buddha Nagar,Other,,1100,900,price_data (3).csv
2020-03-07,Tomato,2541,Dankaur,9,Uttar Pradesh,141,Gautam Buddha Nagar,Deshi,1100.0,1185,1120,price_data (3).csv
2020-03-07,Tomato,2542,Javer,9,Uttar Pradesh,141,Gautam Buddha Nagar,Other,,1100,900,price_data (3).csv
2020-03-07,Tomato,1903,Dadri,9,Uttar Pradesh,141,Gautam Buddha Nagar,Deshi,1000.0,1100,1050,price_data (3).csv
2020-03-06,Tomato,1903,Dadri,9,Uttar Pradesh,141,Gautam Buddha Nagar,Deshi,950.0,1050,1000,price_data (3).csv
2020-03-06,Tomato,2542,Javer,9,Uttar Pradesh,141,Gautam Buddha Nagar,Other,,1100,900,price_data (3).csv
2020-03-06,Tomato,2541,Dankaur,9,Uttar Pradesh,141,Gautam Buddha Nagar,Deshi,1120.0,1200,1175,price_data (3).csv
2020-03-05,Tomato,2542,Javer,9,Uttar Pradesh,141,Gautam Buddha Nagar,Other,,1100,900,price_data (3).csv
2020-03-05,Tomato,1903,Dadri,9,Uttar Pradesh,141,Gautam Buddha Nagar,Deshi,950.0,1050,1000,price_data (3).csv
2020-03-05,Tomato,2541,Dankaur,9,Uttar Pradesh,141,Gautam Buddha Nagar,Deshi,1050.0,1145,1100,price_data (3).csv
2020-03-04,Tomato,2541,Dankaur,9,Uttar Pradesh,141,Gautam Buddha Nagar,Deshi,1400.0,1478,1422,price_data (3).csv
2020-03-03,Tomato,1903,Dadri,9,Uttar Pradesh,141,Gautam Buddha Nagar,Deshi,970.0,1070,1020,price_data (3).csv
2020-03-02,Tomato,2541,Dankaur,9,Uttar Pradesh,141,Gautam Buddha Nagar,Deshi,1320.0,1400,1375,price_data (3).csv
2020-03-02,Tomato,1903,Dadri,9,Uttar Pradesh,141,Gautam Buddha Nagar,Deshi,1050.0,1160,1100,price_data (3).csv
2020-03-01,Tomato,2541,Dankaur,9,Uttar Pradesh,141,Gautam Buddha Nagar,Deshi,1355.0,1485,1410,price_data (3).csv
2020-02-29,Tomato,1903,Dadri,9,Uttar Pradesh,141,Gautam Buddha Nagar,Deshi,1000.0,1100,1050,price_data (3).csv
2020-02-29,Tomato,2541,Dankaur,9,Uttar Pradesh,141,Gautam Buddha Nagar,Deshi,1300.0,1377,1320,price_data (3).csv
2020-02-28,Tomato,2541,Dankaur,9,Uttar Pradesh,141,Gautam Buddha Nagar,Deshi,1200.0,1310,1256,price_data (3).csv
2020-02-28,Tomato,1903,Dadri,9,Uttar Pradesh,141,Gautam Buddha Nagar,Deshi,1000.0,1100,1050,price_data (3).csv
2020-02-28,Tomato,2542,Javer,9,Uttar Pradesh,141,Gautam Buddha Nagar,Other,,900,800,price_data (3).csv
2020-02-27,Tomato,2541,Dankaur,9,Uttar Pradesh,141,Gautam Buddha Nagar,Deshi,1400.0,1478,1422,price_data (3).csv
2020-02-27,Tomato,2542,Javer,9,Uttar Pradesh,141,Gautam Buddha Nagar,Other,,1000,800,price_data (3).csv
2020-02-27,Tomato,1903,Dadri,9,Uttar Pradesh,141,Gautam Buddha Nagar,Deshi,1030.0,1130,1080,price_data (3).csv
2020-02-26,Tomato,2542,Javer,9,Uttar Pradesh,141,Gautam Buddha Nagar,Other,,1000,800,price_data (3).csv
2020-02-26,Tomato,2541,Dankaur,9,Uttar Pradesh,141,Gautam Buddha Nagar,Deshi,1352.0,1475,1400,price_data (3).csv
2020-02-25,Tomato,2542,Javer,9,Uttar Pradesh,141,Gautam Buddha Nagar,Other,,1000,900,price_data (3).csv
2020-02-25,Tomato,2541,Dankaur,9,Uttar Pradesh,141,Gautam Buddha Nagar,Deshi,1300.0,1365,1325,price_data (3).csv
2020-02-25,Tomato,1903,Dadri,9,Uttar Pradesh,141,Gautam Buddha Nagar,Deshi,1000.0,1100,1050,price_data (3).csv
2020-02-24,Tomato,1903,Dadri,9,Uttar Pradesh,141,Gautam Buddha Nagar,Deshi,1000.0,1100,1050,price_data (3).csv
2020-02-24,Tomato,2541,Dankaur,9,Uttar Pradesh,141,Gautam Buddha Nagar,Deshi,1250.0,1356,1300,price_data (3).csv
2020-02-24,Tomato,2542,Javer,9,Uttar Pradesh,141,Gautam Buddha Nagar,Other,,1100,900,price_data (3).csv
2020-02-23,Tomato,2542,Javer,9,Uttar Pradesh,141,Gautam Buddha Nagar,Other,,1150,900,price_data (3).csv
2020-02-23,Tomato,1903,Dadri,9,Uttar Pradesh,141,Gautam Buddha Nagar,Deshi,960.0,1070,1020,price_data (3).csv
2020-02-23,Tomato,2541,Dankaur,9,Uttar Pradesh,141,Gautam Buddha Nagar,Deshi,1300.0,1356,1320,price_data (3).csv
2020-02-22,Tomato,1903,Dadri,9,Uttar Pradesh,141,Gautam Buddha Nagar,Deshi,1000.0,1100,1050,price_data (3).csv
2020-02-22,Tomato,2541,Dankaur,9,Uttar Pradesh,141,Gautam Buddha Nagar,Deshi,1200.0,1300,1250,price_data (3).csv
2020-02-22,Tomato,2542,Javer,9,Uttar Pradesh,141,Gautam Buddha Nagar,Other,,1000,900,price_data (3).csv
2020-02-21,Tomato,1903,Dadri,9,Uttar Pradesh,141,Gautam Buddha Nagar,Deshi,1000.0,1100,1050,price_data (3).csv
2020-02-21,Tomato,2541,Dankaur,9,Uttar Pradesh,141,Gautam Buddha Nagar,Deshi,1200.0,1285,1230,price_data (3).csv
2020-02-20,Tomato,1903,Dadri,9,Uttar Pradesh,141,Gautam Buddha Nagar,Deshi,980.0,1080,1030,price_data (3).csv
2020-02-20,Tomato,2541,Dankaur,9,Uttar Pradesh,141,Gautam Buddha Nagar,Deshi,1145.0,1275,1200,price_data (3).csv
2020-02-20,Tomato,2542,Javer,9,Uttar Pradesh,141,Gautam Buddha Nagar,Other,,1050,900,price_data (3).csv
2020-02-19,Tomato,2541,Dankaur,9,Uttar Pradesh,141,Gautam Buddha Nagar,Deshi,1145.0,1200,1175,price_data (3).csv
2020-02-19,Tomato,2542,Javer,9,Uttar Pradesh,141,Gautam Buddha Nagar,Other,,900,800,price_data (3).csv
2020-02-18,Tomato,1903,Dadri,9,Uttar Pradesh,141,Gautam Buddha Nagar,Deshi,1000.0,1100,1050,price_data (3).csv
2020-02-18,Tomato,2541,Dankaur,9,Uttar Pradesh,141,Gautam Buddha Nagar,Deshi,1050.0,1175,1108,price_data (3).csv
2020-02-17,Tomato,2541,Dankaur,9,Uttar Pradesh,141,Gautam Buddha Nagar,Deshi,1045.0,1178,1105,price_data (3).csv
2020-02-17,Tomato,1903,Dadri,9,Uttar Pradesh,141,Gautam Buddha Nagar,Deshi,1000.0,1100,1050,price_data (3).csv
2020-02-17,Tomato,2542,Javer,9,Uttar Pradesh,141,Gautam Buddha Nagar,Other,,700,600,price_data (3).csv
2020-02-16,Tomato,1903,Dadri,9,Uttar Pradesh,141,Gautam Buddha Nagar,Deshi,990.0,1070,1030,price_data (3).csv
2020-02-16,Tomato,2542,Javer,9,Uttar Pradesh,141,Gautam Buddha Nagar,Other,,950,800,price_data (3).csv
2020-02-16,Tomato,2541,Dankaur,9,Uttar Pradesh,141,Gautam Buddha Nagar,Deshi,1023.0,1100,1084,price_data (3).csv
2020-02-15,Tomato,2542,Javer,9,Uttar Pradesh,141,Gautam Buddha Nagar,Other,,950,700,price_data (3).csv
2020-02-15,Tomato,1903,Dadri,9,Uttar Pradesh,141,Gautam Buddha Nagar,Deshi,1000.0,1100,1050,price_data (3).csv
2020-02-14,Tomato,2541,Dankaur,9,Uttar Pradesh,141,Gautam Buddha Nagar,Deshi,1210.0,1310,1250,price_data (3).csv
2020-02-14,Tomato,1903,Dadri,9,Uttar Pradesh,141,Gautam Buddha Nagar,Deshi,1000.0,1100,1050,price_data (3).csv
2020-02-14,Tomato,2542,Javer,9,Uttar Pradesh,141,Gautam Buddha Nagar,Other,,900,800,price_data (3).csv
2020-02-13,Tomato,2542,Javer,9,Uttar Pradesh,141,Gautam Buddha Nagar,Other,,1000,800,price_data (3).csv
2020-02-13,Tomato,1903,Dadri,9,Uttar Pradesh,141,Gautam Buddha Nagar,Deshi,1050.0,1150,1100,price_data (3).csv
2020-02-11,Tomato,2541,Dankaur,9,Uttar Pradesh,141,Gautam Buddha Nagar,Deshi,1200.0,1288,1242,price_data (3).csv
2020-02-11,Tomato,1903,Dadri,9,Uttar Pradesh,141,Gautam Buddha Nagar,Deshi,1100.0,1200,1150,price_data (3).csv
2020-02-10,Tomato,1903,Dadri,9,Uttar Pradesh,141,Gautam Buddha Nagar,Deshi,1050.0,1150,1100,price_data (3).csv
2020-02-10,Tomato,2542,Javer,9,Uttar Pradesh,141,Gautam Buddha Nagar,Other,,1000,900,price_data (3).csv
2020-02-10,Tomato,2541,Dankaur,9,Uttar Pradesh,141,Gautam Buddha Nagar,Deshi,1100.0,1300,1200,price_data (3).csv
2020-02-09,Tomato,2542,Javer,9,Uttar Pradesh,141,Gautam Buddha Nagar,Other,,1050,900,price_data (3).csv
2020-02-09,Tomato,1903,Dadri,9,Uttar Pradesh,141,Gautam Buddha Nagar,Deshi,1050.0,1150,1100,price_data (3).csv
2020-02-09,Tomato,2541,Dankaur,9,Uttar Pradesh,141,Gautam Buddha Nagar,Deshi,1123.0,2023,1186,price_data (3).csv
2020-02-08,Tomato,2542,Javer,9,Uttar Pradesh,141,Gautam Buddha Nagar,Other,,950,750,price_data (3).csv
2020-02-08,Tomato,1903,Dadri,9,Uttar Pradesh,141,Gautam Buddha Nagar,Deshi,1070.0,1170,1120,price_data (3).csv
2020-02-08,Tomato,2541,Dankaur,9,Uttar Pradesh,141,Gautam Buddha Nagar,Deshi,1100.0,1185,1131,price_data (3).csv
2020-02-07,Tomato,1903,Dadri,9,Uttar Pradesh,141,Gautam Buddha Nagar,Deshi,1050.0,1160,1100,price_data (3).csv
2020-02-07,Tomato,2542,Javer,9,Uttar Pradesh,141,Gautam Buddha Nagar,Other,,1050,900,price_data (3).csv
2020-02-06,Tomato,2541,Dankaur,9,Uttar Pradesh,141,Gautam Buddha Nagar,Deshi,1030.0,1132,1082,price_data (3).csv
2020-02-06,Tomato,1903,Dadri,9,Uttar Pradesh,141,Gautam Buddha Nagar,Deshi,1050.0,1160,1100,price_data (3).csv
2020-02-05,Tomato,2541,Dankaur,9,Uttar Pradesh,141,Gautam Buddha Nagar,Deshi,1000.0,1120,1042,price_data (3).csv
2020-02-04,Tomato,1903,Dadri,9,Uttar Pradesh,141,Gautam Buddha Nagar,Deshi,1200.0,1300,1250,price_data (3).csv
2020-02-04,Tomato,2541,Dankaur,9,Uttar Pradesh,141,Gautam Buddha Nagar,Deshi,1120.0,1206,1150,price_data (3).csv
2020-02-03,Tomato,2542,Javer,9,Uttar Pradesh,141,Gautam Buddha Nagar,Hybrid,,1150,1000,price_data (3).csv
2020-02-03,Tomato,1903,Dadri,9,Uttar Pradesh,141,Gautam Buddha Nagar,Deshi,1250.0,1350,1300,price_data (3).csv
2020-02-02,Tomato,1903,Dadri,9,Uttar Pradesh,141,Gautam Buddha Nagar,Deshi,1220.0,1320,1270,price_data (3).csv
2020-02-01,Tomato,2541,Dankaur,9,Uttar Pradesh,141,Gautam Buddha Nagar,Deshi,1020.0,1080,1050,price_data (3).csv
2020-01-31,Tomato,2542,Javer,9,Uttar Pradesh,141,Gautam Buddha Nagar,Other,,1100,900,price_data (3).csv
2020-01-31,Tomato,1903,Dadri,9,Uttar Pradesh,141,Gautam Buddha Nagar,Deshi,1200.0,1300,1250,price_data (3).csv
2020-01-31,Tomato,2541,Dankaur,9,Uttar Pradesh,141,Gautam Buddha Nagar,Deshi,1040.0,2000,1085,price_data (3).csv
2020-01-30,Tomato,2542,Javer,9,Uttar Pradesh,141,Gautam Buddha Nagar,Other,,1100,900,price_data (3).csv
2020-01-30,Tomato,1903,Dadri,9,Uttar Pradesh,141,Gautam Buddha Nagar,Deshi,1200.0,1300,1250,price_data (3).csv
2020-01-29,Tomato,2542,Javer,9,Uttar Pradesh,141,Gautam Buddha Nagar,Other,,1100,900,price_data (3).csv
2020-01-29,Tomato,2541,Dankaur,9,Uttar Pradesh,141,Gautam Buddha Nagar,Deshi,980.0,1085,1020,price_data (3).csv
2020-01-28,Tomato,1903,Dadri,9,Uttar Pradesh,141,Gautam Buddha Nagar,Deshi,1150.0,1250,1200,price_data (3).csv
2020-01-28,Tomato,2541,Dankaur,9,Uttar Pradesh,141,Gautam Buddha Nagar,Deshi,1000.0,1100,1055,price_data (3).csv
2020-01-28,Tomato,2542,Javer,9,Uttar Pradesh,141,Gautam Buddha Nagar,Other,,1000,800,price_data (3).csv
2020-01-27,Tomato,1903,Dadri,9,Uttar Pradesh,141,Gautam Buddha Nagar,Deshi,1150.0,1250,1200,price_data (3).csv
2020-01-27,Tomato,2542,Javer,9,Uttar Pradesh,141,Gautam Buddha Nagar,Other,,1200,1000,price_data (3).csv
2020-01-26,Tomato,1903,Dadri,9,Uttar Pradesh,141,Gautam Buddha Nagar,Deshi,1170.0,1270,1220,price_data (3).csv
2020-01-26,Tomato,2542,Javer,9,Uttar Pradesh,141,Gautam Buddha Nagar,Other,,1150,1000,price_data (3).csv
2020-01-25,Tomato,2542,Javer,9,Uttar Pradesh,141,Gautam Buddha Nagar,Other,,1300,1100,price_data (3).csv
2020-01-25,Tomato,1903,Dadri,9,Uttar Pradesh,141,Gautam Buddha Nagar,Deshi,1150.0,1250,1200,price_data (3).csv
2020-01-24,Tomato,1903,Dadri,9,Uttar Pradesh,141,Gautam Buddha Nagar,Deshi,1150.0,1250,1200,price_data (3).csv
2020-01-24,Tomato,2542,Javer,9,Uttar Pradesh,141,Gautam Buddha Nagar,Other,,1200,1000,price_data (3).csv
2020-01-24,Tomato,2541,Dankaur,9,Uttar Pradesh,141,Gautam Buddha Nagar,Deshi,1321.0,1551,1400,price_data (3).csv
2020-01-23,Tomato,1903,Dadri,9,Uttar Pradesh,141,Gautam Buddha Nagar,Deshi,1330.0,1430,1380,price_data (3).csv
2020-01-23,Tomato,2542,Javer,9,Uttar Pradesh,141,Gautam Buddha Nagar,Other,,1400,1200,price_data (3).csv
2020-01-23,Tomato,2541,Dankaur,9,Uttar Pradesh,141,Gautam Buddha Nagar,Deshi,1300.0,1500,1480,price_data (3).csv
2020-01-22,Tomato,2542,Javer,9,Uttar Pradesh,141,Gautam Buddha Nagar,Other,,1300,1050,price_data (3).csv
2020-01-22,Tomato,2541,Dankaur,9,Uttar Pradesh,141,Gautam Buddha Nagar,Deshi,1300.0,1500,1421,price_data (3).csv
2020-01-21,Tomato,2542,Javer,9,Uttar Pradesh,141,Gautam Buddha Nagar,Other,,1300,1100,price_data (3).csv
2020-01-21,Tomato,2541,Dankaur,9,Uttar Pradesh,141,Gautam Buddha Nagar,Deshi,1500.0,1655,1540,price_data (3).csv
2020-01-21,Tomato,1903,Dadri,9,Uttar Pradesh,141,Gautam Buddha Nagar,Deshi,1300.0,1400,1350,price_data (3).csv
2020-01-20,Tomato,2542,Javer,9,Uttar Pradesh,141,Gautam Buddha Nagar,Other,,1350,1200,price_data (3).csv
2020-01-20,Tomato,1903,Dadri,9,Uttar Pradesh,141,Gautam Buddha Nagar,Deshi,1300.0,1400,1350,price_data (3).csv
2020-01-20,Tomato,2541,Dankaur,9,Uttar Pradesh,141,Gautam Buddha Nagar,Deshi,1400.0,1655,1500,price_data (3).csv
2020-01-19,Tomato,2541,Dankaur,9,Uttar Pradesh,141,Gautam Buddha Nagar,Deshi,1300.0,1500,1450,price_data (3).csv
2020-01-19,Tomato,2542,Javer,9,Uttar Pradesh,141,Gautam Buddha Nagar,Other,,1200,1000,price_data (3).csv
2020-01-19,Tomato,1903,Dadri,9,Uttar Pradesh,141,Gautam Buddha Nagar,Deshi,1450.0,1550,1500,price_data (3).csv
2020-01-18,Tomato,2541,Dankaur,9,Uttar Pradesh,141,Gautam Buddha Nagar,Deshi,1300.0,1500,1400,price_data (3).csv
2020-01-18,Tomato,2542,Javer,9,Uttar Pradesh,141,Gautam Buddha Nagar,Other,,1250,1000,price_data (3).csv
2020-01-18,Tomato,1903,Dadri,9,Uttar Pradesh,141,Gautam Buddha Nagar,Deshi,1450.0,1550,1500,price_data (3).csv
2020-01-17,Tomato,1903,Dadri,9,Uttar Pradesh,141,Gautam Buddha Nagar,Deshi,1400.0,1500,1450,price_data (3).csv
2020-01-17,Tomato,2542,Javer,9,Uttar Pradesh,141,Gautam Buddha Nagar,Other,,1500,1400,price_data (3).csv
2020-01-16,Tomato,1903,Dadri,9,Uttar Pradesh,141,Gautam Buddha Nagar,Deshi,1400.0,1500,1450,price_data (3).csv
2020-01-16,Tomato,2542,Javer,9,Uttar Pradesh,141,Gautam Buddha Nagar,Other,,1400,1200,price_data (3).csv
2020-01-16,Tomato,2541,Dankaur,9,Uttar Pradesh,141,Gautam Buddha Nagar,Deshi,1260.0,1400,1325,price_data (3).csv
2020-01-15,Tomato,2541,Dankaur,9,Uttar Pradesh,141,Gautam Buddha Nagar,Deshi,1145.0,1365,1250,price_data (3).csv
2020-01-15,Tomato,2542,Javer,9,Uttar Pradesh,141,Gautam Buddha Nagar,Other,,1350,1200,price_data (3).csv
2020-01-14,Tomato,2542,Javer,9,Uttar Pradesh,141,Gautam Buddha Nagar,Hybrid,,1300,1150,price_data (3).csv
2020-01-14,Tomato,1903,Dadri,9,Uttar Pradesh,141,Gautam Buddha Nagar,Deshi,1450.0,1550,1500,price_data (3).csv
2020-01-14,Tomato,2541,Dankaur,9,Uttar Pradesh,141,Gautam Buddha Nagar,Deshi,1165.0,1385,1280,price_data (3).csv
2020-01-13,Tomato,2541,Dankaur,9,Uttar Pradesh,141,Gautam Buddha Nagar,Deshi,1100.0,1365,1255,price_data (3).csv
2020-01-13,Tomato,2542,Javer,9,Uttar Pradesh,141,Gautam Buddha Nagar,Other,,1350,1200,price_data (3).csv
2020-01-13,Tomato,1903,Dadri,9,Uttar Pradesh,141,Gautam Buddha Nagar,Deshi,1450.0,1560,1500,price_data (3).csv
2020-01-12,Tomato,2541,Dankaur,9,Uttar Pradesh,141,Gautam Buddha Nagar,Deshi,1200.0,1450,1300,price_data (3).csv
2020-01-12,Tomato,1903,Dadri,9,Uttar Pradesh,141,Gautam Buddha Nagar,Deshi,1400.0,1500,1450,price_data (3).csv
2020-01-12,Tomato,2542,Javer,9,Uttar Pradesh,141,Gautam Buddha Nagar,Other,,1450,1200,price_data (3).csv
2020-01-11,Tomato,1903,Dadri,9,Uttar Pradesh,141,Gautam Buddha Nagar,Deshi,1400.0,1500,1450,price_data (3).csv
2020-01-11,Tomato,2541,Dankaur,9,Uttar Pradesh,141,Gautam Buddha Nagar,Deshi,1100.0,1400,1295,price_data (3).csv
2020-01-10,Tomato,1903,Dadri,9,Uttar Pradesh,141,Gautam Buddha Nagar,Deshi,1380.0,1480,1430,price_data (3).csv
2020-01-10,Tomato,2541,Dankaur,9,Uttar Pradesh,141,Gautam Buddha Nagar,Deshi,1285.0,1424,1350,price_data (3).csv
2020-01-10,Tomato,2542,Javer,9,Uttar Pradesh,141,Gautam Buddha Nagar,Other,,1300,1200,price_data (3).csv
2020-01-09,Tomato,2541,Dankaur,9,Uttar Pradesh,141,Gautam Buddha Nagar,Deshi,1300.0,1520,1440,price_data (3).csv
2020-01-09,Tomato,1903,Dadri,9,Uttar Pradesh,141,Gautam Buddha Nagar,Deshi,1400.0,1500,1450,price_data (3).csv
2020-01-08,Tomato,2541,Dankaur,9,Uttar Pradesh,141,Gautam Buddha Nagar,Deshi,1360.0,1480,1400,price_data (3).csv
2020-01-07,Tomato,2541,Dankaur,9,Uttar Pradesh,141,Gautam Buddha Nagar,Deshi,1280.0,1400,1372,price_data (3).csv
2020-01-07,Tomato,1903,Dadri,9,Uttar Pradesh,141,Gautam Buddha Nagar,Deshi,1400.0,1500,1450,price_data (3).csv
2020-01-06,Tomato,2541,Dankaur,9,Uttar Pradesh,141,Gautam Buddha Nagar,Deshi,1250.0,1400,1320,price_data (3).csv
2020-01-06,Tomato,1903,Dadri,9,Uttar Pradesh,141,Gautam Buddha Nagar,Deshi,1350.0,1450,1400,price_data (3).csv
2020-01-05,Tomato,1903,Dadri,9,Uttar Pradesh,141,Gautam Buddha Nagar,Deshi,1350.0,1450,1400,price_data (3).csv
2020-01-05,Tomato,2541,Dankaur,9,Uttar Pradesh,141,Gautam Buddha Nagar,Deshi,1220.0,1420,1300,price_data (3).csv
2020-01-04,Tomato,1903,Dadri,9,Uttar Pradesh,141,Gautam Buddha Nagar,Deshi,1150.0,1250,1200,price_data (3).csv
2020-01-04,Tomato,2541,Dankaur,9,Uttar Pradesh,141,Gautam Buddha Nagar,Deshi,1100.0,1350,1200,price_data (3).csv
2020-01-03,Tomato,1903,Dadri,9,Uttar Pradesh,141,Gautam Buddha Nagar,Deshi,950.0,1050,1000,price_data (3).csv
2020-01-03,Tomato,2541,Dankaur,9,Uttar Pradesh,141,Gautam Buddha Nagar,Deshi,1200.0,1340,1250,price_data (3).csv
2020-01-02,Tomato,2541,Dankaur,9,Uttar Pradesh,141,Gautam Buddha Nagar,Deshi,1150.0,1300,1200,price_data (3).csv
2020-01-02,Tomato,1903,Dadri,9,Uttar Pradesh,141,Gautam Buddha Nagar,Deshi,950.0,1050,1000,price_data (3).csv
2020-01-01,Tomato,2541,Dankaur,9,Uttar Pradesh,141,Gautam Buddha Nagar,Deshi,1000.0,1210,1150,price_data (3).csv
2025-10-29,Tomato,1903,Dadri,9,Uttar Pradesh,141,Gautam Buddha Nagar,Deshi,1670.0,1830,1750,price_data (4).csv
2025-10-29,Tomato,2541,Dankaur,9,Uttar Pradesh,141,Gautam Buddha Nagar,Deshi,1900.0,2130,2000,price_data (4).csv
2025-10-29,Tomato,1903,Dadri,9,Uttar Pradesh,141,Gautam Buddha Nagar,Deshi,1850.0,2100,1950,price_data (4).csv
2025-10-28,Tomato,1903,Dadri,9,Uttar Pradesh,141,Gautam Buddha Nagar,Deshi,1840.0,2100,1950,price_data (4).csv
2025-10-28,Tomato,2541,Dankaur,9,Uttar Pradesh,141,Gautam Buddha Nagar,Deshi,2100.0,2250,2170,price_data (4).csv
2025-10-28,Tomato,1903,Dadri,9,Uttar Pradesh,141,Gautam Buddha Nagar,Deshi,1670.0,1820,1750,price_data (4).csv
2025-10-27,Tomato,1903,Dadri,9,Uttar Pradesh,141,Gautam Buddha Nagar,Deshi,1730.0,1880,1800,price_data (4).csv
2025-10-27,Tomato,2541,Dankaur,9,Uttar Pradesh,141,Gautam Buddha Nagar,Deshi,2085.0,2195,2110,price_data (4).csv
2025-10-27,Tomato,1903,Dadri,9,Uttar Pradesh,141,Gautam Buddha Nagar,Deshi,1900.0,2150,2000,price_data (4).csv
2025-10-26,Tomato,1903,Dadri,9,Uttar Pradesh,141,Gautam Buddha Nagar,Deshi,1730.0,1880,1800,price_data (4).csv
2025-10-26,Tomato,2541,Dankaur,9,Uttar Pradesh,141,Gautam Buddha Nagar,Deshi,2100.0,2200,2140,price_data (4).csv
2025-10-26,Tomato,1903,Dadri,9,Uttar Pradesh,141,Gautam Buddha Nagar,Deshi,1900.0,2150,2000,price_data (4).csv
2025-10-25,Tomato,1903,Dadri,9,Uttar Pradesh,141,Gautam Buddha Nagar,Deshi,2000.0,2250,2100,price_data (4).csv
2025-10-25,Tomato,2541,Dankaur,9,Uttar Pradesh,141,Gautam Buddha Nagar,Deshi,2030.0,2200,2100,price_data (4).csv
2025-10-25,Tomato,1903,Dadri,9,Uttar Pradesh,141,Gautam Buddha Nagar,Deshi,1820.0,1980,1900,price_data (4).csv
2025-10-24,Tomato,1903,Dadri,9,Uttar Pradesh,141,Gautam Buddha Nagar,Deshi,1820.0,1980,1900,price_data (4).csv
2025-10-24,Tomato,2541,Dankaur,9,Uttar Pradesh,141,Gautam Buddha Nagar,Deshi,2000.0,2200,2100,price_data (4).csv
2025-10-24,Tomato,1903,Dadri,9,Uttar Pradesh,141,Gautam Buddha Nagar,Deshi,2000.0,2230,2100,price_data (4).csv
2025-10-23,Tomato,1903,Dadri,9,Uttar Pradesh,141,Gautam Buddha Nagar,Deshi,1920.0,2200,2040,price_data (4).csv
2025-10-23,Tomato,2541,Dankaur,9,Uttar Pradesh,141,Gautam Buddha Nagar,Deshi,2000.0,2100,2055,price_data (4).csv
2025-10-23,Tomato,2541,Dankaur,9,Uttar Pradesh,141,Gautam Buddha Nagar,Deshi,1800.0,1900,1855,price_data (4).csv
2025-10-23,Tomato,1903,Dadri,9,Uttar Pradesh,141,Gautam Buddha Nagar,Deshi,1750.0,1900,1830,price_data (4).csv
2025-10-22,Tomato,1903,Dadri,9,Uttar Pradesh,141,Gautam Buddha Nagar,Deshi,1930.0,2190,2040,price_data (4).csv
2025-10-22,Tomato,2541,Dankaur,9,Uttar Pradesh,141,Gautam Buddha Nagar,Deshi,2000.0,2100,2030,price_data (4).csv
2025-10-22,Tomato,1903,Dadri,9,Uttar Pradesh,141,Gautam Buddha Nagar,Deshi,1780.0,1910,1850,price_data (4).csv
2025-10-21,Tomato,1903,Dadri,9,Uttar Pradesh,141,Gautam Buddha Nagar,Deshi,1800.0,1930,1860,price_data (4).csv
2025-10-21,Tomato,2541,Dankaur,9,Uttar Pradesh,141,Gautam Buddha Nagar,Deshi,2000.0,2100,2070,price_data (4).csv
2025-10-21,Tomato,1903,Dadri,9,Uttar Pradesh,141,Gautam Buddha Nagar,Deshi,1950.0,2200,2060,price_data (4).csv
2025-10-18,Tomato,1903,Dadri,9,Uttar Pradesh,141,Gautam Buddha Nagar,Deshi,1650.0,1780,1720,price_data (4).csv
2025-10-18,Tomato,2541,Dankaur,9,Uttar Pradesh,141,Gautam Buddha Nagar,Deshi,1875.0,2000,1920,price_data (4).csv
2025-10-18,Tomato,1903,Dadri,9,Uttar Pradesh,141,Gautam Buddha Nagar,Deshi,1800.0,2040,1900,price_data (4).csv
2025-10-17,Tomato,1903,Dadri,9,Uttar Pradesh,141,Gautam Buddha Nagar,Deshi,1950.0,2200,2070,price_data (4).csv
2025-10-17,Tomato,2541,Dankaur,9,Uttar Pradesh,141,Gautam Buddha Nagar,Deshi,1955.0,2100,2010,price_data (4).csv
2025-10-17,Tomato,2541,Dankaur,9,Uttar Pradesh,141,Gautam Buddha Nagar,Deshi,1700.0,1800,1755,price_data (4).csv
2025-10-17,Tomato,1903,Dadri,9,Uttar Pradesh,141,Gautam Buddha Nagar,Deshi,1750.0,1930,1830,price_data (4).csv
2025-10-16,Tomato,1903,Dadri,9,Uttar Pradesh,141,Gautam Buddha Nagar,Deshi,1950.0,2180,2050,price_data (4).csv
2025-10-16,Tomato,2541,Dankaur,9,Uttar Pradesh,141,Gautam Buddha Nagar,Deshi,1800.0,1900,1855,price_data (4).csv
2025-10-16,Tomato,2541,Dankaur,9,Uttar Pradesh,141,Gautam Buddha Nagar,Deshi,2000.0,2100,2030,price_data (4).csv
2025-10-16,Tomato,1903,Dadri,9,Uttar Pradesh,141,Gautam Buddha Nagar,Deshi,1780.0,1920,1850,price_data (4).csv
2025-10-15,Tomato,1903,Dadri,9,Uttar Pradesh,141,Gautam Buddha Nagar,Deshi,1900.0,2150,2000,price_data (4).csv
2025-10-15,Tomato,2541,Dankaur,9,Uttar Pradesh,141,Gautam Buddha Nagar,Deshi,1900.0,2100,2020,price_data (4).csv
2025-10-15,Tomato,1903,Dadri,9,Uttar Pradesh,141,Gautam Buddha Nagar,Deshi,1700.0,1880,1780,price_data (4).csv
2025-10-14,Tomato,1903,Dadri,9,Uttar Pradesh,141,Gautam Buddha Nagar,Deshi,1750.0,1900,1820,price_data (4).csv
2025-10-14,Tomato,2541,Dankaur,9,Uttar Pradesh,141,Gautam Buddha Nagar,Deshi,1955.0,2085,2010,price_data (4).csv
2025-10-14,Tomato,1903,Dadri,9,Uttar Pradesh,141,Gautam Buddha Nagar,Deshi,1920.0,2200,2050,price_data (4).csv
2025-10-13,Tomato,1903,Dadri,9,Uttar Pradesh,141,Gautam Buddha Nagar,Deshi,1780.0,1910,1850,price_data (4).csv
2025-10-13,Tomato,2541,Dankaur,9,Uttar Pradesh,141,Gautam Buddha Nagar,Deshi,1900.0,2100,2000,price_data (4).csv
2025-10-13,Tomato,1903,Dadri,9,Uttar Pradesh,141,Gautam Buddha Nagar,Deshi,1930.0,2200,2050,price_data (4).csv
2025-10-12,Tomato,1903,Dadri,9,Uttar Pradesh,141,Gautam Buddha Nagar,Deshi,1850.0,1980,1920,price_data (4).csv
2025-10-12,Tomato,2541,Dankaur,9,Uttar Pradesh,141,Gautam Buddha Nagar,Deshi,2000.0,2100,2050,price_data (4).csv
2025-10-12,Tomato,1903,Dadri,9,Uttar Pradesh,141,Gautam Buddha Nagar,Deshi,2000.0,2250,2100,price_data (4).csv
2025-10-11,Tomato,1903,Dadri,9,Uttar Pradesh,141,Gautam Buddha Nagar,Deshi,2000.0,2250,2100,price_data (4).csv
2025-10-11,Tomato,2541,Dankaur,9,Uttar Pradesh,141,Gautam Buddha Nagar,Deshi,2000.0,2100,2030,price_data (4).csv
2025-10-11,Tomato,1903,Dadri,9,Uttar Pradesh,141,Gautam Buddha Nagar,Deshi,1840.0,1980,1900,price_data (4).csv
2025-10-10,Tomato,1903,Dadri,9,Uttar Pradesh,141,Gautam Buddha Nagar,Deshi,1830.0,1980,1900,price_data (4).csv
2025-10-10,Tomato,1903,Dadri,9,Uttar Pradesh,141,Gautam Buddha Nagar,Deshi,2000.0,2250,2100,price_data (4).csv
2025-10-08,Tomato,1903,Dadri,9,Uttar Pradesh,141,Gautam Buddha Nagar,Deshi,2050.0,2300,2170,price_data (4).csv
2025-10-08,Tomato,2541,Dankaur,9,Uttar Pradesh,141,Gautam Buddha Nagar,Deshi,2000.0,2200,2100,price_data (4).csv
2025-10-08,Tomato,1903,Dadri,9,Uttar Pradesh,141,Gautam Buddha Nagar,Deshi,1880.0,2030,1940,price_data (4).csv
2025-10-07,Tomato,1903,Dadri,9,Uttar Pradesh,141,Gautam Buddha Nagar,Deshi,1900.0,2030,1960,price_data (4).csv
2025-10-07,Tomato,2541,Dankaur,9,Uttar Pradesh,141,Gautam Buddha Nagar,Deshi,2100.0,2200,2130,price_data (4).csv
2025-10-07,Tomato,1903,Dadri,9,Uttar Pradesh,141,Gautam Buddha Nagar,Deshi,2050.0,2300,2150,price_data (4).csv
2025-10-06,Tomato,1903,Dadri,9,Uttar Pradesh,141,Gautam Buddha Nagar,Deshi,1870.0,2030,1960,price_data (4).csv
2025-10-06,Tomato,2541,Dankaur,9,Uttar Pradesh,141,Gautam Buddha Nagar,Deshi,2000.0,2200,2100,price_data (4).csv
2025-10-06,Tomato,1903,Dadri,9,Uttar Pradesh,141,Gautam Buddha Nagar,Deshi,2050.0,2300,2160,price_data (4).csv
2025-10-05,Tomato,2541,Dankaur,9,Uttar Pradesh,141,Gautam Buddha Nagar,Deshi,2100.0,2300,2200,price_data (4).csv
2025-10-04,Tomato,2541,Dankaur,9,Uttar Pradesh,141,Gautam Buddha Nagar,Deshi,2185.0,2300,2210,price_data (4).csv
2025-10-04,Tomato,1903,Dadri,9,Uttar Pradesh,141,Gautam Buddha Nagar,Deshi,1920.0,2070,2000,price_data (4).csv
2025-10-04,Tomato,1903,Dadri,9,Uttar Pradesh,141,Gautam Buddha Nagar,Deshi,2100.0,2350,2200,price_data (4).csv
2025-10-03,Tomato,1903,Dadri,9,Uttar Pradesh,141,Gautam Buddha Nagar,Deshi,1900.0,2070,1990,price_data (4).csv
2025-10-03,Tomato,2541,Dankaur,9,Uttar Pradesh,141,Gautam Buddha Nagar,Deshi,2050.0,2155,2100,price_data (4).csv
2025-10-03,Tomato,1903,Dadri,9,Uttar Pradesh,141,Gautam Buddha Nagar,Deshi,2100.0,2350,2200,price_data (4).csv
2025-10-02,Tomato,1903,Dadri,9,Uttar Pradesh,141,Gautam Buddha Nagar,Deshi,2030.0,2300,2160,price_data (4).csv
2025-10-02,Tomato,2541,Dankaur,9,Uttar Pradesh,141,Gautam Buddha Nagar,Deshi,2100.0,2200,2150,price_data (4).csv
2025-10-02,Tomato,1903,Dadri,9,Uttar Pradesh,141,Gautam Buddha Nagar,Deshi,1880.0,2010,1950,price_data (4).csv
2025-10-01,Tomato,2541,Dankaur,9,Uttar Pradesh,141,Gautam Buddha Nagar,Deshi,2100.0,2230,2180,price_data (4).csv
2025-09-30,Tomato,2541,Dankaur,9,Uttar Pradesh,141,Gautam Buddha Nagar,Deshi,2200.0,2300,2235,price_data (4).csv
2025-09-29,Tomato,2541,Dankaur,9,Uttar Pradesh,141,Gautam Buddha Nagar,Deshi,2100.0,2300,2200,price_data (4).csv
2025-09-29,Tomato,1903,Dadri,9,Uttar Pradesh,141,Gautam Buddha Nagar,Deshi,2100.0,2390,2240,price_data (4).csv
2025-09-29,Tomato,1903,Dadri,9,Uttar Pradesh,141,Gautam Buddha Nagar,Deshi,1950.0,2080,2020,price_data (4).csv
2025-09-28,Tomato,2541,Dankaur,9,Uttar Pradesh,141,Gautam Buddha Nagar,Deshi,2130.0,2215,2195,price_data (4).csv
2025-09-28,Tomato,1903,Dadri,9,Uttar Pradesh,141,Gautam Buddha Nagar,Deshi,2100.0,2370,2220,price_data (4).csv
2025-09-28,Tomato,1903,Dadri,9,Uttar Pradesh,141,Gautam Buddha Nagar,Deshi,1930.0,2080,2000,price_data (4).csv
2025-09-27,Tomato,2541,Dankaur,9,Uttar Pradesh,141,Gautam Buddha Nagar,Deshi,2200.0,2310,2255,price_data (4).csv
2025-09-27,Tomato,1903,Dadri,9,Uttar Pradesh,141,Gautam Buddha Nagar,Deshi,1960.0,2100,2020,price_data (4).csv
2025-09-27,Tomato,1903,Dadri,9,Uttar Pradesh,141,Gautam Buddha Nagar,Deshi,2130.0,2400,2250,price_data (4).csv
2025-09-26,Tomato,2541,Dankaur,9,Uttar Pradesh,141,Gautam Buddha Nagar,Deshi,2200.0,2300,2230,price_data (4).csv
2025-09-26,Tomato,1903,Dadri,9,Uttar Pradesh,141,Gautam Buddha Nagar,Deshi,2140.0,2400,2250,price_data (4).csv
2025-09-26,Tomato,1903,Dadri,9,Uttar Pradesh,141,Gautam Buddha Nagar,Deshi,1960.0,2120,2050,price_data (4).csv
2025-09-24,Tomato,2541,Dankaur,9,Uttar Pradesh,141,Gautam Buddha Nagar,Deshi,2100.0,2200,2135,price_data (4).csv
2025-09-23,Tomato,2541,Dankaur,9,Uttar Pradesh,141,Gautam Buddha Nagar,Deshi,2000.0,2200,2100,price_data (4).csv
2025-09-23,Tomato,1903,Dadri,9,Uttar Pradesh,141,Gautam Buddha Nagar,Deshi,2030.0,2270,2150,price_data (4).csv
2025-09-23,Tomato,1903,Dadri,9,Uttar Pradesh,141,Gautam Buddha Nagar,Deshi,1870.0,2010,1940,price_data (4).csv
2025-09-22,Tomato,2541,Dankaur,9,Uttar Pradesh,141,Gautam Buddha Nagar,Deshi,1900.0,2100,2080,price_data (4).csv
2025-09-22,Tomato,1903,Dadri,9,Uttar Pradesh,141,Gautam Buddha Nagar,Deshi,1830.0,1980,1900,price_data (4).csv
2025-09-22,Tomato,1903,Dadri,9,Uttar Pradesh,141,Gautam Buddha Nagar,Deshi,2000.0,2250,2100,price_data (4).csv
2025-09-21,Tomato,2541,Dankaur,9,Uttar Pradesh,141,Gautam Buddha Nagar,Deshi,1900.0,2100,2000,price_data (4).csv
2025-09-21,Tomato,1903,Dadri,9,Uttar Pradesh,141,Gautam Buddha Nagar,Deshi,1800.0,1930,1880,price_data (4).csv
2025-09-21,Tomato,1903,Dadri,9,Uttar Pradesh,141,Gautam Buddha Nagar,Deshi,1950.0,2180,2050,price_data (4).csv
2025-09-20,Tomato,1903,Dadri,9,Uttar Pradesh,141,Gautam Buddha Nagar,Deshi,1880.0,2020,1950,price_data (4).csv
2025-09-20,Tomato,1903,Dadri,9,Uttar Pradesh,141,Gautam Buddha Nagar,Deshi,2040.0,2280,2150,price_data (4).csv
2025-09-19,Tomato,1903,Dadri,9,Uttar Pradesh,141,Gautam Buddha Nagar,Deshi,1800.0,1980,1900,price_data (4).csv
2025-09-19,Tomato,1903,Dadri,9,Uttar Pradesh,141,Gautam Buddha Nagar,Deshi,2000.0,2220,2110,price_data (4).csv
2025-09-17,Tomato,2541,Dankaur,9,Uttar Pradesh,141,Gautam Buddha Nagar,Deshi,2155.0,2300,2215,price_data (4).csv
2025-09-17,Tomato,2541,Dankaur,9,Uttar Pradesh,141,Gautam Buddha Nagar,Deshi,1950.0,2040,2000,price_data (4).csv
2025-09-16,Tomato,2541,Dankaur,9,Uttar Pradesh,141,Gautam Buddha Nagar,Deshi,2100.0,2300,2200,price_data (4).csv
2025-09-15,Tomato,2541,Dankaur,9,Uttar Pradesh,141,Gautam Buddha Nagar,Deshi,2200.0,2400,2300,price_data (4).csv
2025-09-14,Tomato,2541,Dankaur,9,Uttar Pradesh,141,Gautam Buddha Nagar,Deshi,2300.0,2410,2355,price_data (4).csv
2025-09-13,Tomato,2541,Dankaur,9,Uttar Pradesh,141,Gautam Buddha Nagar,Deshi,2300.0,2520,2455,price_data (4).csv
2025-09-12,Tomato,1903,Dadri,9,Uttar Pradesh,141,Gautam Buddha Nagar,Deshi,2300.0,2600,2450,price_data (4).csv
2025-09-12,Tomato,1903,Dadri,9,Uttar Pradesh,141,Gautam Buddha Nagar,Deshi,2100.0,2280,2200,price_data (4).csv
2025-09-11,Tomato,2541,Dankaur,9,Uttar Pradesh,141,Gautam Buddha Nagar,Deshi,2600.0,2810,2700,price_data (4).csv
2025-09-11,Tomato,2541,Dankaur,9,Uttar Pradesh,141,Gautam Buddha Nagar,Deshi,2355.0,2455,2400,price_data (4).csv
2025-09-09,Tomato,2541,Dankaur,9,Uttar Pradesh,141,Gautam Buddha Nagar,Deshi,2315.0,2465,2400,price_data (4).csv
2025-09-07,Tomato,2541,Dankaur,9,Uttar Pradesh,141,Gautam Buddha Nagar,Deshi,2900.0,3100,3030,price_data (4).csv
2025-09-06,Tomato,2541,Dankaur,9,Uttar Pradesh,141,Gautam Buddha Nagar,Deshi,3000.0,3200,3100,price_data (4).csv
2025-09-05,Tomato,2541,Dankaur,9,Uttar Pradesh,141,Gautam Buddha Nagar,Deshi,3100.0,3300,3200,price_data (4).csv
2025-09-03,Tomato,2541,Dankaur,9,Uttar Pradesh,141,Gautam Buddha Nagar,Deshi,3100.0,3300,3200,price_data (4).csv
2025-09-02,Tomato,2541,Dankaur,9,Uttar Pradesh,141,Gautam Buddha Nagar,Deshi,3200.0,3400,3300,price_data (4).csv
2025-09-01,Tomato,2541,Dankaur,9,Uttar Pradesh,141,Gautam Buddha Nagar,Deshi,3255.0,3455,3380,price_data (4).csv
2025-08-31,Tomato,2541,Dankaur,9,Uttar Pradesh,141,Gautam Buddha Nagar,Deshi,2955.0,3100,3010,price_data (4).csv
2025-08-29,Tomato,2541,Dankaur,9,Uttar Pradesh,141,Gautam Buddha Nagar,Deshi,2900.0,3055,3000,price_data (4).csv
2025-08-29,Tomato,2541,Dankaur,9,Uttar Pradesh,141,Gautam Buddha Nagar,Deshi,3200.0,3400,3300,price_data (4).csv
2025-08-28,Tomato,1903,Dadri,9,Uttar Pradesh,141,Gautam Buddha Nagar,Hybrid,3350.0,3650,3500,price_data (4).csv
2025-08-28,Tomato,1903,Dadri,9,Uttar Pradesh,141,Gautam Buddha Nagar,Deshi,3250.0,3500,3400,price_data (4).csv
2025-08-27,Tomato,2541,Dankaur,9,Uttar Pradesh,141,Gautam Buddha Nagar,Deshi,3455.0,3625,3550,price_data (4).csv
2025-08-27,Tomato,1903,Dadri,9,Uttar Pradesh,141,Gautam Buddha Nagar,Deshi,3400.0,3660,3500,price_data (4).csv
2025-08-27,Tomato,1903,Dadri,9,Uttar Pradesh,141,Gautam Buddha Nagar,Hybrid,3550.0,3800,3650,price_data (4).csv
2025-08-26,Tomato,2541,Dankaur,9,Uttar Pradesh,141,Gautam Buddha Nagar,Deshi,3800.0,4020,3900,price_data (4).csv
2025-08-26,Tomato,1903,Dadri,9,Uttar Pradesh,141,Gautam Buddha Nagar,Hybrid,3740.0,4100,3900,price_data (4).csv
2025-08-25,Tomato,2541,Dankaur,9,Uttar Pradesh,141,Gautam Buddha Nagar,Deshi,3800.0,4020,3900,price_data (4).csv
2025-08-25,Tomato,1903,Dadri,9,Uttar Pradesh,141,Gautam Buddha Nagar,Hybrid,3870.0,4100,3950,price_data (4).csv
2025-08-24,Tomato,2541,Dankaur,9,Uttar Pradesh,141,Gautam Buddha Nagar,Deshi,3875.0,4020,3930,price_data (4).csv
2025-08-24,Tomato,1903,Dadri,9,Uttar Pradesh,141,Gautam Buddha Nagar,Hybrid,3800.0,4200,4000,price_data (4).csv
2025-08-23,Tomato,1903,Dadri,9,Uttar Pradesh,141,Gautam Buddha Nagar,Deshi,3800.0,4050,3900,price_data (4).csv
2025-08-23,Tomato,2541,Dankaur,9,Uttar Pradesh,141,Gautam Buddha Nagar,Deshi,3825.0,4020,3900,price_data (4).csv
2025-08-23,Tomato,1903,Dadri,9,Uttar Pradesh,141,Gautam Buddha Nagar,Hybrid,3900.0,4200,4030,price_data (4).csv
2025-08-22,Tomato,1903,Dadri,9,Uttar Pradesh,141,Gautam Buddha Nagar,Deshi,3850.0,4150,3980,price_data (4).csv
2025-08-22,Tomato,2541,Dankaur,9,Uttar Pradesh,141,Gautam Buddha Nagar,Deshi,3900.0,4100,4000,price_data (4).csv
2025-08-22,Tomato,1903,Dadri,9,Uttar Pradesh,141,Gautam Buddha Nagar,Hybrid,4000.0,4250,4100,price_data (4).csv
2025-08-21,Tomato,1903,Dadri,9,Uttar Pradesh,141,Gautam Buddha Nagar,Deshi,3850.0,4100,3950,price_data (4).csv
2025-08-21,Tomato,1903,Dadri,9,Uttar Pradesh,141,Gautam Buddha Nagar,Hybrid,3950.0,4220,4050,price_data (4).csv
2025-08-20,Tomato,2541,Dankaur,9,Uttar Pradesh,141,Gautam Buddha Nagar,Deshi,3900.0,4055,3965,price_data (4).csv
2025-08-19,Tomato,2541,Dankaur,9,Uttar Pradesh,141,Gautam Buddha Nagar,Deshi,3900.0,4020,3980,price_data (4).csv
2025-08-18,Tomato,1903,Dadri,9,Uttar Pradesh,141,Gautam Buddha Nagar,Hybrid,3800.0,4180,3980,price_data (4).csv
2025-08-18,Tomato,2541,Dankaur,9,Uttar Pradesh,141,Gautam Buddha Nagar,Deshi,3900.0,4100,3975,price_data (4).csv
2025-08-17,Tomato,2541,Dankaur,9,Uttar Pradesh,141,Gautam Buddha Nagar,Deshi,3900.0,4100,4000,price_data (4).csv
2025-08-16,Tomato,2541,Dankaur,9,Uttar Pradesh,141,Gautam Buddha Nagar,Deshi,3800.0,4000,3900,price_data (4).csv
2025-08-16,Tomato,1903,Dadri,9,Uttar Pradesh,141,Gautam Buddha Nagar,Hybrid,3800.0,4200,4000,price_data (4).csv
2025-08-15,Tomato,2541,Dankaur,9,Uttar Pradesh,141,Gautam Buddha Nagar,Deshi,3800.0,3955,3865,price_data (4).csv
2025-08-15,Tomato,1903,Dadri,9,Uttar Pradesh,141,Gautam Buddha Nagar,Hybrid,3800.0,4200,3980,price_data (4).csv
2025-08-14,Tomato,1903,Dadri,9,Uttar Pradesh,141,Gautam Buddha Nagar,Hybrid,3900.0,4180,4000,price_data (4).csv
2025-08-14,Tomato,2541,Dankaur,9,Uttar Pradesh,141,Gautam Buddha Nagar,Deshi,3755.0,3900,3815,price_data (4).csv
2025-08-14,Tomato,1903,Dadri,9,Uttar Pradesh,141,Gautam Buddha Nagar,Deshi,3770.0,4050,3900,price_data (4).csv
2025-08-13,Tomato,2541,Dankaur,9,Uttar Pradesh,141,Gautam Buddha Nagar,Deshi,3700.0,3825,3790,price_data (4).csv
2025-08-13,Tomato,1903,Dadri,9,Uttar Pradesh,141,Gautam Buddha Nagar,Hybrid,3750.0,4080,3900,price_data (4).csv
2025-08-12,Tomato,1903,Dadri,9,Uttar Pradesh,141,Gautam Buddha Nagar,Hybrid,3600.0,4050,3880,price_data (4).csv
2025-08-12,Tomato,2541,Dankaur,9,Uttar Pradesh,141,Gautam Buddha Nagar,Deshi,3700.0,3925,3800,price_data (4).csv
2025-08-11,Tomato,2541,Dankaur,9,Uttar Pradesh,141,Gautam Buddha Nagar,Deshi,3755.0,3900,3815,price_data (4).csv
2025-08-10,Tomato,2541,Dankaur,9,Uttar Pradesh,141,Gautam Buddha Nagar,Deshi,3655.0,3800,3710,price_data (4).csv
2025-08-10,Tomato,1903,Dadri,9,Uttar Pradesh,141,Gautam Buddha Nagar,Hybrid,3650.0,4000,3800,price_data (4).csv
2025-08-09,Tomato,2541,Dankaur,9,Uttar Pradesh,141,Gautam Buddha Nagar,Deshi,3685.0,3800,3720,price_data (4).csv
2025-08-08,Tomato,1903,Dadri,9,Uttar Pradesh,141,Gautam Buddha Nagar,Hybrid,3680.0,3950,3800,price_data (4).csv
2025-08-08,Tomato,1903,Dadri,9,Uttar Pradesh,141,Gautam Buddha Nagar,Deshi,3560.0,3850,3700,price_data (4).csv
2025-08-08,Tomato,2541,Dankaur,9,Uttar Pradesh,141,Gautam Buddha Nagar,Deshi,3600.0,3800,3700,price_data (4).csv
2025-08-07,Tomato,1903,Dadri,9,Uttar Pradesh,141,Gautam Buddha Nagar,Hybrid,3750.0,4000,3850,price_data (4).csv
2025-08-07,Tomato,1903,Dadri,9,Uttar Pradesh,141,Gautam Buddha Nagar,Deshi,3650.0,3890,3750,price_data (4).csv
2025-08-07,Tomato,2541,Dankaur,9,Uttar Pradesh,141,Gautam Buddha Nagar,Deshi,3655.0,3825,3755,price_data (4).csv
2025-08-06,Tomato,2541,Dankaur,9,Uttar Pradesh,141,Gautam Buddha Nagar,Deshi,3600.0,3855,3700,price_data (4).csv
2025-08-05,Tomato,2541,Dankaur,9,Uttar Pradesh,141,Gautam Buddha Nagar,Deshi,3800.0,4000,3920,price_data (4).csv
2025-08-04,Tomato,2541,Dankaur,9,Uttar Pradesh,141,Gautam Buddha Nagar,Deshi,3800.0,4100,3900,price_data (4).csv
2025-08-04,Tomato,1903,Dadri,9,Uttar Pradesh,141,Gautam Buddha Nagar,Deshi,3750.0,4000,3850,price_data (4).csv
2025-08-04,Tomato,1903,Dadri,9,Uttar Pradesh,141,Gautam Buddha Nagar,Hybrid,3850.0,4100,3950,price_data (4).csv
2025-08-03,Tomato,2541,Dankaur,9,Uttar Pradesh,141,Gautam Buddha Nagar,Deshi,3875.0,4100,3935,price_data (4).csv
2025-08-03,Tomato,1903,Dadri,9,Uttar Pradesh,141,Gautam Buddha Nagar,Hybrid,3850.0,4100,3950,price_data (4).csv
2025-08-03,Tomato,1903,Dadri,9,Uttar Pradesh,141,Gautam Buddha Nagar,Deshi,3750.0,4000,3850,price_data (4).csv
2025-08-02,Tomato,1903,Dadri,9,Uttar Pradesh,141,Gautam Buddha Nagar,Deshi,3750.0,4020,3900,price_data (4).csv
2025-08-02,Tomato,2541,Dankaur,9,Uttar Pradesh,141,Gautam Buddha Nagar,Deshi,3810.0,4100,3900,price_data (4).csv
2025-08-02,Tomato,1903,Dadri,9,Uttar Pradesh,141,Gautam Buddha Nagar,Hybrid,3850.0,4200,4000,price_data (4).csv
2025-08-01,Tomato,2541,Dankaur,9,Uttar Pradesh,141,Gautam Buddha Nagar,Deshi,3700.0,3955,3875,price_data (4).csv
2025-07-31,Tomato,1903,Dadri,9,Uttar Pradesh,141,Gautam Buddha Nagar,Hybrid,3770.0,4050,3900,price_data (4).csv
2025-07-31,Tomato,1903,Dadri,9,Uttar Pradesh,141,Gautam Buddha Nagar,Deshi,3650.0,3960,3800,price_data (4).csv
2025-07-29,Tomato,2541,Dankaur,9,Uttar Pradesh,141,Gautam Buddha Nagar,Deshi,3100.0,3455,3300,price_data (4).csv
2025-07-29,Tomato,1903,Dadri,9,Uttar Pradesh,141,Gautam Buddha Nagar,Deshi,3050.0,3300,3160,price_data (4).csv
2025-07-29,Tomato,1903,Dadri,9,Uttar Pradesh,141,Gautam Buddha Nagar,Hybrid,3150.0,3400,3260,price_data (4).csv
2025-07-28,Tomato,2541,Dankaur,9,Uttar Pradesh,141,Gautam Buddha Nagar,Deshi,2800.0,3100,2955,price_data (4).csv
2025-07-28,Tomato,1903,Dadri,9,Uttar Pradesh,141,Gautam Buddha Nagar,Deshi,2840.0,3100,2950,price_data (4).csv
2025-07-28,Tomato,1903,Dadri,9,Uttar Pradesh,141,Gautam Buddha Nagar,Hybrid,2930.0,3200,3050,price_data (4).csv
2025-07-27,Tomato,2541,Dankaur,9,Uttar Pradesh,141,Gautam Buddha Nagar,Deshi,2700.0,2925,2800,price_data (4).csv
2025-07-27,Tomato,1903,Dadri,9,Uttar Pradesh,141,Gautam Buddha Nagar,Hybrid,2800.0,3150,2920,price_data (4).csv
2025-07-27,Tomato,1903,Dadri,9,Uttar Pradesh,141,Gautam Buddha Nagar,Deshi,2700.0,2970,2820,price_data (4).csv
2025-07-26,Tomato,2541,Dankaur,9,Uttar Pradesh,141,Gautam Buddha Nagar,Deshi,2600.0,2815,2700,price_data (4).csv
2025-07-26,Tomato,1903,Dadri,9,Uttar Pradesh,141,Gautam Buddha Nagar,Hybrid,2750.0,2990,2850,price_data (4).csv
2025-07-26,Tomato,1903,Dadri,9,Uttar Pradesh,141,Gautam Buddha Nagar,Deshi,2650.0,2890,2750,price_data (4).csv
2025-07-25,Tomato,2541,Dankaur,9,Uttar Pradesh,141,Gautam Buddha Nagar,Deshi,2615.0,2955,2715,price_data (4).csv
2025-07-25,Tomato,1903,Dadri,9,Uttar Pradesh,141,Gautam Buddha Nagar,Hybrid,2720.0,2990,2820,price_data (4).csv
2025-07-25,Tomato,1903,Dadri,9,Uttar Pradesh,141,Gautam Buddha Nagar,Deshi,2600.0,2880,2720,price_data (4).csv
2025-07-24,Tomato,1903,Dadri,9,Uttar Pradesh,141,Gautam Buddha Nagar,Deshi,2480.0,2630,2560,price_data (4).csv
2025-07-24,Tomato,1903,Dadri,9,Uttar Pradesh,141,Gautam Buddha Nagar,Deshi,2650.0,2900,2780,price_data (4).csv
2025-07-23,Tomato,1903,Dadri,9,Uttar Pradesh,141,Gautam Buddha Nagar,Deshi,2650.0,2920,2780,price_data (4).csv
2025-07-23,Tomato,2541,Dankaur,9,Uttar Pradesh,141,Gautam Buddha Nagar,Deshi,2600.0,2855,2720,price_data (4).csv
2025-07-23,Tomato,1903,Dadri,9,Uttar Pradesh,141,Gautam Buddha Nagar,Deshi,2500.0,2630,2580,price_data (4).csv
2025-07-22,Tomato,1903,Dadri,9,Uttar Pradesh,141,Gautam Buddha Nagar,Deshi,2650.0,2900,2750,price_data (4).csv
2025-07-22,Tomato,2541,Dankaur,9,Uttar Pradesh,141,Gautam Buddha Nagar,Deshi,2600.0,2845,2710,price_data (4).csv
2025-07-22,Tomato,1903,Dadri,9,Uttar Pradesh,141,Gautam Buddha Nagar,Deshi,2480.0,2630,2550,price_data (4).csv
2025-07-21,Tomato,2541,Dankaur,9,Uttar Pradesh,141,Gautam Buddha Nagar,Deshi,2600.0,2950,2750,price_data (4).csv
2025-07-21,Tomato,1903,Dadri,9,Uttar Pradesh,141,Gautam Buddha Nagar,Deshi,2500.0,2640,2570,price_data (4).csv
2025-07-21,Tomato,1903,Dadri,9,Uttar Pradesh,141,Gautam Buddha Nagar,Deshi,2660.0,2900,2780,price_data (4).csv
2025-07-20,Tomato,1903,Dadri,9,Uttar Pradesh,141,Gautam Buddha Nagar,Hybrid,2750.0,3000,2850,price_data (4).csv
2025-07-20,Tomato,2541,Dankaur,9,Uttar Pradesh,141,Gautam Buddha Nagar,Deshi,2600.0,2845,2700,price_data (4).csv
2025-07-20,Tomato,1903,Dadri,9,Uttar Pradesh,141,Gautam Buddha Nagar,Deshi,2650.0,2890,2750,price_data (4).csv
2025-07-19,Tomato,2541,Dankaur,9,Uttar Pradesh,141,Gautam Buddha Nagar,Deshi,2600.0,2845,2700,price_data (4).csv
2025-07-19,Tomato,1903,Dadri,9,Uttar Pradesh,141,Gautam Buddha Nagar,Deshi,2640.0,2880,2740,price_data (4).csv
2025-07-19,Tomato,1903,Dadri,9,Uttar Pradesh,141,Gautam Buddha Nagar,Hybrid,2740.0,2980,2840,price_data (4).csv
2025-07-18,Tomato,2541,Dankaur,9,Uttar Pradesh,141,Gautam Buddha Nagar,Deshi,2700.0,2955,2855,price_data (4).csv
2025-07-18,Tomato,1903,Dadri,9,Uttar Pradesh,141,Gautam Buddha Nagar,Deshi,2650.0,2880,2750,price_data (4).csv
2025-07-18,Tomato,1903,Dadri,9,Uttar Pradesh,141,Gautam Buddha Nagar,Hybrid,2750.0,2990,2850,price_data (4).csv
2025-07-17,Tomato,1903,Dadri,9,Uttar Pradesh,141,Gautam Buddha Nagar,Deshi,2650.0,2900,2750,price_data (4).csv
2025-07-17,Tomato,1903,Dadri,9,Uttar Pradesh,141,Gautam Buddha Nagar,Hybrid,2750.0,2990,2850,price_data (4).csv
2025-07-16,Tomato,2541,Dankaur,9,Uttar Pradesh,141,Gautam Buddha Nagar,Deshi,2700.0,2955,2810,price_data (4).csv
2025-07-15,Tomato,2541,Dankaur,9,Uttar Pradesh,141,Gautam Buddha Nagar,Deshi,2700.0,2945,2800,price_data (4).csv
2025-07-15,Tomato,1903,Dadri,9,Uttar Pradesh,141,Gautam Buddha Nagar,Hybrid,2800.0,3030,2900,price_data (4).csv
2025-07-15,Tomato,1903,Dadri,9,Uttar Pradesh,141,Gautam Buddha Nagar,Deshi,2670.0,2920,2800,price_data (4).csv
2025-07-15,Tomato,1903,Dadri,9,Uttar Pradesh,141,Gautam Buddha Nagar,Deshi,2500.0,2650,2580,price_data (4).csv
2025-07-14,Tomato,1903,Dadri,9,Uttar Pradesh,141,Gautam Buddha Nagar,Hybrid,2750.0,2990,2870,price_data (4).csv
2025-07-14,Tomato,1903,Dadri,9,Uttar Pradesh,141,Gautam Buddha Nagar,Deshi,2660.0,2880,2770,price_data (4).csv
2025-07-14,Tomato,2541,Dankaur,9,Uttar Pradesh,141,Gautam Buddha Nagar,Deshi,2700.0,2945,2800,price_data (4).csv
2025-07-13,Tomato,2541,Dankaur,9,Uttar Pradesh,141,Gautam Buddha Nagar,Deshi,2700.0,2940,2800,price_data (4).csv
2025-07-12,Tomato,2541,Dankaur,9,Uttar Pradesh,141,Gautam Buddha Nagar,Deshi,2600.0,2900,2715,price_data (4).csv
2025-07-12,Tomato,1903,Dadri,9,Uttar Pradesh,141,Gautam Buddha Nagar,Deshi,2650.0,2880,2750,price_data (4).csv
2025-07-12,Tomato,1903,Dadri,9,Uttar Pradesh,141,Gautam Buddha Nagar,Hybrid,2750.0,3000,2850,price_data (4).csv
2025-07-11,Tomato,1903,Dadri,9,Uttar Pradesh,141,Gautam Buddha Nagar,Deshi,2440.0,2580,2500,price_data (4).csv
2025-07-11,Tomato,2541,Dankaur,9,Uttar Pradesh,141,Gautam Buddha Nagar,Deshi,2500.0,2755,2650,price_data (4).csv
2025-07-11,Tomato,1903,Dadri,9,Uttar Pradesh,141,Gautam Buddha Nagar,Deshi,2600.0,2850,2700,price_data (4).csv
2025-07-10,Tomato,1903,Dadri,9,Uttar Pradesh,141,Gautam Buddha Nagar,Hybrid,2650.0,2900,2750,price_data (4).csv
2025-07-10,Tomato,2541,Dankaur,9,Uttar Pradesh,141,Gautam Buddha Nagar,Deshi,2515.0,2810,2675,price_data (4).csv
2025-07-10,Tomato,1903,Dadri,9,Uttar Pradesh,141,Gautam Buddha Nagar,Deshi,2380.0,2530,2450,price_data (4).csv
2025-07-10,Tomato,1903,Dadri,9,Uttar Pradesh,141,Gautam Buddha Nagar,Deshi,2550.0,2770,2650,price_data (4).csv
2025-07-09,Tomato,2541,Dankaur,9,Uttar Pradesh,141,Gautam Buddha Nagar,Deshi,2500.0,2755,2620,price_data (4).csv
2025-07-09,Tomato,1903,Dadri,9,Uttar Pradesh,141,Gautam Buddha Nagar,Deshi,2550.0,2770,2650,price_data (4).csv
2025-07-09,Tomato,1903,Dadri,9,Uttar Pradesh,141,Gautam Buddha Nagar,Deshi,2400.0,2530,2470,price_data (4).csv
2025-07-08,Tomato,2541,Dankaur,9,Uttar Pradesh,141,Gautam Buddha Nagar,Deshi,2500.0,2755,2640,price_data (4).csv
2025-07-07,Tomato,2541,Dankaur,9,Uttar Pradesh,141,Gautam Buddha Nagar,Deshi,2400.0,2755,2600,price_data (4).csv
2025-07-06,Tomato,2541,Dankaur,9,Uttar Pradesh,141,Gautam Buddha Nagar,Deshi,2300.0,2600,2430,price_data (4).csv
2025-07-05,Tomato,1903,Dadri,9,Uttar Pradesh,141,Gautam Buddha Nagar,Deshi,2100.0,2220,2170,price_data (4).csv
2025-07-05,Tomato,2541,Dankaur,9,Uttar Pradesh,141,Gautam Buddha Nagar,Deshi,2300.0,2610,2400,price_data (4).csv
2025-07-05,Tomato,1903,Dadri,9,Uttar Pradesh,141,Gautam Buddha Nagar,Deshi,2240.0,2480,2350,price_data (4).csv
2025-07-04,Tomato,1903,Dadri,9,Uttar Pradesh,141,Gautam Buddha Nagar,Deshi,2280.0,2500,2380,price_data (4).csv
2025-07-04,Tomato,2541,Dankaur,9,Uttar Pradesh,141,Gautam Buddha Nagar,Deshi,2200.0,2455,2310,price_data (4).csv
2025-07-04,Tomato,1903,Dadri,9,Uttar Pradesh,141,Gautam Buddha Nagar,Deshi,2130.0,2260,2190,price_data (4).csv
2025-07-03,Tomato,1903,Dadri,9,Uttar Pradesh,141,Gautam Buddha Nagar,Deshi,2200.0,2440,2300,price_data (4).csv
2025-07-03,Tomato,1903,Dadri,9,Uttar Pradesh,141,Gautam Buddha Nagar,Deshi,2050.0,2180,2120,price_data (4).csv
2025-07-02,Tomato,1903,Dadri,9,Uttar Pradesh,141,Gautam Buddha Nagar,Deshi,2000.0,2250,2150,price_data (4).csv
2025-07-02,Tomato,2541,Dankaur,9,Uttar Pradesh,141,Gautam Buddha Nagar,Deshi,1900.0,2155,2000,price_data (4).csv
2025-07-01,Tomato,2541,Dankaur,9,Uttar Pradesh,141,Gautam Buddha Nagar,Deshi,1800.0,2100,1920,price_data (4).csv
2025-06-30,Tomato,1903,Dadri,9,Uttar Pradesh,141,Gautam Buddha Nagar,Deshi,1900.0,2150,2000,price_data (4).csv
2025-06-30,Tomato,2541,Dankaur,9,Uttar Pradesh,141,Gautam Buddha Nagar,Deshi,1700.0,1955,1820,price_data (4).csv
2025-06-30,Tomato,1903,Dadri,9,Uttar Pradesh,141,Gautam Buddha Nagar,Deshi,1730.0,1870,1800,price_data (4).csv
2025-06-29,Tomato,1903,Dadri,9,Uttar Pradesh,141,Gautam Buddha Nagar,Deshi,1800.0,2040,1900,price_data (4).csv
2025-06-29,Tomato,2541,Dankaur,9,Uttar Pradesh,141,Gautam Buddha Nagar,Deshi,1700.0,1955,1800,price_data (4).csv
2025-06-28,Tomato,1903,Dadri,9,Uttar Pradesh,141,Gautam Buddha Nagar,Deshi,1800.0,2020,1900,price_data (4).csv
2025-06-28,Tomato,2541,Dankaur,9,Uttar Pradesh,141,Gautam Buddha Nagar,Deshi,1700.0,1955,1860,price_data (4).csv
2025-06-27,Tomato,1903,Dadri,9,Uttar Pradesh,141,Gautam Buddha Nagar,Deshi,1600.0,1750,1670,price_data (4).csv
2025-06-27,Tomato,1903,Dadri,9,Uttar Pradesh,141,Gautam Buddha Nagar,Deshi,1770.0,1990,1870,price_data (4).csv
2025-06-27,Tomato,2541,Dankaur,9,Uttar Pradesh,141,Gautam Buddha Nagar,Deshi,1700.0,1945,1800,price_data (4).csv
2025-06-26,Tomato,1903,Dadri,9,Uttar Pradesh,141,Gautam Buddha Nagar,Deshi,1600.0,1750,1670,price_data (4).csv
2025-06-26,Tomato,1903,Dadri,9,Uttar Pradesh,141,Gautam Buddha Nagar,Deshi,1770.0,1980,1870,price_data (4).csv
2025-06-26,Tomato,2541,Dankaur,9,Uttar Pradesh,141,Gautam Buddha Nagar,Deshi,1725.0,1945,1850,price_data (4).csv
2025-06-25,Tomato,1903,Dadri,9,Uttar Pradesh,141,Gautam Buddha Nagar,Deshi,1780.0,2000,1880,price_data (4).csv
2025-06-25,Tomato,1903,Dadri,9,Uttar Pradesh,141,Gautam Buddha Nagar,Deshi,1600.0,1750,1670,price_data (4).csv
2025-06-24,Tomato,1903,Dadri,9,Uttar Pradesh,141,Gautam Buddha Nagar,Deshi,1800.0,2000,1890,price_data (4).csv
2025-06-24,Tomato,2541,Dankaur,9,Uttar Pradesh,141,Gautam Buddha Nagar,Deshi,1800.0,2100,1900,price_data (4).csv
2025-06-24,Tomato,1903,Dadri,9,Uttar Pradesh,141,Gautam Buddha Nagar,Deshi,1650.0,1770,1720,price_data (4).csv
2025-06-23,Tomato,2541,Dankaur,9,Uttar Pradesh,141,Gautam Buddha Nagar,Deshi,1800.0,2100,1975,price_data (4).csv
2025-06-23,Tomato,1903,Dadri,9,Uttar Pradesh,141,Gautam Buddha Nagar,Deshi,1800.0,2020,1900,price_data (4).csv
2025-06-23,Tomato,1903,Dadri,9,Uttar Pradesh,141,Gautam Buddha Nagar,Deshi,1660.0,1780,1720,price_data (4).csv
2025-06-21,Tomato,2541,Dankaur,9,Uttar Pradesh,141,Gautam Buddha Nagar,Deshi,1800.0,2100,1980,price_data (4).csv
2025-06-20,Tomato,2541,Dankaur,9,Uttar Pradesh,141,Gautam Buddha Nagar,Deshi,1900.0,2200,2055,price_data (4).csv
2025-06-20,Tomato,1903,Dadri,9,Uttar Pradesh,141,Gautam Buddha Nagar,Deshi,1900.0,2150,2010,price_data (4).csv
2025-06-19,Tomato,2541,Dankaur,9,Uttar Pradesh,141,Gautam Buddha Nagar,Deshi,1900.0,2200,2020,price_data (4).csv
2025-06-19,Tomato,1903,Dadri,9,Uttar Pradesh,141,Gautam Buddha Nagar,Deshi,1900.0,2100,1980,price_data (4).csv
2025-06-19,Tomato,1903,Dadri,9,Uttar Pradesh,141,Gautam Buddha Nagar,Hybrid,1950.0,2180,2050,price_data (4).csv
2025-06-18,Tomato,2541,Dankaur,9,Uttar Pradesh,141,Gautam Buddha Nagar,Deshi,1910.0,2200,2000,price_data (4).csv
2025-06-17,Tomato,1903,Dadri,9,Uttar Pradesh,141,Gautam Buddha Nagar,Hybrid,1920.0,2220,2010,price_data (4).csv
2025-06-17,Tomato,2541,Dankaur,9,Uttar Pradesh,141,Gautam Buddha Nagar,Deshi,1800.0,2100,1900,price_data (4).csv
2025-06-17,Tomato,1903,Dadri,9,Uttar Pradesh,141,Gautam Buddha Nagar,Deshi,1850.0,2040,1930,price_data (4).csv
2025-06-16,Tomato,1903,Dadri,9,Uttar Pradesh,141,Gautam Buddha Nagar,Deshi,1750.0,1960,1850,price_data (4).csv
2025-06-16,Tomato,1903,Dadri,9,Uttar Pradesh,141,Gautam Buddha Nagar,Hybrid,1830.0,2050,1930,price_data (4).csv
2025-06-16,Tomato,2541,Dankaur,9,Uttar Pradesh,141,Gautam Buddha Nagar,Deshi,1700.0,1975,1850,price_data (4).csv
2025-06-15,Tomato,1903,Dadri,9,Uttar Pradesh,141,Gautam Buddha Nagar,Deshi,1700.0,1920,1800,price_data (4).csv
2025-06-15,Tomato,1903,Dadri,9,Uttar Pradesh,141,Gautam Buddha Nagar,Hybrid,1770.0,2020,1880,price_data (4).csv
2025-06-14,Tomato,2541,Dankaur,9,Uttar Pradesh,141,Gautam Buddha Nagar,Deshi,1600.0,1900,1740,price_data (4).csv
2025-06-14,Tomato,1903,Dadri,9,Uttar Pradesh,141,Gautam Buddha Nagar,Deshi,1690.0,1950,1800,price_data (4).csv
2025-06-13,Tomato,1903,Dadri,9,Uttar Pradesh,141,Gautam Buddha Nagar,Deshi,1600.0,1820,1700,price_data (4).csv
2025-06-13,Tomato,2541,Dankaur,9,Uttar Pradesh,141,Gautam Buddha Nagar,Deshi,1500.0,1745,1600,price_data (4).csv
2025-06-13,Tomato,1903,Dadri,9,Uttar Pradesh,141,Gautam Buddha Nagar,Hybrid,1700.0,1900,1780,price_data (4).csv
2025-06-12,Tomato,1903,Dadri,9,Uttar Pradesh,141,Gautam Buddha Nagar,Hybrid,1550.0,1780,1650,price_data (4).csv
2025-06-12,Tomato,2541,Dankaur,9,Uttar Pradesh,141,Gautam Buddha Nagar,Deshi,1425.0,1675,1585,price_data (4).csv
2025-06-12,Tomato,1903,Dadri,9,Uttar Pradesh,141,Gautam Buddha Nagar,Deshi,1480.0,1700,1580,price_data (4).csv
2025-06-11,Tomato,1903,Dadri,9,Uttar Pradesh,141,Gautam Buddha Nagar,Deshi,1400.0,1630,1520,price_data (4).csv
2025-06-10,Tomato,1903,Dadri,9,Uttar Pradesh,141,Gautam Buddha Nagar,Deshi,1280.0,1500,1380,price_data (4).csv
2025-06-10,Tomato,1903,Dadri,9,Uttar Pradesh,141,Gautam Buddha Nagar,Deshi,1100.0,1250,1170,price_data (4).csv
2025-06-09,Tomato,2541,Dankaur,9,Uttar Pradesh,141,Gautam Buddha Nagar,Deshi,1175.0,1455,1290,price_data (4).csv
2025-06-09,Tomato,1903,Dadri,9,Uttar Pradesh,141,Gautam Buddha Nagar,Deshi,1200.0,1420,1300,price_data (4).csv
2025-06-08,Tomato,2541,Dankaur,9,Uttar Pradesh,141,Gautam Buddha Nagar,Deshi,1100.0,1355,1255,price_data (4).csv
2025-06-08,Tomato,1903,Dadri,9,Uttar Pradesh,141,Gautam Buddha Nagar,Deshi,1170.0,1400,1280,price_data (4).csv
2025-06-07,Tomato,1903,Dadri,9,Uttar Pradesh,141,Gautam Buddha Nagar,Deshi,970.0,1100,1040,price_data (4).csv
2025-06-07,Tomato,2541,Dankaur,9,Uttar Pradesh,141,Gautam Buddha Nagar,Deshi,1100.0,1355,1250,price_data (4).csv
2025-06-07,Tomato,1903,Dadri,9,Uttar Pradesh,141,Gautam Buddha Nagar,Deshi,1140.0,1370,1240,price_data (4).csv
2025-06-06,Tomato,2541,Dankaur,9,Uttar Pradesh,141,Gautam Buddha Nagar,Deshi,1100.0,1355,1240,price_data (4).csv
2025-06-06,Tomato,1903,Dadri,9,Uttar Pradesh,141,Gautam Buddha Nagar,Deshi,1140.0,1350,1250,price_data (4).csv
2025-06-06,Tomato,1903,Dadri,9,Uttar Pradesh,141,Gautam Buddha Nagar,Deshi,980.0,1110,1050,price_data (4).csv
2025-06-05,Tomato,1903,Dadri,9,Uttar Pradesh,141,Gautam Buddha Nagar,Deshi,1130.0,1380,1240,price_data (4).csv
2025-06-05,Tomato,1903,Dadri,9,Uttar Pradesh,141,Gautam Buddha Nagar,Deshi,970.0,1100,1040,price_data (4).csv
2025-06-04,Tomato,1903,Dadri,9,Uttar Pradesh,141,Gautam Buddha Nagar,Deshi,1110.0,1360,1230,price_data (4).csv
2025-06-04,Tomato,2541,Dankaur,9,Uttar Pradesh,141,Gautam Buddha Nagar,Deshi,1100.0,1355,1215,price_data (4).csv
2025-06-04,Tomato,1903,Dadri,9,Uttar Pradesh,141,Gautam Buddha Nagar,Deshi,970.0,1090,1030,price_data (4).csv
2025-06-03,Tomato,2541,Dankaur,9,Uttar Pradesh,141,Gautam Buddha Nagar,Deshi,1000.0,1300,1170,price_data (4).csv
2025-06-03,Tomato,1903,Dadri,9,Uttar Pradesh,141,Gautam Buddha Nagar,Deshi,1080.0,1300,1190,price_data (4).csv
2025-06-03,Tomato,1903,Dadri,9,Uttar Pradesh,141,Gautam Buddha Nagar,Deshi,950.0,1060,1010,price_data (4).csv
2025-06-02,Tomato,2541,Dankaur,9,Uttar Pradesh,141,Gautam Buddha Nagar,Deshi,1000.0,1255,1130,price_data (4).csv
2025-06-02,Tomato,1903,Dadri,9,Uttar Pradesh,141,Gautam Buddha Nagar,Deshi,1010.0,1250,1130,price_data (4).csv
2025-06-02,Tomato,1903,Dadri,9,Uttar Pradesh,141,Gautam Buddha Nagar,Deshi,880.0,980,930,price_data (4).csv
2025-06-01,Tomato,2541,Dankaur,9,Uttar Pradesh,141,Gautam Buddha Nagar,Deshi,1000.0,1300,1100,price_data (4).csv
2025-05-31,Tomato,2541,Dankaur,9,Uttar Pradesh,141,Gautam Buddha Nagar,Deshi,900.0,1155,1060,price_data (4).csv
2025-05-30,Tomato,2541,Dankaur,9,Uttar Pradesh,141,Gautam Buddha Nagar,Deshi,900.0,1155,1095,price_data (4).csv
2025-05-30,Tomato,1903,Dadri,9,Uttar Pradesh,141,Gautam Buddha Nagar,Deshi,940.0,1150,1050,price_data (4).csv
2025-05-30,Tomato,1903,Dadri,9,Uttar Pradesh,141,Gautam Buddha Nagar,Deshi,800.0,920,860,price_data (4).csv
2025-05-28,Tomato,1903,Dadri,9,Uttar Pradesh,141,Gautam Buddha Nagar,Deshi,680.0,780,730,price_data (4).csv
2025-05-28,Tomato,1903,Dadri,9,Uttar Pradesh,141,Gautam Buddha Nagar,Deshi,800.0,1020,900,price_data (4).csv
2025-05-27,Tomato,1903,Dadri,9,Uttar Pradesh,141,Gautam Buddha Nagar,Deshi,600.0,730,660,price_data (4).csv
2025-05-27,Tomato,1903,Dadri,9,Uttar Pradesh,141,Gautam Buddha Nagar,Deshi,750.0,970,850,price_data (4).csv
2025-05-26,Tomato,1903,Dadri,9,Uttar Pradesh,141,Gautam Buddha Nagar,Deshi,720.0,940,820,price_data (4).csv
2025-05-26,Tomato,1903,Dadri,9,Uttar Pradesh,141,Gautam Buddha Nagar,Deshi,580.0,700,650,price_data (4).csv
2025-05-26,Tomato,2541,Dankaur,9,Uttar Pradesh,141,Gautam Buddha Nagar,Deshi,700.0,955,800,price_data (4).csv
2025-05-24,Tomato,2541,Dankaur,9,Uttar Pradesh,141,Gautam Buddha Nagar,Deshi,700.0,955,875,price_data (4).csv
2025-05-24,Tomato,1903,Dadri,9,Uttar Pradesh,141,Gautam Buddha Nagar,Deshi,600.0,700,650,price_data (4).csv
2025-05-24,Tomato,1903,Dadri,9,Uttar Pradesh,141,Gautam Buddha Nagar,Deshi,730.0,950,830,price_data (4).csv
2025-05-23,Tomato,1903,Dadri,9,Uttar Pradesh,141,Gautam Buddha Nagar,Deshi,600.0,700,650,price_data (4).csv
2025-05-23,Tomato,2541,Dankaur,9,Uttar Pradesh,141,Gautam Buddha Nagar,Deshi,700.0,955,835,price_data (4).csv
2025-05-23,Tomato,1903,Dadri,9,Uttar Pradesh,141,Gautam Buddha Nagar,Deshi,730.0,950,830,price_data (4).csv
2025-05-21,Tomato,1903,Dadri,9,Uttar Pradesh,141,Gautam Buddha Nagar,Deshi,700.0,920,820,price_data (4).csv
2025-05-21,Tomato,2541,Dankaur,9,Uttar Pradesh,141,Gautam Buddha Nagar,Deshi,700.0,955,800,price_data (4).csv
2025-05-21,Tomato,1903,Dadri,9,Uttar Pradesh,141,Gautam Buddha Nagar,Deshi,560.0,680,620,price_data (4).csv
2025-05-20,Tomato,2541,Dankaur,9,Uttar Pradesh,141,Gautam Buddha Nagar,Deshi,800.0,955,870,price_data (4).csv
2025-05-19,Tomato,1903,Dadri,9,Uttar Pradesh,141,Gautam Buddha Nagar,Deshi,700.0,920,800,price_data (4).csv
2025-05-19,Tomato,2541,Dankaur,9,Uttar Pradesh,141,Gautam Buddha Nagar,Deshi,700.0,955,800,price_data (4).csv
2025-05-19,Tomato,1903,Dadri,9,Uttar Pradesh,141,Gautam Buddha Nagar,Deshi,550.0,680,610,price_data (4).csv
2025-05-18,Tomato,1903,Dadri,9,Uttar Pradesh,141,Gautam Buddha Nagar,Deshi,700.0,920,800,price_data (4).csv
2025-05-18,Tomato,1903,Dadri,9,Uttar Pradesh,141,Gautam Buddha Nagar,Deshi,550.0,680,610,price_data (4).csv
2025-05-17,Tomato,1903,Dadri,9,Uttar Pradesh,141,Gautam Buddha Nagar,Deshi,720.0,900,820,price_data (4).csv
2025-05-17,Tomato,2541,Dankaur,9,Uttar Pradesh,141,Gautam Buddha Nagar,Deshi,725.0,950,880,price_data (4).csv
2025-05-17,Tomato,1903,Dadri,9,Uttar Pradesh,141,Gautam Buddha Nagar,Deshi,600.0,700,650,price_data (4).csv
2025-05-16,Tomato,1903,Dadri,9,Uttar Pradesh,141,Gautam Buddha Nagar,Deshi,550.0,690,630,price_data (4).csv
2025-05-16,Tomato,2541,Dankaur,9,Uttar Pradesh,141,Gautam Buddha Nagar,Deshi,655.0,955,785,price_data (4).csv
2025-05-16,Tomato,1903,Dadri,9,Uttar Pradesh,141,Gautam Buddha Nagar,Deshi,700.0,900,800,price_data (4).csv
2025-05-15,Tomato,1903,Dadri,9,Uttar Pradesh,141,Gautam Buddha Nagar,Deshi,700.0,900,800,price_data (4).csv
2025-05-15,Tomato,1903,Dadri,9,Uttar Pradesh,141,Gautam Buddha Nagar,Deshi,570.0,680,630,price_data (4).csv
2025-05-13,Tomato,2541,Dankaur,9,Uttar Pradesh,141,Gautam Buddha Nagar,Deshi,700.0,955,815,price_data (4).csv
2025-05-12,Tomato,2541,Dankaur,9,Uttar Pradesh,141,Gautam Buddha Nagar,Deshi,700.0,955,800,price_data (4).csv
2025-05-12,Tomato,1903,Dadri,9,Uttar Pradesh,141,Gautam Buddha Nagar,Deshi,570.0,680,630,price_data (4).csv
2025-05-12,Tomato,1903,Dadri,9,Uttar Pradesh,141,Gautam Buddha Nagar,Deshi,700.0,920,800,price_data (4).csv
2025-05-11,Tomato,1903,Dadri,9,Uttar Pradesh,141,Gautam Buddha Nagar,Deshi,720.0,930,820,price_data (4).csv
2025-05-11,Tomato,2541,Dankaur,9,Uttar Pradesh,141,Gautam Buddha Nagar,Deshi,700.0,955,780,price_data (4).csv
2025-05-11,Tomato,1903,Dadri,9,Uttar Pradesh,141,Gautam Buddha Nagar,Deshi,600.0,700,650,price_data (4).csv
2025-05-10,Tomato,1903,Dadri,9,Uttar Pradesh,141,Gautam Buddha Nagar,Deshi,700.0,920,800,price_data (4).csv
2025-05-10,Tomato,2541,Dankaur,9,Uttar Pradesh,141,Gautam Buddha Nagar,Deshi,755.0,955,800,price_data (4).csv
2025-05-10,Tomato,1903,Dadri,9,Uttar Pradesh,141,Gautam Buddha Nagar,Deshi,570.0,680,630,price_data (4).csv
2025-05-09,Tomato,1903,Dadri,9,Uttar Pradesh,141,Gautam Buddha Nagar,Deshi,570.0,680,630,price_data (4).csv
2025-05-09,Tomato,2541,Dankaur,9,Uttar Pradesh,141,Gautam Buddha Nagar,Deshi,655.0,855,780,price_data (4).csv
2025-05-09,Tomato,1903,Dadri,9,Uttar Pradesh,141,Gautam Buddha Nagar,Deshi,700.0,920,800,price_data (4).csv
2025-05-07,Tomato,2541,Dankaur,9,Uttar Pradesh,141,Gautam Buddha Nagar,Deshi,600.0,855,720,price_data (4).csv
2025-05-07,Tomato,1903,Dadri,9,Uttar Pradesh,141,Gautam Buddha Nagar,Deshi,650.0,850,740,price_data (4).csv
2025-05-07,Tomato,1903,Dadri,9,Uttar Pradesh,141,Gautam Buddha Nagar,Deshi,530.0,630,580,price_data (4).csv
2025-05-06,Tomato,2541,Dankaur,9,Uttar Pradesh,141,Gautam Buddha Nagar,Deshi,600.0,850,700,price_data (4).csv
2025-05-05,Tomato,2541,Dankaur,9,Uttar Pradesh,141,Gautam Buddha Nagar,Deshi,600.0,855,720,price_data (4).csv
2025-05-04,Tomato,1903,Dadri,9,Uttar Pradesh,141,Gautam Buddha Nagar,Deshi,560.0,670,620,price_data (4).csv
2025-05-04,Tomato,1903,Dadri,9,Uttar Pradesh,141,Gautam Buddha Nagar,Deshi,690.0,870,770,price_data (4).csv
2025-05-02,Tomato,1903,Dadri,9,Uttar Pradesh,141,Gautam Buddha Nagar,Deshi,600.0,800,700,price_data (4).csv
2025-05-02,Tomato,1903,Dadri,9,Uttar Pradesh,141,Gautam Buddha Nagar,Deshi,480.0,580,530,price_data (4).csv
2025-04-30,Tomato,2541,Dankaur,9,Uttar Pradesh,141,Gautam Buddha Nagar,Deshi,550.0,755,640,price_data (4).csv
2025-04-30,Tomato,1903,Dadri,9,Uttar Pradesh,141,Gautam Buddha Nagar,Deshi,600.0,710,690,price_data (4).csv
2025-04-30,Tomato,1903,Dadri,9,Uttar Pradesh,141,Gautam Buddha Nagar,Deshi,490.0,590,540,price_data (4).csv
2025-04-29,Tomato,2541,Dankaur,9,Uttar Pradesh,141,Gautam Buddha Nagar,Deshi,600.0,855,710,price_data (4).csv
2025-04-29,Tomato,1903,Dadri,9,Uttar Pradesh,141,Gautam Buddha Nagar,Deshi,520.0,620,570,price_data (4).csv
2025-04-29,Tomato,1903,Dadri,9,Uttar Pradesh,141,Gautam Buddha Nagar,Deshi,630.0,800,700,price_data (4).csv
2025-04-28,Tomato,2541,Dankaur,9,Uttar Pradesh,141,Gautam Buddha Nagar,Deshi,655.0,955,710,price_data (4).csv
2025-04-28,Tomato,1903,Dadri,9,Uttar Pradesh,141,Gautam Buddha Nagar,Deshi,630.0,840,730,price_data (4).csv
2025-04-28,Tomato,1903,Dadri,9,Uttar Pradesh,141,Gautam Buddha Nagar,Deshi,500.0,610,550,price_data (4).csv
2025-04-27,Tomato,2541,Dankaur,9,Uttar Pradesh,141,Gautam Buddha Nagar,Deshi,600.0,845,710,price_data (4).csv
2025-04-27,Tomato,1903,Dadri,9,Uttar Pradesh,141,Gautam Buddha Nagar,Hybrid,520.0,630,580,price_data (4).csv
2025-04-27,Tomato,1903,Dadri,9,Uttar Pradesh,141,Gautam Buddha Nagar,Deshi,650.0,860,750,price_data (4).csv
2025-04-26,Tomato,2541,Dankaur,9,Uttar Pradesh,141,Gautam Buddha Nagar,Deshi,655.0,875,720,price_data (4).csv
2025-04-26,Tomato,1903,Dadri,9,Uttar Pradesh,141,Gautam Buddha Nagar,Deshi,640.0,800,720,price_data (4).csv
2025-04-26,Tomato,1903,Dadri,9,Uttar Pradesh,141,Gautam Buddha Nagar,Deshi,500.0,610,550,price_data (4).csv
2025-04-25,Tomato,2541,Dankaur,9,Uttar Pradesh,141,Gautam Buddha Nagar,Deshi,655.0,855,740,price_data (4).csv
2025-04-25,Tomato,1903,Dadri,9,Uttar Pradesh,141,Gautam Buddha Nagar,Deshi,500.0,630,560,price_data (4).csv
2025-04-25,Tomato,1903,Dadri,9,Uttar Pradesh,141,Gautam Buddha Nagar,Deshi,650.0,860,750,price_data (4).csv
2025-04-24,Tomato,1903,Dadri,9,Uttar Pradesh,141,Gautam Buddha Nagar,Deshi,530.0,640,580,price_data (4).csv
2025-04-24,Tomato,1903,Dadri,9,Uttar Pradesh,141,Gautam Buddha Nagar,Deshi,660.0,850,760,price_data (4).csv
2025-04-23,Tomato,2541,Dankaur,9,Uttar Pradesh,141,Gautam Buddha Nagar,Deshi,600.0,855,700,price_data (4).csv
2025-04-23,Tomato,1903,Dadri,9,Uttar Pradesh,141,Gautam Buddha Nagar,Deshi,540.0,640,590,price_data (4).csv
2025-04-23,Tomato,1903,Dadri,9,Uttar Pradesh,141,Gautam Buddha Nagar,Deshi,650.0,830,730,price_data (4).csv
2025-04-22,Tomato,2541,Dankaur,9,Uttar Pradesh,141,Gautam Buddha Nagar,Deshi,700.0,965,825,price_data (4).csv
2025-04-22,Tomato,1903,Dadri,9,Uttar Pradesh,141,Gautam Buddha Nagar,Deshi,720.0,880,800,price_data (4).csv
2025-04-22,Tomato,1903,Dadri,9,Uttar Pradesh,141,Gautam Buddha Nagar,Deshi,600.0,700,650,price_data (4).csv
2025-04-21,Tomato,2541,Dankaur,9,Uttar Pradesh,141,Gautam Buddha Nagar,Deshi,700.0,915,800,price_data (4).csv
2025-04-20,Tomato,2541,Dankaur,9,Uttar Pradesh,141,Gautam Buddha Nagar,Deshi,755.0,955,811,price_data (4).csv
2025-04-20,Tomato,1903,Dadri,9,Uttar Pradesh,141,Gautam Buddha Nagar,Deshi,580.0,720,660,price_data (4).csv
2025-04-20,Tomato,1903,Dadri,9,Uttar Pradesh,141,Gautam Buddha Nagar,Deshi,750.0,920,830,price_data (4).csv
2025-04-19,Tomato,2541,Dankaur,9,Uttar Pradesh,141,Gautam Buddha Nagar,Deshi,710.0,955,810,price_data (4).csv
2025-04-19,Tomato,1903,Dadri,9,Uttar Pradesh,141,Gautam Buddha Nagar,Deshi,620.0,730,680,price_data (4).csv
2025-04-19,Tomato,1903,Dadri,9,Uttar Pradesh,141,Gautam Buddha Nagar,Deshi,750.0,940,830,price_data (4).csv
2025-04-18,Tomato,1903,Dadri,9,Uttar Pradesh,141,Gautam Buddha Nagar,Deshi,750.0,940,840,price_data (4).csv
2025-04-18,Tomato,1903,Dadri,9,Uttar Pradesh,141,Gautam Buddha Nagar,Deshi,630.0,740,690,price_data (4).csv
2025-04-16,Tomato,2541,Dankaur,9,Uttar Pradesh,141,Gautam Buddha Nagar,Deshi,755.0,955,820,price_data (4).csv
2025-04-16,Tomato,1903,Dadri,9,Uttar Pradesh,141,Gautam Buddha Nagar,Deshi,750.0,940,840,price_data (4).csv
2025-04-16,Tomato,1903,Dadri,9,Uttar Pradesh,141,Gautam Buddha Nagar,Deshi,600.0,720,670,price_data (4).csv
2025-04-15,Tomato,2541,Dankaur,9,Uttar Pradesh,141,Gautam Buddha Nagar,Deshi,785.0,945,820,price_data (4).csv
2025-04-14,Tomato,2541,Dankaur,9,Uttar Pradesh,141,Gautam Buddha Nagar,Deshi,700.0,925,800,price_data (4).csv
2025-04-14,Tomato,1903,Dadri,9,Uttar Pradesh,141,Gautam Buddha Nagar,Deshi,730.0,900,810,price_data (4).csv
2025-04-14,Tomato,1903,Dadri,9,Uttar Pradesh,141,Gautam Buddha Nagar,Deshi,570.0,700,630,price_data (4).csv
2025-04-13,Tomato,2541,Dankaur,9,Uttar Pradesh,141,Gautam Buddha Nagar,Deshi,600.0,855,712,price_data (4).csv
2025-04-13,Tomato,1903,Dadri,9,Uttar Pradesh,141,Gautam Buddha Nagar,Deshi,550.0,680,600,price_data (4).csv
2025-04-13,Tomato,1903,Dadri,9,Uttar Pradesh,141,Gautam Buddha Nagar,Deshi,710.0,900,800,price_data (4).csv
2025-04-12,Tomato,2541,Dankaur,9,Uttar Pradesh,141,Gautam Buddha Nagar,Deshi,655.0,855,750,price_data (4).csv
2025-04-11,Tomato,1903,Dadri,9,Uttar Pradesh,141,Gautam Buddha Nagar,Deshi,650.0,850,750,price_data (4).csv
2025-04-11,Tomato,1903,Dadri,9,Uttar Pradesh,141,Gautam Buddha Nagar,Deshi,520.0,630,580,price_data (4).csv
2025-04-11,Tomato,2541,Dankaur,9,Uttar Pradesh,141,Gautam Buddha Nagar,Deshi,600.0,855,730,price_data (4).csv
2025-04-10,Tomato,1903,Dadri,9,Uttar Pradesh,141,Gautam Buddha Nagar,Deshi,700.0,880,780,price_data (4).csv
2025-04-10,Tomato,1903,Dadri,9,Uttar Pradesh,141,Gautam Buddha Nagar,Deshi,580.0,680,630,price_data (4).csv
2025-04-09,Tomato,1903,Dadri,9,Uttar Pradesh,141,Gautam Buddha Nagar,Deshi,500.0,600,550,price_data (4).csv
2025-04-09,Tomato,2541,Dankaur,9,Uttar Pradesh,141,Gautam Buddha Nagar,Deshi,600.0,840,700,price_data (4).csv
2025-04-09,Tomato,1903,Dadri,9,Uttar Pradesh,141,Gautam Buddha Nagar,Deshi,620.0,800,700,price_data (4).csv
2025-04-08,Tomato,1903,Dadri,9,Uttar Pradesh,141,Gautam Buddha Nagar,Deshi,630.0,800,720,price_data (4).csv
2025-04-08,Tomato,2541,Dankaur,9,Uttar Pradesh,141,Gautam Buddha Nagar,Deshi,650.0,845,720,price_data (4).csv
2025-04-08,Tomato,1903,Dadri,9,Uttar Pradesh,141,Gautam Buddha Nagar,Deshi,500.0,610,550,price_data (4).csv
2025-04-07,Tomato,2541,Dankaur,9,Uttar Pradesh,141,Gautam Buddha Nagar,Deshi,500.0,780,680,price_data (4).csv
2025-04-06,Tomato,1903,Dadri,9,Uttar Pradesh,141,Gautam Buddha Nagar,Hybrid,490.0,590,540,price_data (4).csv
2025-04-06,Tomato,2541,Dankaur,9,Uttar Pradesh,141,Gautam Buddha Nagar,Deshi,550.0,785,620,price_data (4).csv
2025-04-06,Tomato,1903,Dadri,9,Uttar Pradesh,141,Gautam Buddha Nagar,Deshi,600.0,780,700,price_data (4).csv
2025-04-04,Tomato,1903,Dadri,9,Uttar Pradesh,141,Gautam Buddha Nagar,Deshi,450.0,550,500,price_data (4).csv
2025-04-04,Tomato,2541,Dankaur,9,Uttar Pradesh,141,Gautam Buddha Nagar,Deshi,500.0,755,600,price_data (4).csv
2025-04-04,Tomato,1903,Dadri,9,Uttar Pradesh,141,Gautam Buddha Nagar,Deshi,560.0,740,650,price_data (4).csv
2025-04-03,Tomato,1903,Dadri,9,Uttar Pradesh,141,Gautam Buddha Nagar,Deshi,570.0,750,650,price_data (4).csv
2025-04-03,Tomato,1903,Dadri,9,Uttar Pradesh,141,Gautam Buddha Nagar,Deshi,450.0,550,500,price_data (4).csv
2025-04-02,Tomato,1903,Dadri,9,Uttar Pradesh,141,Gautam Buddha Nagar,Deshi,450.0,550,500,price_data (4).csv
2025-04-02,Tomato,2541,Dankaur,9,Uttar Pradesh,141,Gautam Buddha Nagar,Deshi,500.0,750,600,price_data (4).csv
2025-04-02,Tomato,1903,Dadri,9,Uttar Pradesh,141,Gautam Buddha Nagar,Deshi,560.0,780,660,price_data (4).csv
2025-04-01,Tomato,2541,Dankaur,9,Uttar Pradesh,141,Gautam Buddha Nagar,Deshi,500.0,750,600,price_data (4).csv
2025-03-31,Tomato,1903,Dadri,9,Uttar Pradesh,141,Gautam Buddha Nagar,Deshi,600.0,780,680,price_data (4).csv
2025-03-31,Tomato,2541,Dankaur,9,Uttar Pradesh,141,Gautam Buddha Nagar,Deshi,570.0,850,660,price_data (4).csv
2025-03-31,Tomato,1903,Dadri,9,Uttar Pradesh,141,Gautam Buddha Nagar,Deshi,480.0,590,540,price_data (4).csv
2025-03-30,Tomato,2541,Dankaur,9,Uttar Pradesh,141,Gautam Buddha Nagar,Deshi,500.0,780,610,price_data (4).csv
2025-03-29,Tomato,1903,Dadri,9,Uttar Pradesh,141,Gautam Buddha Nagar,Deshi,600.0,780,680,price_data (4).csv
2025-03-29,Tomato,2541,Dankaur,9,Uttar Pradesh,141,Gautam Buddha Nagar,Deshi,580.0,880,640,price_data (4).csv
2025-03-29,Tomato,1903,Dadri,9,Uttar Pradesh,141,Gautam Buddha Nagar,Deshi,470.0,580,530,price_data (4).csv
2025-03-28,Tomato,1903,Dadri,9,Uttar Pradesh,141,Gautam Buddha Nagar,Deshi,480.0,580,530,price_data (4).csv
2025-03-28,Tomato,2541,Dankaur,9,Uttar Pradesh,141,Gautam Buddha Nagar,Deshi,600.0,875,710,price_data (4).csv
2025-03-28,Tomato,1903,Dadri,9,Uttar Pradesh,141,Gautam Buddha Nagar,Deshi,600.0,780,680,price_data (4).csv
2025-03-27,Tomato,1903,Dadri,9,Uttar Pradesh,141,Gautam Buddha Nagar,Deshi,620.0,790,700,price_data (4).csv
2025-03-27,Tomato,1903,Dadri,9,Uttar Pradesh,141,Gautam Buddha Nagar,Deshi,490.0,590,560,price_data (4).csv
2025-03-26,Tomato,1903,Dadri,9,Uttar Pradesh,141,Gautam Buddha Nagar,Deshi,500.0,600,550,price_data (4).csv
2025-03-26,Tomato,2541,Dankaur,9,Uttar Pradesh,141,Gautam Buddha Nagar,Deshi,550.0,785,695,price_data (4).csv
2025-03-26,Tomato,1903,Dadri,9,Uttar Pradesh,141,Gautam Buddha Nagar,Deshi,620.0,800,710,price_data (4).csv
2025-03-25,Tomato,1903,Dadri,9,Uttar Pradesh,141,Gautam Buddha Nagar,Deshi,500.0,600,550,price_data (4).csv
2025-03-25,Tomato,2541,Dankaur,9,Uttar Pradesh,141,Gautam Buddha Nagar,Deshi,600.0,845,700,price_data (4).csv
2025-03-25,Tomato,1903,Dadri,9,Uttar Pradesh,141,Gautam Buddha Nagar,Deshi,620.0,800,700,price_data (4).csv
2025-03-24,Tomato,2541,Dankaur,9,Uttar Pradesh,141,Gautam Buddha Nagar,Deshi,640.0,875,714,price_data (4).csv
2025-03-23,Tomato,1903,Dadri,9,Uttar Pradesh,141,Gautam Buddha Nagar,Deshi,500.0,610,550,price_data (4).csv
2025-03-23,Tomato,2541,Dankaur,9,Uttar Pradesh,141,Gautam Buddha Nagar,Deshi,550.0,760,655,price_data (4).csv
2025-03-23,Tomato,1903,Dadri,9,Uttar Pradesh,141,Gautam Buddha Nagar,Deshi,630.0,800,710,price_data (4).csv
2025-03-22,Tomato,1903,Dadri,9,Uttar Pradesh,141,Gautam Buddha Nagar,Deshi,620.0,800,700,price_data (4).csv
2025-03-22,Tomato,2541,Dankaur,9,Uttar Pradesh,141,Gautam Buddha Nagar,Deshi,655.0,800,700,price_data (4).csv
2025-03-22,Tomato,1903,Dadri,9,Uttar Pradesh,141,Gautam Buddha Nagar,Deshi,500.0,600,550,price_data (4).csv
2025-03-21,Tomato,2541,Dankaur,9,Uttar Pradesh,141,Gautam Buddha Nagar,Deshi,600.0,815,700,price_data (4).csv
2025-03-20,Tomato,1903,Dadri,9,Uttar Pradesh,141,Gautam Buddha Nagar,Deshi,500.0,600,550,price_data (4).csv
2025-03-20,Tomato,1903,Dadri,9,Uttar Pradesh,141,Gautam Buddha Nagar,Deshi,610.0,770,690,price_data (4).csv
2025-03-19,Tomato,1903,Dadri,9,Uttar Pradesh,141,Gautam Buddha Nagar,Deshi,660.0,790,710,price_data (4).csv
2025-03-19,Tomato,2541,Dankaur,9,Uttar Pradesh,141,Gautam Buddha Nagar,Deshi,600.0,815,700,price_data (4).csv
2025-03-19,Tomato,1903,Dadri,9,Uttar Pradesh,141,Gautam Buddha Nagar,Deshi,520.0,640,580,price_data (4).csv
2025-03-18,Tomato,1903,Dadri,9,Uttar Pradesh,141,Gautam Buddha Nagar,Deshi,650.0,830,730,price_data (4).csv
2025-03-18,Tomato,2541,Dankaur,9,Uttar Pradesh,141,Gautam Buddha Nagar,Deshi,650.0,875,700,price_data (4).csv
2025-03-18,Tomato,1903,Dadri,9,Uttar Pradesh,141,Gautam Buddha Nagar,Deshi,520.0,630,570,price_data (4).csv
2025-03-17,Tomato,1903,Dadri,9,Uttar Pradesh,141,Gautam Buddha Nagar,Deshi,650.0,820,740,price_data (4).csv
2025-03-17,Tomato,2541,Dankaur,9,Uttar Pradesh,141,Gautam Buddha Nagar,Deshi,600.0,845,720,price_data (4).csv
2025-03-17,Tomato,1903,Dadri,9,Uttar Pradesh,141,Gautam Buddha Nagar,Deshi,540.0,640,590,price_data (4).csv
2025-03-16,Tomato,1903,Dadri,9,Uttar Pradesh,141,Gautam Buddha Nagar,Deshi,620.0,800,700,price_data (4).csv
2025-03-16,Tomato,2541,Dankaur,9,Uttar Pradesh,141,Gautam Buddha Nagar,Deshi,550.0,785,695,price_data (4).csv
2025-03-16,Tomato,1903,Dadri,9,Uttar Pradesh,141,Gautam Buddha Nagar,Deshi,500.0,600,550,price_data (4).csv
2025-03-15,Tomato,1903,Dadri,9,Uttar Pradesh,141,Gautam Buddha Nagar,Deshi,460.0,600,530,price_data (4).csv
2025-03-15,Tomato,2541,Dankaur,9,Uttar Pradesh,141,Gautam Buddha Nagar,Deshi,580.0,785,688,price_data (4).csv
2025-03-15,Tomato,1903,Dadri,9,Uttar Pradesh,141,Gautam Buddha Nagar,Deshi,620.0,800,720,price_data (4).csv
2025-03-14,Tomato,1903,Dadri,9,Uttar Pradesh,141,Gautam Buddha Nagar,Deshi,600.0,800,700,price_data (4).csv
2025-03-14,Tomato,2541,Dankaur,9,Uttar Pradesh,141,Gautam Buddha Nagar,Deshi,655.0,845,710,price_data (4).csv
2025-03-14,Tomato,1903,Dadri,9,Uttar Pradesh,141,Gautam Buddha Nagar,Deshi,450.0,580,520,price_data (4).csv
2025-03-12,Tomato,2541,Dankaur,9,Uttar Pradesh,141,Gautam Buddha Nagar,Deshi,655.0,845,760,price_data (4).csv
2025-03-11,Tomato,2541,Dankaur,9,Uttar Pradesh,141,Gautam Buddha Nagar,Deshi,650.0,875,760,price_data (4).csv
2025-03-10,Tomato,1903,Dadri,9,Uttar Pradesh,141,Gautam Buddha Nagar,Deshi,650.0,800,730,price_data (4).csv
2025-03-10,Tomato,2541,Dankaur,9,Uttar Pradesh,141,Gautam Buddha Nagar,Deshi,600.0,845,715,price_data (4).csv
2025-03-10,Tomato,1903,Dadri,9,Uttar Pradesh,141,Gautam Buddha Nagar,Deshi,500.0,620,550,price_data (4).csv
2025-03-09,Tomato,1903,Dadri,9,Uttar Pradesh,141,Gautam Buddha Nagar,Deshi,670.0,840,750,price_data (4).csv
2025-03-09,Tomato,2541,Dankaur,9,Uttar Pradesh,141,Gautam Buddha Nagar,Deshi,600.0,820,700,price_data (4).csv
2025-03-08,Tomato,2541,Dankaur,9,Uttar Pradesh,141,Gautam Buddha Nagar,Deshi,620.0,890,705,price_data (4).csv
2025-03-08,Tomato,1903,Dadri,9,Uttar Pradesh,141,Gautam Buddha Nagar,Deshi,660.0,850,750,price_data (4).csv
2025-03-07,Tomato,2541,Dankaur,9,Uttar Pradesh,141,Gautam Buddha Nagar,Deshi,625.0,855,720,price_data (4).csv
2025-03-06,Tomato,1903,Dadri,9,Uttar Pradesh,141,Gautam Buddha Nagar,Deshi,670.0,820,750,price_data (4).csv
2025-03-05,Tomato,2541,Dankaur,9,Uttar Pradesh,141,Gautam Buddha Nagar,Deshi,640.0,866,755,price_data (4).csv
2025-03-05,Tomato,1903,Dadri,9,Uttar Pradesh,141,Gautam Buddha Nagar,Deshi,680.0,900,770,price_data (4).csv
2025-03-04,Tomato,2541,Dankaur,9,Uttar Pradesh,141,Gautam Buddha Nagar,Deshi,700.0,955,835,price_data (4).csv
2025-03-03,Tomato,2541,Dankaur,9,Uttar Pradesh,141,Gautam Buddha Nagar,Deshi,700.0,915,800,price_data (4).csv
2025-03-02,Tomato,1903,Dadri,9,Uttar Pradesh,141,Gautam Buddha Nagar,Deshi,560.0,680,640,price_data (4).csv
2025-03-01,Tomato,2541,Dankaur,9,Uttar Pradesh,141,Gautam Buddha Nagar,Deshi,722.0,945,800,price_data (4).csv
2025-02-28,Tomato,1903,Dadri,9,Uttar Pradesh,141,Gautam Buddha Nagar,Deshi,520.0,670,600,price_data (4).csv
2025-02-28,Tomato,2541,Dankaur,9,Uttar Pradesh,141,Gautam Buddha Nagar,Deshi,700.0,955,860,price_data (4).csv
2025-02-27,Tomato,1903,Dadri,9,Uttar Pradesh,141,Gautam Buddha Nagar,Deshi,740.0,940,830,price_data (4).csv
2025-02-26,Tomato,1903,Dadri,9,Uttar Pradesh,141,Gautam Buddha Nagar,Deshi,740.0,980,850,price_data (4).csv
2025-02-25,Tomato,2541,Dankaur,9,Uttar Pradesh,141,Gautam Buddha Nagar,Deshi,700.0,900,800,price_data (4).csv
2025-02-25,Tomato,1903,Dadri,9,Uttar Pradesh,141,Gautam Buddha Nagar,Deshi,740.0,950,840,price_data (4).csv
2025-02-24,Tomato,1903,Dadri,9,Uttar Pradesh,141,Gautam Buddha Nagar,Deshi,730.0,980,830,price_data (4).csv
2025-02-23,Tomato,2541,Dankaur,9,Uttar Pradesh,141,Gautam Buddha Nagar,Deshi,700.0,925,800,price_data (4).csv
2025-02-23,Tomato,1903,Dadri,9,Uttar Pradesh,141,Gautam Buddha Nagar,Deshi,750.0,950,830,price_data (4).csv
2025-02-22,Tomato,1903,Dadri,9,Uttar Pradesh,141,Gautam Buddha Nagar,Deshi,770.0,950,850,price_data (4).csv
2025-02-22,Tomato,2541,Dankaur,9,Uttar Pradesh,141,Gautam Buddha Nagar,Deshi,805.0,925,875,price_data (4).csv
2025-02-21,Tomato,1903,Dadri,9,Uttar Pradesh,141,Gautam Buddha Nagar,Deshi,600.0,730,670,price_data (4).csv
2025-02-20,Tomato,1903,Dadri,9,Uttar Pradesh,141,Gautam Buddha Nagar,Deshi,800.0,970,870,price_data (4).csv
2025-02-19,Tomato,2541,Dankaur,9,Uttar Pradesh,141,Gautam Buddha Nagar,Deshi,755.0,975,865,price_data (4).csv
2025-02-19,Tomato,1903,Dadri,9,Uttar Pradesh,141,Gautam Buddha Nagar,Deshi,760.0,940,850,price_data (4).csv
2025-02-18,Tomato,2541,Dankaur,9,Uttar Pradesh,141,Gautam Buddha Nagar,Deshi,700.0,945,800,price_data (4).csv
2025-02-17,Tomato,1903,Dadri,9,Uttar Pradesh,141,Gautam Buddha Nagar,Deshi,680.0,790,740,price_data (4).csv
2025-02-17,Tomato,2541,Dankaur,9,Uttar Pradesh,141,Gautam Buddha Nagar,Deshi,710.0,955,855,price_data (4).csv
2025-02-16,Tomato,2541,Dankaur,9,Uttar Pradesh,141,Gautam Buddha Nagar,Deshi,800.0,1050,980,price_data (4).csv
2025-02-16,Tomato,1903,Dadri,9,Uttar Pradesh,141,Gautam Buddha Nagar,Deshi,800.0,980,890,price_data (4).csv
2025-02-15,Tomato,2541,Dankaur,9,Uttar Pradesh,141,Gautam Buddha Nagar,Deshi,855.0,1050,971,price_data (4).csv
2025-02-15,Tomato,1903,Dadri,9,Uttar Pradesh,141,Gautam Buddha Nagar,Deshi,700.0,790,760,price_data (4).csv
2025-02-14,Tomato,1903,Dadri,9,Uttar Pradesh,141,Gautam Buddha Nagar,Deshi,830.0,1000,910,price_data (4).csv
2025-02-14,Tomato,2541,Dankaur,9,Uttar Pradesh,141,Gautam Buddha Nagar,Deshi,755.0,955,895,price_data (4).csv
2025-02-13,Tomato,1903,Dadri,9,Uttar Pradesh,141,Gautam Buddha Nagar,Deshi,700.0,830,780,price_data (4).csv
2025-02-11,Tomato,2541,Dankaur,9,Uttar Pradesh,141,Gautam Buddha Nagar,Deshi,900.0,1055,955,price_data (4).csv
2025-02-10,Tomato,2541,Dankaur,9,Uttar Pradesh,141,Gautam Buddha Nagar,Deshi,800.0,1052,900,price_data (4).csv
2025-02-10,Tomato,1903,Dadri,9,Uttar Pradesh,141,Gautam Buddha Nagar,Deshi,860.0,1050,950,price_data (4).csv
2025-02-09,Tomato,2541,Dankaur,9,Uttar Pradesh,141,Gautam Buddha Nagar,Deshi,840.0,1100,905,price_data (4).csv
2025-02-08,Tomato,1903,Dadri,9,Uttar Pradesh,141,Gautam Buddha Nagar,Deshi,730.0,860,800,price_data (4).csv
2025-02-08,Tomato,2541,Dankaur,9,Uttar Pradesh,141,Gautam Buddha Nagar,Deshi,855.0,1120,970,price_data (4).csv
2025-02-07,Tomato,2541,Dankaur,9,Uttar Pradesh,141,Gautam Buddha Nagar,Deshi,845.0,1050,900,price_data (4).csv
2025-02-07,Tomato,1903,Dadri,9,Uttar Pradesh,141,Gautam Buddha Nagar,Deshi,870.0,1040,950,price_data (4).csv
2025-02-06,Tomato,1903,Dadri,9,Uttar Pradesh,141,Gautam Buddha Nagar,Deshi,850.0,1080,930,price_data (4).csv
2025-02-05,Tomato,2541,Dankaur,9,Uttar Pradesh,141,Gautam Buddha Nagar,Deshi,800.0,1100,930,price_data (4).csv
2025-02-05,Tomato,1903,Dadri,9,Uttar Pradesh,141,Gautam Buddha Nagar,Deshi,700.0,840,780,price_data (4).csv
2025-02-04,Tomato,2541,Dankaur,9,Uttar Pradesh,141,Gautam Buddha Nagar,Deshi,800.0,1100,925,price_data (4).csv
2025-02-04,Tomato,1903,Dadri,9,Uttar Pradesh,141,Gautam Buddha Nagar,Deshi,660.0,820,750,price_data (4).csv
2025-02-03,Tomato,1903,Dadri,9,Uttar Pradesh,141,Gautam Buddha Nagar,Deshi,850.0,1100,960,price_data (4).csv
2025-02-03,Tomato,2541,Dankaur,9,Uttar Pradesh,141,Gautam Buddha Nagar,Deshi,800.0,1020,900,price_data (4).csv
2025-02-02,Tomato,1903,Dadri,9,Uttar Pradesh,141,Gautam Buddha Nagar,Deshi,880.0,1150,980,price_data (4).csv
2025-02-02,Tomato,2541,Dankaur,9,Uttar Pradesh,141,Gautam Buddha Nagar,Deshi,845.0,1065,950,price_data (4).csv
2025-02-01,Tomato,1903,Dadri,9,Uttar Pradesh,141,Gautam Buddha Nagar,Deshi,850.0,1100,950,price_data (4).csv
2025-02-01,Tomato,2541,Dankaur,9,Uttar Pradesh,141,Gautam Buddha Nagar,Deshi,855.0,1050,930,price_data (4).csv
2025-01-31,Tomato,2541,Dankaur,9,Uttar Pradesh,141,Gautam Buddha Nagar,Deshi,855.0,1050,970,price_data (4).csv
2025-01-31,Tomato,1903,Dadri,9,Uttar Pradesh,141,Gautam Buddha Nagar,Deshi,750.0,850,800,price_data (4).csv
2025-01-30,Tomato,1903,Dadri,9,Uttar Pradesh,141,Gautam Buddha Nagar,Deshi,850.0,1100,950,price_data (4).csv
2025-01-29,Tomato,1903,Dadri,9,Uttar Pradesh,141,Gautam Buddha Nagar,Deshi,850.0,1100,970,price_data (4).csv
2025-01-28,Tomato,1903,Dadri,9,Uttar Pradesh,141,Gautam Buddha Nagar,Deshi,900.0,1100,970,price_data (4).csv
2025-01-28,Tomato,2541,Dankaur,9,Uttar Pradesh,141,Gautam Buddha Nagar,Deshi,800.0,1050,955,price_data (4).csv
2025-01-27,Tomato,1903,Dadri,9,Uttar Pradesh,141,Gautam Buddha Nagar,Deshi,950.0,1200,1050,price_data (4).csv
2025-01-25,Tomato,1903,Dadri,9,Uttar Pradesh,141,Gautam Buddha Nagar,Deshi,900.0,1155,1095,price_data (4).csv
2025-01-24,Tomato,1903,Dadri,9,Uttar Pradesh,141,Gautam Buddha Nagar,Deshi,1000.0,1200,1100,price_data (4).csv
2025-01-23,Tomato,1903,Dadri,9,Uttar Pradesh,141,Gautam Buddha Nagar,Deshi,1000.0,1355,1155,price_data (4).csv
2025-01-22,Tomato,1903,Dadri,9,Uttar Pradesh,141,Gautam Buddha Nagar,Deshi,1100.0,1355,1210,price_data (4).csv
2025-01-21,Tomato,1903,Dadri,9,Uttar Pradesh,141,Gautam Buddha Nagar,Deshi,1100.0,1400,1230,price_data (4).csv
2025-01-17,Tomato,1903,Dadri,9,Uttar Pradesh,141,Gautam Buddha Nagar,Deshi,1100.0,1400,1240,price_data (4).csv
2025-01-11,Tomato,1903,Dadri,9,Uttar Pradesh,141,Gautam Buddha Nagar,Deshi,1100.0,1400,1280,price_data (4).csv
2025-01-07,Tomato,2541,Dankaur,9,Uttar Pradesh,141,Gautam Buddha Nagar,Deshi,1300.0,1600,1400,price_data (4).csv
2025-01-07,Tomato,1903,Dadri,9,Uttar Pradesh,141,Gautam Buddha Nagar,Deshi,1250.0,1550,1400,price_data (4).csv
2025-01-06,Tomato,2541,Dankaur,9,Uttar Pradesh,141,Gautam Buddha Nagar,Deshi,1330.0,1600,1410,price_data (4).csv
2025-01-05,Tomato,2541,Dankaur,9,Uttar Pradesh,141,Gautam Buddha Nagar,Deshi,1300.0,1600,1490,price_data (4).csv
2025-01-04,Tomato,1903,Dadri,9,Uttar Pradesh,141,Gautam Buddha Nagar,Deshi,1350.0,1660,1500,price_data (4).csv
2025-01-04,Tomato,2541,Dankaur,9,Uttar Pradesh,141,Gautam Buddha Nagar,Deshi,1400.0,1655,1500,price_data (4).csv
2025-01-03,Tomato,1903,Dadri,9,Uttar Pradesh,141,Gautam Buddha Nagar,Deshi,1450.0,1700,1550,price_data (4).csv
2025-01-03,Tomato,2541,Dankaur,9,Uttar Pradesh,141,Gautam Buddha Nagar,Deshi,1610.0,1925,1700,price_data (4).csv
2025-01-02,Tomato,2541,Dankaur,9,Uttar Pradesh,141,Gautam Buddha Nagar,Deshi,1700.0,1955,1850,price_data (4).csv
2025-01-01,Tomato,2541,Dankaur,9,Uttar Pradesh,141,Gautam Buddha Nagar,Deshi,1700.0,1955,1800,price_data (4).csv
2021-12-31,Tomato,1903,Dadri,9,Uttar Pradesh,141,Gautam Buddha Nagar,Deshi,2020.0,2170,2100,price_data (5).csv
2021-12-31,Tomato,2541,Dankaur,9,Uttar Pradesh,141,Gautam Buddha Nagar,Deshi,2000.0,2250,2140,price_data (5).csv
2021-12-31,Tomato,1903,Dadri,9,Uttar Pradesh,141,Gautam Buddha Nagar,Hybrid,2070.0,2230,2150,price_data (5).csv
2021-12-30,Tomato,1903,Dadri,9,Uttar Pradesh,141,Gautam Buddha Nagar,Deshi,2070.0,2220,2150,price_data (5).csv
2021-12-30,Tomato,1903,Dadri,9,Uttar Pradesh,141,Gautam Buddha Nagar,Hybrid,2130.0,2280,2200,price_data (5).csv
2021-12-28,Tomato,1903,Dadri,9,Uttar Pradesh,141,Gautam Buddha Nagar,Deshi,2080.0,2230,2150,price_data (5).csv
2021-12-28,Tomato,1903,Dadri,9,Uttar Pradesh,141,Gautam Buddha Nagar,Hybrid,2130.0,2280,2200,price_data (5).csv
2021-12-27,Tomato,1903,Dadri,9,Uttar Pradesh,141,Gautam Buddha Nagar,Deshi,2030.0,2180,2100,price_data (5).csv
2021-12-27,Tomato,1903,Dadri,9,Uttar Pradesh,141,Gautam Buddha Nagar,Hybrid,2100.0,2250,2170,price_data (5).csv
2021-12-26,Tomato,1903,Dadri,9,Uttar Pradesh,141,Gautam Buddha Nagar,Hybrid,2100.0,2250,2170,price_data (5).csv
2021-12-26,Tomato,1903,Dadri,9,Uttar Pradesh,141,Gautam Buddha Nagar,Deshi,2020.0,2180,2100,price_data (5).csv
2021-12-25,Tomato,2541,Dankaur,9,Uttar Pradesh,141,Gautam Buddha Nagar,Deshi,2030.0,2250,2130,price_data (5).csv
2021-12-25,Tomato,1903,Dadri,9,Uttar Pradesh,141,Gautam Buddha Nagar,Deshi,2080.0,2230,2150,price_data (5).csv
2021-12-25,Tomato,1903,Dadri,9,Uttar Pradesh,141,Gautam Buddha Nagar,Hybrid,2120.0,2280,2200,price_data (5).csv
2021-12-24,Tomato,1903,Dadri,9,Uttar Pradesh,141,Gautam Buddha Nagar,Hybrid,2120.0,2280,2200,price_data (5).csv
2021-12-24,Tomato,1903,Dadri,9,Uttar Pradesh,141,Gautam Buddha Nagar,Deshi,2070.0,2220,2150,price_data (5).csv
2021-12-23,Tomato,1903,Dadri,9,Uttar Pradesh,141,Gautam Buddha Nagar,Hybrid,2150.0,2350,2250,price_data (5).csv
2021-12-23,Tomato,1903,Dadri,9,Uttar Pradesh,141,Gautam Buddha Nagar,Deshi,2100.0,2300,2200,price_data (5).csv
2021-12-22,Tomato,2541,Dankaur,9,Uttar Pradesh,141,Gautam Buddha Nagar,Deshi,1900.0,2256,2185,price_data (5).csv
2021-12-21,Tomato,2541,Dankaur,9,Uttar Pradesh,141,Gautam Buddha Nagar,Deshi,2100.0,2350,2200,price_data (5).csv
2021-12-21,Tomato,1903,Dadri,9,Uttar Pradesh,141,Gautam Buddha Nagar,Deshi,2180.0,2340,2250,price_data (5).csv
2021-12-21,Tomato,1903,Dadri,9,Uttar Pradesh,141,Gautam Buddha Nagar,Hybrid,2250.0,2400,2320,price_data (5).csv
2021-12-20,Tomato,1903,Dadri,9,Uttar Pradesh,141,Gautam Buddha Nagar,Deshi,2150.0,2300,2230,price_data (5).csv
2021-12-20,Tomato,1903,Dadri,9,Uttar Pradesh,141,Gautam Buddha Nagar,Hybrid,2230.0,2400,2300,price_data (5).csv
2021-12-20,Tomato,2541,Dankaur,9,Uttar Pradesh,141,Gautam Buddha Nagar,Deshi,2000.0,2250,2115,price_data (5).csv
2021-12-19,Tomato,1903,Dadri,9,Uttar Pradesh,141,Gautam Buddha Nagar,Deshi,2030.0,2180,2100,price_data (5).csv
2021-12-19,Tomato,1903,Dadri,9,Uttar Pradesh,141,Gautam Buddha Nagar,Hybrid,2100.0,2250,2170,price_data (5).csv
2021-12-19,Tomato,2541,Dankaur,9,Uttar Pradesh,141,Gautam Buddha Nagar,Deshi,2050.0,2256,2185,price_data (5).csv
2021-12-18,Tomato,1903,Dadri,9,Uttar Pradesh,141,Gautam Buddha Nagar,Hybrid,2180.0,2340,2250,price_data (5).csv
2021-12-18,Tomato,1903,Dadri,9,Uttar Pradesh,141,Gautam Buddha Nagar,Deshi,2130.0,2280,2200,price_data (5).csv
2021-12-18,Tomato,2541,Dankaur,9,Uttar Pradesh,141,Gautam Buddha Nagar,Deshi,2050.0,2250,2100,price_data (5).csv
2021-12-17,Tomato,1903,Dadri,9,Uttar Pradesh,141,Gautam Buddha Nagar,Deshi,2030.0,2180,2100,price_data (5).csv
2021-12-17,Tomato,1903,Dadri,9,Uttar Pradesh,141,Gautam Buddha Nagar,Hybrid,2100.0,2250,2170,price_data (5).csv
2021-12-17,Tomato,2541,Dankaur,9,Uttar Pradesh,141,Gautam Buddha Nagar,Deshi,2045.0,2236,2140,price_data (5).csv
2021-12-16,Tomato,1903,Dadri,9,Uttar Pradesh,141,Gautam Buddha Nagar,Hybrid,2100.0,2230,2170,price_data (5).csv
2021-12-16,Tomato,1903,Dadri,9,Uttar Pradesh,141,Gautam Buddha Nagar,Deshi,2030.0,2170,2100,price_data (5).csv
2021-12-15,Tomato,2541,Dankaur,9,Uttar Pradesh,141,Gautam Buddha Nagar,Deshi,2060.0,2250,2155,price_data (5).csv
2021-12-14,Tomato,1903,Dadri,9,Uttar Pradesh,141,Gautam Buddha Nagar,Deshi,2250.0,2430,2350,price_data (5).csv
2021-12-14,Tomato,2541,Dankaur,9,Uttar Pradesh,141,Gautam Buddha Nagar,Deshi,2235.0,2435,2330,price_data (5).csv
2021-12-14,Tomato,1903,Dadri,9,Uttar Pradesh,141,Gautam Buddha Nagar,Hybrid,2300.0,2480,2400,price_data (5).csv
2021-12-13,Tomato,1903,Dadri,9,Uttar Pradesh,141,Gautam Buddha Nagar,Hybrid,2440.0,2600,2520,price_data (5).csv
2021-12-13,Tomato,2541,Dankaur,9,Uttar Pradesh,141,Gautam Buddha Nagar,Deshi,2650.0,2835,2740,price_data (5).csv
2021-12-13,Tomato,1903,Dadri,9,Uttar Pradesh,141,Gautam Buddha Nagar,Deshi,2350.0,2530,2450,price_data (5).csv
2021-12-12,Tomato,2541,Dankaur,9,Uttar Pradesh,141,Gautam Buddha Nagar,Deshi,2640.0,2840,2745,price_data (5).csv
2021-12-12,Tomato,1903,Dadri,9,Uttar Pradesh,141,Gautam Buddha Nagar,Deshi,2650.0,2820,2750,price_data (5).csv
2021-12-12,Tomato,1903,Dadri,9,Uttar Pradesh,141,Gautam Buddha Nagar,Hybrid,2700.0,2860,2800,price_data (5).csv
2021-12-11,Tomato,1903,Dadri,9,Uttar Pradesh,141,Gautam Buddha Nagar,Hybrid,2850.0,3030,2950,price_data (5).csv
2021-12-11,Tomato,1903,Dadri,9,Uttar Pradesh,141,Gautam Buddha Nagar,Deshi,2800.0,2970,2900,price_data (5).csv
2021-12-11,Tomato,2541,Dankaur,9,Uttar Pradesh,141,Gautam Buddha Nagar,Deshi,2800.0,3000,2900,price_data (5).csv
2021-12-10,Tomato,2541,Dankaur,9,Uttar Pradesh,141,Gautam Buddha Nagar,Deshi,2700.0,2900,2855,price_data (5).csv
2021-12-10,Tomato,1903,Dadri,9,Uttar Pradesh,141,Gautam Buddha Nagar,Hybrid,2975.0,3025,3000,price_data (5).csv
2021-12-10,Tomato,1903,Dadri,9,Uttar Pradesh,141,Gautam Buddha Nagar,Deshi,2875.0,2925,2900,price_data (5).csv
2021-12-09,Tomato,1903,Dadri,9,Uttar Pradesh,141,Gautam Buddha Nagar,Hybrid,2975.0,3025,3000,price_data (5).csv
2021-12-09,Tomato,1903,Dadri,9,Uttar Pradesh,141,Gautam Buddha Nagar,Deshi,2875.0,2925,2900,price_data (5).csv
2021-12-08,Tomato,2541,Dankaur,9,Uttar Pradesh,141,Gautam Buddha Nagar,Deshi,2700.0,2950,2800,price_data (5).csv
2021-12-07,Tomato,2541,Dankaur,9,Uttar Pradesh,141,Gautam Buddha Nagar,Deshi,2900.0,3150,3000,price_data (5).csv
2021-12-07,Tomato,1903,Dadri,9,Uttar Pradesh,141,Gautam Buddha Nagar,Hybrid,3075.0,3125,3100,price_data (5).csv
2021-12-07,Tomato,1903,Dadri,9,Uttar Pradesh,141,Gautam Buddha Nagar,Deshi,3025.0,3075,3050,price_data (5).csv
2021-12-06,Tomato,1903,Dadri,9,Uttar Pradesh,141,Gautam Buddha Nagar,Deshi,3025.0,3075,3050,price_data (5).csv
2021-12-06,Tomato,2541,Dankaur,9,Uttar Pradesh,141,Gautam Buddha Nagar,Deshi,3050.0,3252,3125,price_data (5).csv
2021-12-06,Tomato,1903,Dadri,9,Uttar Pradesh,141,Gautam Buddha Nagar,Hybrid,3075.0,3125,3100,price_data (5).csv
2021-12-05,Tomato,1903,Dadri,9,Uttar Pradesh,141,Gautam Buddha Nagar,Hybrid,3100.0,3150,3125,price_data (5).csv
2021-12-05,Tomato,2541,Dankaur,9,Uttar Pradesh,141,Gautam Buddha Nagar,Deshi,2900.0,3120,3050,price_data (5).csv
2021-12-05,Tomato,1903,Dadri,9,Uttar Pradesh,141,Gautam Buddha Nagar,Deshi,3050.0,3100,3075,price_data (5).csv
2021-12-04,Tomato,2541,Dankaur,9,Uttar Pradesh,141,Gautam Buddha Nagar,Deshi,3150.0,3350,3215,price_data (5).csv
2021-12-04,Tomato,1903,Dadri,9,Uttar Pradesh,141,Gautam Buddha Nagar,Hybrid,3100.0,3150,3125,price_data (5).csv
2021-12-04,Tomato,1903,Dadri,9,Uttar Pradesh,141,Gautam Buddha Nagar,Deshi,3050.0,3100,3075,price_data (5).csv
2021-12-02,Tomato,1903,Dadri,9,Uttar Pradesh,141,Gautam Buddha Nagar,Hybrid,3200.0,3250,3225,price_data (5).csv
2021-12-02,Tomato,1903,Dadri,9,Uttar Pradesh,141,Gautam Buddha Nagar,Deshi,3150.0,3200,3175,price_data (5).csv
2021-11-30,Tomato,1903,Dadri,9,Uttar Pradesh,141,Gautam Buddha Nagar,Deshi,3250.0,3300,3275,price_data (5).csv
2021-11-30,Tomato,1903,Dadri,9,Uttar Pradesh,141,Gautam Buddha Nagar,Hybrid,3300.0,3350,3325,price_data (5).csv
2021-11-29,Tomato,1903,Dadri,9,Uttar Pradesh,141,Gautam Buddha Nagar,Deshi,3250.0,3300,3275,price_data (5).csv
2021-11-29,Tomato,1903,Dadri,9,Uttar Pradesh,141,Gautam Buddha Nagar,Hybrid,3300.0,3350,3325,price_data (5).csv
2021-11-28,Tomato,1903,Dadri,9,Uttar Pradesh,141,Gautam Buddha Nagar,Deshi,3250.0,3300,3275,price_data (5).csv
2021-11-28,Tomato,2541,Dankaur,9,Uttar Pradesh,141,Gautam Buddha Nagar,Deshi,3100.0,3350,3200,price_data (5).csv
2021-11-28,Tomato,1903,Dadri,9,Uttar Pradesh,141,Gautam Buddha Nagar,Hybrid,3300.0,3350,3325,price_data (5).csv
2021-11-27,Tomato,1903,Dadri,9,Uttar Pradesh,141,Gautam Buddha Nagar,Hybrid,3325.0,3375,3350,price_data (5).csv
2021-11-27,Tomato,2541,Dankaur,9,Uttar Pradesh,141,Gautam Buddha Nagar,Deshi,3100.0,3350,3250,price_data (5).csv
2021-11-27,Tomato,1903,Dadri,9,Uttar Pradesh,141,Gautam Buddha Nagar,Deshi,3275.0,3325,3300,price_data (5).csv
2021-11-26,Tomato,1903,Dadri,9,Uttar Pradesh,141,Gautam Buddha Nagar,Deshi,3275.0,3325,3300,price_data (5).csv
2021-11-26,Tomato,1903,Dadri,9,Uttar Pradesh,141,Gautam Buddha Nagar,Hybrid,3325.0,3375,3350,price_data (5).csv
2021-11-26,Tomato,2541,Dankaur,9,Uttar Pradesh,141,Gautam Buddha Nagar,Deshi,3150.0,3450,3300,price_data (5).csv
2021-11-25,Tomato,1903,Dadri,9,Uttar Pradesh,141,Gautam Buddha Nagar,Deshi,3275.0,3325,3300,price_data (5).csv
2021-11-25,Tomato,1903,Dadri,9,Uttar Pradesh,141,Gautam Buddha Nagar,Hybrid,3325.0,3375,3350,price_data (5).csv
2021-11-24,Tomato,2541,Dankaur,9,Uttar Pradesh,141,Gautam Buddha Nagar,Deshi,3100.0,3350,3255,price_data (5).csv
2021-11-23,Tomato,1903,Dadri,9,Uttar Pradesh,141,Gautam Buddha Nagar,Hybrid,3325.0,3375,3350,price_data (5).csv
2021-11-23,Tomato,1903,Dadri,9,Uttar Pradesh,141,Gautam Buddha Nagar,Deshi,3275.0,3325,3300,price_data (5).csv
2021-11-23,Tomato,2541,Dankaur,9,Uttar Pradesh,141,Gautam Buddha Nagar,Deshi,2700.0,3000,2950,price_data (5).csv
2021-11-22,Tomato,1903,Dadri,9,Uttar Pradesh,141,Gautam Buddha Nagar,Hybrid,3250.0,3300,3275,price_data (5).csv
2021-11-22,Tomato,2541,Dankaur,9,Uttar Pradesh,141,Gautam Buddha Nagar,Deshi,2955.0,3200,3100,price_data (5).csv
2021-11-22,Tomato,1903,Dadri,9,Uttar Pradesh,141,Gautam Buddha Nagar,Deshi,3200.0,3250,3225,price_data (5).csv
2021-11-21,Tomato,1903,Dadri,9,Uttar Pradesh,141,Gautam Buddha Nagar,Deshi,3100.0,3150,3125,price_data (5).csv
2021-11-21,Tomato,2541,Dankaur,9,Uttar Pradesh,141,Gautam Buddha Nagar,Deshi,2900.0,3155,3020,price_data (5).csv
2021-11-21,Tomato,1903,Dadri,9,Uttar Pradesh,141,Gautam Buddha Nagar,Hybrid,3150.0,3200,3175,price_data (5).csv
2021-11-20,Tomato,1903,Dadri,9,Uttar Pradesh,141,Gautam Buddha Nagar,Deshi,3000.0,3050,3025,price_data (5).csv
2021-11-20,Tomato,2541,Dankaur,9,Uttar Pradesh,141,Gautam Buddha Nagar,Deshi,2900.0,3100,3000,price_data (5).csv
2021-11-20,Tomato,1903,Dadri,9,Uttar Pradesh,141,Gautam Buddha Nagar,Hybrid,3025.0,3075,3050,price_data (5).csv
2021-11-19,Tomato,1903,Dadri,9,Uttar Pradesh,141,Gautam Buddha Nagar,Deshi,2950.0,3025,3000,price_data (5).csv
2021-11-19,Tomato,1903,Dadri,9,Uttar Pradesh,141,Gautam Buddha Nagar,Hybrid,3050.0,3150,3100,price_data (5).csv
2021-11-19,Tomato,2541,Dankaur,9,Uttar Pradesh,141,Gautam Buddha Nagar,Deshi,2900.0,3250,3020,price_data (5).csv
2021-11-18,Tomato,1903,Dadri,9,Uttar Pradesh,141,Gautam Buddha Nagar,Deshi,3000.0,3100,3050,price_data (5).csv
2021-11-18,Tomato,1903,Dadri,9,Uttar Pradesh,141,Gautam Buddha Nagar,Hybrid,3050.0,3150,3100,price_data (5).csv
2021-11-16,Tomato,2541,Dankaur,9,Uttar Pradesh,141,Gautam Buddha Nagar,Deshi,2900.0,3200,3050,price_data (5).csv
2021-11-15,Tomato,2541,Dankaur,9,Uttar Pradesh,141,Gautam Buddha Nagar,Deshi,2800.0,3050,2930,price_data (5).csv
2021-11-15,Tomato,1903,Dadri,9,Uttar Pradesh,141,Gautam Buddha Nagar,Hybrid,2960.0,3120,3040,price_data (5).csv
2021-11-15,Tomato,1903,Dadri,9,Uttar Pradesh,141,Gautam Buddha Nagar,Deshi,2900.0,3050,2970,price_data (5).csv
2021-11-14,Tomato,2541,Dankaur,9,Uttar Pradesh,141,Gautam Buddha Nagar,Deshi,2800.0,3100,2945,price_data (5).csv
2021-11-14,Tomato,1903,Dadri,9,Uttar Pradesh,141,Gautam Buddha Nagar,Deshi,2850.0,3000,2930,price_data (5).csv
2021-11-14,Tomato,1903,Dadri,9,Uttar Pradesh,141,Gautam Buddha Nagar,Hybrid,2900.0,3100,3000,price_data (5).csv
2021-11-13,Tomato,2541,Dankaur,9,Uttar Pradesh,141,Gautam Buddha Nagar,Deshi,2800.0,3050,2900,price_data (5).csv
2021-11-13,Tomato,1903,Dadri,9,Uttar Pradesh,141,Gautam Buddha Nagar,Deshi,2800.0,3000,2900,price_data (5).csv
2021-11-13,Tomato,1903,Dadri,9,Uttar Pradesh,141,Gautam Buddha Nagar,Hybrid,2900.0,3050,2970,price_data (5).csv
2021-11-12,Tomato,1903,Dadri,9,Uttar Pradesh,141,Gautam Buddha Nagar,Hybrid,2900.0,3050,2980,price_data (5).csv
2021-11-12,Tomato,2541,Dankaur,9,Uttar Pradesh,141,Gautam Buddha Nagar,Deshi,2800.0,3050,2900,price_data (5).csv
2021-11-12,Tomato,1903,Dadri,9,Uttar Pradesh,141,Gautam Buddha Nagar,Deshi,2850.0,3000,2920,price_data (5).csv
2021-11-11,Tomato,1903,Dadri,9,Uttar Pradesh,141,Gautam Buddha Nagar,Deshi,2820.0,2980,2900,price_data (5).csv
2021-11-11,Tomato,1903,Dadri,9,Uttar Pradesh,141,Gautam Buddha Nagar,Hybrid,2900.0,3050,2970,price_data (5).csv
2021-11-10,Tomato,2541,Dankaur,9,Uttar Pradesh,141,Gautam Buddha Nagar,Deshi,2800.0,3050,2940,price_data (5).csv
2021-11-09,Tomato,2541,Dankaur,9,Uttar Pradesh,141,Gautam Buddha Nagar,Deshi,2500.0,2900,2860,price_data (5).csv
2021-11-09,Tomato,1903,Dadri,9,Uttar Pradesh,141,Gautam Buddha Nagar,Hybrid,2800.0,3000,2900,price_data (5).csv
2021-11-08,Tomato,2541,Dankaur,9,Uttar Pradesh,141,Gautam Buddha Nagar,Deshi,2800.0,3020,2950,price_data (5).csv
2021-11-08,Tomato,1903,Dadri,9,Uttar Pradesh,141,Gautam Buddha Nagar,Hybrid,2900.0,3050,2970,price_data (5).csv
2021-11-07,Tomato,1903,Dadri,9,Uttar Pradesh,141,Gautam Buddha Nagar,Hybrid,2850.0,3050,2950,price_data (5).csv
2021-11-07,Tomato,2541,Dankaur,9,Uttar Pradesh,141,Gautam Buddha Nagar,Deshi,2700.0,2955,2865,price_data (5).csv
2021-11-06,Tomato,2541,Dankaur,9,Uttar Pradesh,141,Gautam Buddha Nagar,Deshi,2800.0,3050,2900,price_data (5).csv
2021-11-06,Tomato,1903,Dadri,9,Uttar Pradesh,141,Gautam Buddha Nagar,Hybrid,2850.0,3050,2950,price_data (5).csv
2021-11-05,Tomato,2541,Dankaur,9,Uttar Pradesh,141,Gautam Buddha Nagar,Deshi,2700.0,2950,2800,price_data (5).csv
2021-11-05,Tomato,1903,Dadri,9,Uttar Pradesh,141,Gautam Buddha Nagar,Hybrid,2850.0,3050,2950,price_data (5).csv
2021-11-03,Tomato,2541,Dankaur,9,Uttar Pradesh,141,Gautam Buddha Nagar,Deshi,2600.0,2850,2790,price_data (5).csv
2021-11-02,Tomato,2541,Dankaur,9,Uttar Pradesh,141,Gautam Buddha Nagar,Deshi,2700.0,2900,2855,price_data (5).csv
2021-11-02,Tomato,1903,Dadri,9,Uttar Pradesh,141,Gautam Buddha Nagar,Hybrid,2650.0,2850,2750,price_data (5).csv
2021-11-01,Tomato,2541,Dankaur,9,Uttar Pradesh,141,Gautam Buddha Nagar,Deshi,2700.0,2956,2815,price_data (5).csv
2021-10-31,Tomato,2541,Dankaur,9,Uttar Pradesh,141,Gautam Buddha Nagar,Deshi,2700.0,2900,2855,price_data (5).csv
2021-10-30,Tomato,2541,Dankaur,9,Uttar Pradesh,141,Gautam Buddha Nagar,Deshi,2700.0,2900,2875,price_data (5).csv
2021-10-30,Tomato,1903,Dadri,9,Uttar Pradesh,141,Gautam Buddha Nagar,Hybrid,2700.0,2900,2800,price_data (5).csv
2021-10-29,Tomato,1903,Dadri,9,Uttar Pradesh,141,Gautam Buddha Nagar,Hybrid,2800.0,3000,2900,price_data (5).csv
2021-10-29,Tomato,2541,Dankaur,9,Uttar Pradesh,141,Gautam Buddha Nagar,Deshi,2700.0,2950,2815,price_data (5).csv
2021-10-28,Tomato,1903,Dadri,9,Uttar Pradesh,141,Gautam Buddha Nagar,Hybrid,2800.0,3000,2900,price_data (5).csv
2021-10-26,Tomato,1903,Dadri,9,Uttar Pradesh,141,Gautam Buddha Nagar,Hybrid,2850.0,3000,2930,price_data (5).csv
2021-10-25,Tomato,2541,Dankaur,9,Uttar Pradesh,141,Gautam Buddha Nagar,Deshi,2800.0,3100,3050,price_data (5).csv
2021-10-25,Tomato,1903,Dadri,9,Uttar Pradesh,141,Gautam Buddha Nagar,Hybrid,2830.0,3000,2900,price_data (5).csv
2021-10-24,Tomato,1903,Dadri,9,Uttar Pradesh,141,Gautam Buddha Nagar,Deshi,2900.0,3050,2980,price_data (5).csv
2021-10-24,Tomato,1903,Dadri,9,Uttar Pradesh,141,Gautam Buddha Nagar,Hybrid,2950.0,3100,3030,price_data (5).csv
2021-10-24,Tomato,2541,Dankaur,9,Uttar Pradesh,141,Gautam Buddha Nagar,Deshi,2900.0,3125,3065,price_data (5).csv
2021-10-23,Tomato,2541,Dankaur,9,Uttar Pradesh,141,Gautam Buddha Nagar,Deshi,2800.0,3050,2950,price_data (5).csv
2021-10-23,Tomato,1903,Dadri,9,Uttar Pradesh,141,Gautam Buddha Nagar,Hybrid,2930.0,3080,3000,price_data (5).csv
2021-10-23,Tomato,1903,Dadri,9,Uttar Pradesh,141,Gautam Buddha Nagar,Deshi,2870.0,3050,2950,price_data (5).csv
2021-10-22,Tomato,1903,Dadri,9,Uttar Pradesh,141,Gautam Buddha Nagar,Deshi,2850.0,3000,2930,price_data (5).csv
2021-10-22,Tomato,2541,Dankaur,9,Uttar Pradesh,141,Gautam Buddha Nagar,Deshi,2800.0,3050,2900,price_data (5).csv
2021-10-22,Tomato,1903,Dadri,9,Uttar Pradesh,141,Gautam Buddha Nagar,Hybrid,2920.0,3080,3000,price_data (5).csv
2021-10-21,Tomato,1903,Dadri,9,Uttar Pradesh,141,Gautam Buddha Nagar,Deshi,2800.0,2950,2880,price_data (5).csv
2021-10-21,Tomato,1903,Dadri,9,Uttar Pradesh,141,Gautam Buddha Nagar,Hybrid,2880.0,3030,2950,price_data (5).csv
2021-10-20,Tomato,2541,Dankaur,9,Uttar Pradesh,141,Gautam Buddha Nagar,Deshi,2700.0,2900,2800,price_data (5).csv
2021-10-19,Tomato,1903,Dadri,9,Uttar Pradesh,141,Gautam Buddha Nagar,Deshi,2600.0,2800,2700,price_data (5).csv
2021-10-19,Tomato,1903,Dadri,9,Uttar Pradesh,141,Gautam Buddha Nagar,Hybrid,2700.0,2850,2770,price_data (5).csv
2021-10-19,Tomato,2541,Dankaur,9,Uttar Pradesh,141,Gautam Buddha Nagar,Deshi,2700.0,2955,2815,price_data (5).csv
2021-10-18,Tomato,2541,Dankaur,9,Uttar Pradesh,141,Gautam Buddha Nagar,Deshi,2500.0,2700,2600,price_data (5).csv
2021-10-18,Tomato,1903,Dadri,9,Uttar Pradesh,141,Gautam Buddha Nagar,Deshi,2520.0,2670,2600,price_data (5).csv
2021-10-18,Tomato,1903,Dadri,9,Uttar Pradesh,141,Gautam Buddha Nagar,Hybrid,2600.0,2750,2670,price_data (5).csv
2021-10-17,Tomato,2541,Dankaur,9,Uttar Pradesh,141,Gautam Buddha Nagar,Deshi,2500.0,3000,2650,price_data (5).csv
2021-10-17,Tomato,1903,Dadri,9,Uttar Pradesh,141,Gautam Buddha Nagar,Hybrid,2650.0,2800,2720,price_data (5).csv
2021-10-17,Tomato,1903,Dadri,9,Uttar Pradesh,141,Gautam Buddha Nagar,Deshi,2560.0,2750,2650,price_data (5).csv
2021-10-16,Tomato,2541,Dankaur,9,Uttar Pradesh,141,Gautam Buddha Nagar,Deshi,2700.0,2950,2865,price_data (5).csv
2021-10-16,Tomato,1903,Dadri,9,Uttar Pradesh,141,Gautam Buddha Nagar,Hybrid,2850.0,3000,2920,price_data (5).csv
2021-10-16,Tomato,1903,Dadri,9,Uttar Pradesh,141,Gautam Buddha Nagar,Deshi,2750.0,2950,2850,price_data (5).csv
2021-10-15,Tomato,2541,Dankaur,9,Uttar Pradesh,141,Gautam Buddha Nagar,Deshi,2700.0,2900,2850,price_data (5).csv
2021-10-14,Tomato,1903,Dadri,9,Uttar Pradesh,141,Gautam Buddha Nagar,Hybrid,2700.0,2850,2780,price_data (5).csv
2021-10-14,Tomato,1903,Dadri,9,Uttar Pradesh,141,Gautam Buddha Nagar,Deshi,2600.0,2800,2700,price_data (5).csv
2021-10-13,Tomato,2541,Dankaur,9,Uttar Pradesh,141,Gautam Buddha Nagar,Deshi,2300.0,2550,2450,price_data (5).csv
2021-10-12,Tomato,2541,Dankaur,9,Uttar Pradesh,141,Gautam Buddha Nagar,Deshi,1900.0,2100,2000,price_data (5).csv
2021-10-12,Tomato,1903,Dadri,9,Uttar Pradesh,141,Gautam Buddha Nagar,Deshi,2300.0,2500,2400,price_data (5).csv
2021-10-12,Tomato,1903,Dadri,9,Uttar Pradesh,141,Gautam Buddha Nagar,Hybrid,2400.0,2600,2500,price_data (5).csv
2021-10-11,Tomato,1903,Dadri,9,Uttar Pradesh,141,Gautam Buddha Nagar,Hybrid,2300.0,2500,2400,price_data (5).csv
2021-10-11,Tomato,1903,Dadri,9,Uttar Pradesh,141,Gautam Buddha Nagar,Deshi,2200.0,2400,2300,price_data (5).csv
2021-10-11,Tomato,2541,Dankaur,9,Uttar Pradesh,141,Gautam Buddha Nagar,Deshi,1900.0,2100,2050,price_data (5).csv
2021-10-10,Tomato,2541,Dankaur,9,Uttar Pradesh,141,Gautam Buddha Nagar,Deshi,1900.0,2100,2000,price_data (5).csv
2021-10-10,Tomato,1903,Dadri,9,Uttar Pradesh,141,Gautam Buddha Nagar,Hybrid,1980.0,2130,2050,price_data (5).csv
2021-10-10,Tomato,1903,Dadri,9,Uttar Pradesh,141,Gautam Buddha Nagar,Deshi,1920.0,2080,2000,price_data (5).csv
2021-10-09,Tomato,2541,Dankaur,9,Uttar Pradesh,141,Gautam Buddha Nagar,Deshi,2000.0,2200,2175,price_data (5).csv
2021-10-09,Tomato,1903,Dadri,9,Uttar Pradesh,141,Gautam Buddha Nagar,Deshi,1950.0,2100,2030,price_data (5).csv
2021-10-08,Tomato,1903,Dadri,9,Uttar Pradesh,141,Gautam Buddha Nagar,Hybrid,2050.0,2200,2130,price_data (5).csv
2021-10-08,Tomato,2541,Dankaur,9,Uttar Pradesh,141,Gautam Buddha Nagar,Deshi,1500.0,1900,1700,price_data (5).csv
2021-10-08,Tomato,1903,Dadri,9,Uttar Pradesh,141,Gautam Buddha Nagar,Deshi,2000.0,2150,2080,price_data (5).csv
2021-10-07,Tomato,1903,Dadri,9,Uttar Pradesh,141,Gautam Buddha Nagar,Hybrid,1980.0,2140,2050,price_data (5).csv
2021-10-07,Tomato,1903,Dadri,9,Uttar Pradesh,141,Gautam Buddha Nagar,Deshi,1930.0,2070,2000,price_data (5).csv
2021-10-05,Tomato,1903,Dadri,9,Uttar Pradesh,141,Gautam Buddha Nagar,Hybrid,1900.0,2070,1990,price_data (5).csv
2021-10-05,Tomato,1903,Dadri,9,Uttar Pradesh,141,Gautam Buddha Nagar,Deshi,1870.0,2000,1930,price_data (5).csv
2021-10-04,Tomato,1903,Dadri,9,Uttar Pradesh,141,Gautam Buddha Nagar,Hybrid,1900.0,2050,1970,price_data (5).csv
2021-10-04,Tomato,1903,Dadri,9,Uttar Pradesh,141,Gautam Buddha Nagar,Deshi,1830.0,1980,1900,price_data (5).csv
2021-10-03,Tomato,1903,Dadri,9,Uttar Pradesh,141,Gautam Buddha Nagar,Deshi,1730.0,1870,1800,price_data (5).csv
2021-10-03,Tomato,2541,Dankaur,9,Uttar Pradesh,141,Gautam Buddha Nagar,Deshi,1400.0,1800,1700,price_data (5).csv
2021-10-03,Tomato,1903,Dadri,9,Uttar Pradesh,141,Gautam Buddha Nagar,Hybrid,1770.0,1920,1850,price_data (5).csv
2021-10-02,Tomato,2541,Dankaur,9,Uttar Pradesh,141,Gautam Buddha Nagar,Deshi,1600.0,1800,1740,price_data (5).csv
2021-10-02,Tomato,1903,Dadri,9,Uttar Pradesh,141,Gautam Buddha Nagar,Deshi,1680.0,1820,1750,price_data (5).csv
2021-10-02,Tomato,1903,Dadri,9,Uttar Pradesh,141,Gautam Buddha Nagar,Hybrid,1730.0,1870,1800,price_data (5).csv
2021-09-30,Tomato,1903,Dadri,9,Uttar Pradesh,141,Gautam Buddha Nagar,Deshi,1630.0,1780,1700,price_data (5).csv
2021-09-30,Tomato,1903,Dadri,9,Uttar Pradesh,141,Gautam Buddha Nagar,Hybrid,1690.0,1830,1750,price_data (5).csv
2021-09-28,Tomato,1903,Dadri,9,Uttar Pradesh,141,Gautam Buddha Nagar,Hybrid,1480.0,1630,1550,price_data (5).csv
2021-09-28,Tomato,1903,Dadri,9,Uttar Pradesh,141,Gautam Buddha Nagar,Deshi,1440.0,1580,1500,price_data (5).csv
2021-09-27,Tomato,1903,Dadri,9,Uttar Pradesh,141,Gautam Buddha Nagar,Hybrid,1480.0,1630,1550,price_data (5).csv
2021-09-27,Tomato,1903,Dadri,9,Uttar Pradesh,141,Gautam Buddha Nagar,Deshi,1430.0,1570,1500,price_data (5).csv
2021-09-26,Tomato,1903,Dadri,9,Uttar Pradesh,141,Gautam Buddha Nagar,Hybrid,1350.0,1500,1420,price_data (5).csv
2021-09-26,Tomato,1903,Dadri,9,Uttar Pradesh,141,Gautam Buddha Nagar,Deshi,1270.0,1430,1350,price_data (5).csv
2021-09-25,Tomato,1903,Dadri,9,Uttar Pradesh,141,Gautam Buddha Nagar,Deshi,1200.0,1350,1270,price_data (5).csv
2021-09-25,Tomato,1903,Dadri,9,Uttar Pradesh,141,Gautam Buddha Nagar,Hybrid,1250.0,1400,1320,price_data (5).csv
2021-09-24,Tomato,1903,Dadri,9,Uttar Pradesh,141,Gautam Buddha Nagar,Hybrid,1250.0,1390,1320,price_data (5).csv
2021-09-24,Tomato,2541,Dankaur,9,Uttar Pradesh,141,Gautam Buddha Nagar,Deshi,1100.0,1400,1250,price_data (5).csv
2021-09-24,Tomato,1903,Dadri,9,Uttar Pradesh,141,Gautam Buddha Nagar,Deshi,1200.0,1350,1270,price_data (5).csv
2021-09-21,Tomato,1903,Dadri,9,Uttar Pradesh,141,Gautam Buddha Nagar,Deshi,1200.0,1340,1270,price_data (5).csv
2021-09-21,Tomato,1903,Dadri,9,Uttar Pradesh,141,Gautam Buddha Nagar,Hybrid,1250.0,1400,1330,price_data (5).csv
2021-09-20,Tomato,1903,Dadri,9,Uttar Pradesh,141,Gautam Buddha Nagar,Deshi,1230.0,1370,1300,price_data (5).csv
2021-09-20,Tomato,1903,Dadri,9,Uttar Pradesh,141,Gautam Buddha Nagar,Hybrid,1280.0,1420,1350,price_data (5).csv
2021-09-19,Tomato,1903,Dadri,9,Uttar Pradesh,141,Gautam Buddha Nagar,Hybrid,1230.0,1380,1300,price_data (5).csv
2021-09-19,Tomato,1903,Dadri,9,Uttar Pradesh,141,Gautam Buddha Nagar,Deshi,1180.0,1330,1250,price_data (5).csv
2021-09-17,Tomato,1903,Dadri,9,Uttar Pradesh,141,Gautam Buddha Nagar,Deshi,1230.0,1370,1300,price_data (5).csv
2021-09-17,Tomato,1903,Dadri,9,Uttar Pradesh,141,Gautam Buddha Nagar,Hybrid,1270.0,1420,1350,price_data (5).csv
2021-09-16,Tomato,1903,Dadri,9,Uttar Pradesh,141,Gautam Buddha Nagar,Hybrid,1250.0,1380,1320,price_data (5).csv
2021-09-16,Tomato,1903,Dadri,9,Uttar Pradesh,141,Gautam Buddha Nagar,Deshi,1200.0,1350,1270,price_data (5).csv
2021-09-14,Tomato,1903,Dadri,9,Uttar Pradesh,141,Gautam Buddha Nagar,Hybrid,1280.0,1420,1350,price_data (5).csv
2021-09-14,Tomato,1903,Dadri,9,Uttar Pradesh,141,Gautam Buddha Nagar,Deshi,1230.0,1370,1300,price_data (5).csv
2021-09-14,Tomato,2541,Dankaur,9,Uttar Pradesh,141,Gautam Buddha Nagar,Deshi,1400.0,1500,1455,price_data (5).csv
2021-09-13,Tomato,1903,Dadri,9,Uttar Pradesh,141,Gautam Buddha Nagar,Deshi,1270.0,1430,1350,price_data (5).csv
2021-09-13,Tomato,1903,Dadri,9,Uttar Pradesh,141,Gautam Buddha Nagar,Hybrid,1330.0,1470,1400,price_data (5).csv
2021-09-13,Tomato,2541,Dankaur,9,Uttar Pradesh,141,Gautam Buddha Nagar,Deshi,1300.0,1500,1400,price_data (5).csv
2021-09-12,Tomato,1903,Dadri,9,Uttar Pradesh,141,Gautam Buddha Nagar,Hybrid,1350.0,1500,1430,price_data (5).csv
2021-09-12,Tomato,2541,Dankaur,9,Uttar Pradesh,141,Gautam Buddha Nagar,Deshi,1400.0,1550,1475,price_data (5).csv
2021-09-12,Tomato,1903,Dadri,9,Uttar Pradesh,141,Gautam Buddha Nagar,Deshi,1300.0,1450,1380,price_data (5).csv
2021-09-11,Tomato,1903,Dadri,9,Uttar Pradesh,141,Gautam Buddha Nagar,Hybrid,1270.0,1420,1350,price_data (5).csv
2021-09-11,Tomato,1903,Dadri,9,Uttar Pradesh,141,Gautam Buddha Nagar,Deshi,1240.0,1370,1300,price_data (5).csv
2021-09-11,Tomato,2541,Dankaur,9,Uttar Pradesh,141,Gautam Buddha Nagar,Deshi,1200.0,1400,1300,price_data (5).csv
2021-09-10,Tomato,1903,Dadri,9,Uttar Pradesh,141,Gautam Buddha Nagar,Hybrid,1180.0,1320,1250,price_data (5).csv
2021-09-10,Tomato,2541,Dankaur,9,Uttar Pradesh,141,Gautam Buddha Nagar,Deshi,1100.0,1300,1200,price_data (5).csv
2021-09-10,Tomato,1903,Dadri,9,Uttar Pradesh,141,Gautam Buddha Nagar,Deshi,1130.0,1270,1200,price_data (5).csv
2021-09-09,Tomato,1903,Dadri,9,Uttar Pradesh,141,Gautam Buddha Nagar,Hybrid,1230.0,1380,1300,price_data (5).csv
2021-09-09,Tomato,1903,Dadri,9,Uttar Pradesh,141,Gautam Buddha Nagar,Deshi,1170.0,1330,1250,price_data (5).csv
2021-09-08,Tomato,2541,Dankaur,9,Uttar Pradesh,141,Gautam Buddha Nagar,Deshi,1100.0,1300,1200,price_data (5).csv
2021-09-07,Tomato,1903,Dadri,9,Uttar Pradesh,141,Gautam Buddha Nagar,Hybrid,1220.0,1360,1290,price_data (5).csv
2021-09-07,Tomato,1903,Dadri,9,Uttar Pradesh,141,Gautam Buddha Nagar,Deshi,1170.0,1300,1240,price_data (5).csv
2021-09-07,Tomato,2541,Dankaur,9,Uttar Pradesh,141,Gautam Buddha Nagar,Deshi,1300.0,1400,1355,price_data (5).csv
2021-09-06,Tomato,1903,Dadri,9,Uttar Pradesh,141,Gautam Buddha Nagar,Deshi,1180.0,1330,1250,price_data (5).csv
2021-09-06,Tomato,2541,Dankaur,9,Uttar Pradesh,141,Gautam Buddha Nagar,Deshi,1200.0,1400,1300,price_data (5).csv
2021-09-06,Tomato,1903,Dadri,9,Uttar Pradesh,141,Gautam Buddha Nagar,Hybrid,1230.0,1380,1300,price_data (5).csv
2021-09-05,Tomato,2541,Dankaur,9,Uttar Pradesh,141,Gautam Buddha Nagar,Deshi,1300.0,1400,1355,price_data (5).csv
2021-09-04,Tomato,1903,Dadri,9,Uttar Pradesh,141,Gautam Buddha Nagar,Hybrid,1250.0,1390,1330,price_data (5).csv
2021-09-04,Tomato,1903,Dadri,9,Uttar Pradesh,141,Gautam Buddha Nagar,Deshi,1220.0,1350,1280,price_data (5).csv
2021-09-04,Tomato,2541,Dankaur,9,Uttar Pradesh,141,Gautam Buddha Nagar,Deshi,1200.0,1400,1300,price_data (5).csv
2021-09-03,Tomato,1903,Dadri,9,Uttar Pradesh,141,Gautam Buddha Nagar,Hybrid,1350.0,1490,1420,price_data (5).csv
2021-09-03,Tomato,1903,Dadri,9,Uttar Pradesh,141,Gautam Buddha Nagar,Deshi,1300.0,1430,1370,price_data (5).csv
2021-09-03,Tomato,2541,Dankaur,9,Uttar Pradesh,141,Gautam Buddha Nagar,Deshi,1300.0,1400,1355,price_data (5).csv
2021-09-02,Tomato,1903,Dadri,9,Uttar Pradesh,141,Gautam Buddha Nagar,Hybrid,1380.0,1520,1450,price_data (5).csv
2021-09-02,Tomato,1903,Dadri,9,Uttar Pradesh,141,Gautam Buddha Nagar,Deshi,1330.0,1470,1400,price_data (5).csv
2021-09-01,Tomato,2541,Dankaur,9,Uttar Pradesh,141,Gautam Buddha Nagar,Deshi,1300.0,1500,1400,price_data (5).csv
2021-08-31,Tomato,1903,Dadri,9,Uttar Pradesh,141,Gautam Buddha Nagar,Hybrid,1380.0,1530,1450,price_data (5).csv
2021-08-31,Tomato,2541,Dankaur,9,Uttar Pradesh,141,Gautam Buddha Nagar,Deshi,1400.0,1515,1455,price_data (5).csv
2021-08-31,Tomato,1903,Dadri,9,Uttar Pradesh,141,Gautam Buddha Nagar,Deshi,1340.0,1470,1400,price_data (5).csv
2021-08-30,Tomato,2541,Dankaur,9,Uttar Pradesh,141,Gautam Buddha Nagar,Deshi,1200.0,1500,1400,price_data (5).csv
2021-08-30,Tomato,1903,Dadri,9,Uttar Pradesh,141,Gautam Buddha Nagar,Hybrid,1380.0,1530,1450,price_data (5).csv
2021-08-30,Tomato,1903,Dadri,9,Uttar Pradesh,141,Gautam Buddha Nagar,Deshi,1300.0,1450,1380,price_data (5).csv
2021-08-29,Tomato,2541,Dankaur,9,Uttar Pradesh,141,Gautam Buddha Nagar,Deshi,1500.0,1615,1572,price_data (5).csv
2021-08-28,Tomato,2541,Dankaur,9,Uttar Pradesh,141,Gautam Buddha Nagar,Deshi,1400.0,1600,1500,price_data (5).csv
2021-08-27,Tomato,1903,Dadri,9,Uttar Pradesh,141,Gautam Buddha Nagar,Hybrid,1470.0,1630,1550,price_data (5).csv
2021-08-27,Tomato,1903,Dadri,9,Uttar Pradesh,141,Gautam Buddha Nagar,Deshi,1430.0,1580,1500,price_data (5).csv
2021-08-27,Tomato,2541,Dankaur,9,Uttar Pradesh,141,Gautam Buddha Nagar,Deshi,1500.0,1655,1578,price_data (5).csv
2021-08-26,Tomato,1903,Dadri,9,Uttar Pradesh,141,Gautam Buddha Nagar,Deshi,1430.0,1570,1500,price_data (5).csv
2021-08-26,Tomato,1903,Dadri,9,Uttar Pradesh,141,Gautam Buddha Nagar,Hybrid,1480.0,1620,1550,price_data (5).csv
2021-08-25,Tomato,1903,Dadri,9,Uttar Pradesh,141,Gautam Buddha Nagar,Deshi,1370.0,1530,1450,price_data (5).csv
2021-08-25,Tomato,2541,Dankaur,9,Uttar Pradesh,141,Gautam Buddha Nagar,Deshi,1300.0,1500,1400,price_data (5).csv
2021-08-25,Tomato,1903,Dadri,9,Uttar Pradesh,141,Gautam Buddha Nagar,Hybrid,1440.0,1580,1500,price_data (5).csv
2021-08-24,Tomato,1903,Dadri,9,Uttar Pradesh,141,Gautam Buddha Nagar,Hybrid,1370.0,1530,1450,price_data (5).csv
2021-08-24,Tomato,2541,Dankaur,9,Uttar Pradesh,141,Gautam Buddha Nagar,Deshi,1400.0,1515,1475,price_data (5).csv
2021-08-24,Tomato,1903,Dadri,9,Uttar Pradesh,141,Gautam Buddha Nagar,Deshi,1300.0,1480,1400,price_data (5).csv
2021-08-23,Tomato,2541,Dankaur,9,Uttar Pradesh,141,Gautam Buddha Nagar,Deshi,1400.0,1500,1485,price_data (5).csv
2021-08-23,Tomato,1903,Dadri,9,Uttar Pradesh,141,Gautam Buddha Nagar,Deshi,1380.0,1530,1450,price_data (5).csv
2021-08-23,Tomato,1903,Dadri,9,Uttar Pradesh,141,Gautam Buddha Nagar,Hybrid,1430.0,1570,1500,price_data (5).csv
2021-08-22,Tomato,2541,Dankaur,9,Uttar Pradesh,141,Gautam Buddha Nagar,Deshi,1300.0,1500,1400,price_data (5).csv
2021-08-21,Tomato,1903,Dadri,9,Uttar Pradesh,141,Gautam Buddha Nagar,Deshi,1470.0,1630,1550,price_data (5).csv
2021-08-21,Tomato,1903,Dadri,9,Uttar Pradesh,141,Gautam Buddha Nagar,Hybrid,1540.0,1670,1600,price_data (5).csv
2021-08-21,Tomato,2541,Dankaur,9,Uttar Pradesh,141,Gautam Buddha Nagar,Deshi,1400.0,1600,1500,price_data (5).csv
2021-08-20,Tomato,1903,Dadri,9,Uttar Pradesh,141,Gautam Buddha Nagar,Hybrid,1530.0,1680,1600,price_data (5).csv
2021-08-20,Tomato,2541,Dankaur,9,Uttar Pradesh,141,Gautam Buddha Nagar,Deshi,1500.0,1600,1520,price_data (5).csv
2021-08-20,Tomato,1903,Dadri,9,Uttar Pradesh,141,Gautam Buddha Nagar,Deshi,1470.0,1640,1550,price_data (5).csv
2021-08-19,Tomato,1903,Dadri,9,Uttar Pradesh,141,Gautam Buddha Nagar,Hybrid,1640.0,1770,1700,price_data (5).csv
2021-08-19,Tomato,1903,Dadri,9,Uttar Pradesh,141,Gautam Buddha Nagar,Deshi,1580.0,1730,1650,price_data (5).csv
2021-08-18,Tomato,1903,Dadri,9,Uttar Pradesh,141,Gautam Buddha Nagar,Deshi,1830.0,1980,1900,price_data (5).csv
2021-08-18,Tomato,1903,Dadri,9,Uttar Pradesh,141,Gautam Buddha Nagar,Hybrid,1880.0,2030,1950,price_data (5).csv
2021-08-18,Tomato,2541,Dankaur,9,Uttar Pradesh,141,Gautam Buddha Nagar,Deshi,1900.0,2000,1940,price_data (5).csv
2021-08-17,Tomato,1903,Dadri,9,Uttar Pradesh,141,Gautam Buddha Nagar,Hybrid,1850.0,2000,1920,price_data (5).csv
2021-08-17,Tomato,2541,Dankaur,9,Uttar Pradesh,141,Gautam Buddha Nagar,Deshi,1700.0,1900,1800,price_data (5).csv
2021-08-17,Tomato,1903,Dadri,9,Uttar Pradesh,141,Gautam Buddha Nagar,Deshi,1800.0,1950,1870,price_data (5).csv
2021-08-16,Tomato,1903,Dadri,9,Uttar Pradesh,141,Gautam Buddha Nagar,Hybrid,1850.0,2000,1920,price_data (5).csv
2021-08-16,Tomato,1903,Dadri,9,Uttar Pradesh,141,Gautam Buddha Nagar,Deshi,1800.0,1950,1870,price_data (5).csv
2021-08-16,Tomato,2541,Dankaur,9,Uttar Pradesh,141,Gautam Buddha Nagar,Deshi,1800.0,1900,1825,price_data (5).csv
2021-08-14,Tomato,2541,Dankaur,9,Uttar Pradesh,141,Gautam Buddha Nagar,Deshi,1900.0,2000,1955,price_data (5).csv
2021-08-14,Tomato,1903,Dadri,9,Uttar Pradesh,141,Gautam Buddha Nagar,Hybrid,1770.0,1930,1850,price_data (5).csv
2021-08-14,Tomato,1903,Dadri,9,Uttar Pradesh,141,Gautam Buddha Nagar,Deshi,1730.0,1870,1800,price_data (5).csv
2021-08-13,Tomato,1903,Dadri,9,Uttar Pradesh,141,Gautam Buddha Nagar,Hybrid,1880.0,2020,1950,price_data (5).csv
2021-08-13,Tomato,2541,Dankaur,9,Uttar Pradesh,141,Gautam Buddha Nagar,Deshi,1800.0,2020,1900,price_data (5).csv
2021-08-13,Tomato,1903,Dadri,9,Uttar Pradesh,141,Gautam Buddha Nagar,Deshi,1830.0,1980,1900,price_data (5).csv
2021-08-12,Tomato,1903,Dadri,9,Uttar Pradesh,141,Gautam Buddha Nagar,Deshi,1750.0,1950,1850,price_data (5).csv
2021-08-12,Tomato,1903,Dadri,9,Uttar Pradesh,141,Gautam Buddha Nagar,Hybrid,1800.0,2000,1900,price_data (5).csv
2021-08-11,Tomato,2541,Dankaur,9,Uttar Pradesh,141,Gautam Buddha Nagar,Deshi,1700.0,1900,1800,price_data (5).csv
2021-08-11,Tomato,1903,Dadri,9,Uttar Pradesh,141,Gautam Buddha Nagar,Hybrid,1770.0,1930,1850,price_data (5).csv
2021-08-11,Tomato,1903,Dadri,9,Uttar Pradesh,141,Gautam Buddha Nagar,Deshi,1730.0,1880,1800,price_data (5).csv
2021-08-10,Tomato,2541,Dankaur,9,Uttar Pradesh,141,Gautam Buddha Nagar,Deshi,1700.0,1800,1750,price_data (5).csv
2021-08-10,Tomato,1903,Dadri,9,Uttar Pradesh,141,Gautam Buddha Nagar,Deshi,1770.0,1950,1850,price_data (5).csv
2021-08-10,Tomato,1903,Dadri,9,Uttar Pradesh,141,Gautam Buddha Nagar,Hybrid,1800.0,2000,1900,price_data (5).csv
2021-08-09,Tomato,1903,Dadri,9,Uttar Pradesh,141,Gautam Buddha Nagar,Hybrid,1730.0,1880,1800,price_data (5).csv
2021-08-09,Tomato,2541,Dankaur,9,Uttar Pradesh,141,Gautam Buddha Nagar,Deshi,1645.0,1800,1710,price_data (5).csv
2021-08-09,Tomato,1903,Dadri,9,Uttar Pradesh,141,Gautam Buddha Nagar,Deshi,1670.0,1830,1750,price_data (5).csv
2021-08-08,Tomato,2541,Dankaur,9,Uttar Pradesh,141,Gautam Buddha Nagar,Deshi,1655.0,1800,1700,price_data (5).csv
2021-08-07,Tomato,1903,Dadri,9,Uttar Pradesh,141,Gautam Buddha Nagar,Hybrid,1850.0,2000,1930,price_data (5).csv
2021-08-07,Tomato,2541,Dankaur,9,Uttar Pradesh,141,Gautam Buddha Nagar,Deshi,1900.0,2020,1975,price_data (5).csv
2021-08-07,Tomato,1903,Dadri,9,Uttar Pradesh,141,Gautam Buddha Nagar,Deshi,1760.0,1940,1860,price_data (5).csv
2021-08-06,Tomato,1903,Dadri,9,Uttar Pradesh,141,Gautam Buddha Nagar,Deshi,1830.0,1980,1900,price_data (5).csv
2021-08-06,Tomato,2541,Dankaur,9,Uttar Pradesh,141,Gautam Buddha Nagar,Deshi,1825.0,2020,1900,price_data (5).csv
2021-08-06,Tomato,1903,Dadri,9,Uttar Pradesh,141,Gautam Buddha Nagar,Hybrid,1890.0,2050,1970,price_data (5).csv
2021-08-05,Tomato,1903,Dadri,9,Uttar Pradesh,141,Gautam Buddha Nagar,Hybrid,1900.0,2050,1970,price_data (5).csv
2021-08-05,Tomato,1903,Dadri,9,Uttar Pradesh,141,Gautam Buddha Nagar,Deshi,1830.0,1980,1900,price_data (5).csv
2021-08-04,Tomato,1903,Dadri,9,Uttar Pradesh,141,Gautam Buddha Nagar,Deshi,1870.0,2030,1950,price_data (5).csv
2021-08-04,Tomato,1903,Dadri,9,Uttar Pradesh,141,Gautam Buddha Nagar,Hybrid,1940.0,2090,2010,price_data (5).csv
2021-08-04,Tomato,2541,Dankaur,9,Uttar Pradesh,141,Gautam Buddha Nagar,Deshi,1900.0,2000,1950,price_data (5).csv
2021-08-03,Tomato,1903,Dadri,9,Uttar Pradesh,141,Gautam Buddha Nagar,Deshi,1760.0,1930,1850,price_data (5).csv
2021-08-03,Tomato,1903,Dadri,9,Uttar Pradesh,141,Gautam Buddha Nagar,Hybrid,1840.0,1980,1910,price_data (5).csv
2021-08-02,Tomato,1903,Dadri,9,Uttar Pradesh,141,Gautam Buddha Nagar,Deshi,1650.0,1820,1750,price_data (5).csv
2021-08-02,Tomato,1903,Dadri,9,Uttar Pradesh,141,Gautam Buddha Nagar,Hybrid,1740.0,1880,1810,price_data (5).csv
2021-08-02,Tomato,2541,Dankaur,9,Uttar Pradesh,141,Gautam Buddha Nagar,Deshi,1600.0,1800,1700,price_data (5).csv
2021-08-01,Tomato,2541,Dankaur,9,Uttar Pradesh,141,Gautam Buddha Nagar,Deshi,1600.0,1820,1755,price_data (5).csv
2021-07-31,Tomato,2541,Dankaur,9,Uttar Pradesh,141,Gautam Buddha Nagar,Deshi,1800.0,1900,1820,price_data (5).csv
2021-07-31,Tomato,1903,Dadri,9,Uttar Pradesh,141,Gautam Buddha Nagar,Deshi,1670.0,1830,1750,price_data (5).csv
2021-07-31,Tomato,1903,Dadri,9,Uttar Pradesh,141,Gautam Buddha Nagar,Hybrid,1730.0,1880,1800,price_data (5).csv
2021-07-30,Tomato,2541,Dankaur,9,Uttar Pradesh,141,Gautam Buddha Nagar,Deshi,1800.0,1900,1867,price_data (5).csv
2021-07-30,Tomato,1903,Dadri,9,Uttar Pradesh,141,Gautam Buddha Nagar,Hybrid,1780.0,1920,1850,price_data (5).csv
2021-07-30,Tomato,1903,Dadri,9,Uttar Pradesh,141,Gautam Buddha Nagar,Deshi,1730.0,1870,1800,price_data (5).csv
2021-07-29,Tomato,1903,Dadri,9,Uttar Pradesh,141,Gautam Buddha Nagar,Hybrid,1750.0,1900,1820,price_data (5).csv
2021-07-29,Tomato,1903,Dadri,9,Uttar Pradesh,141,Gautam Buddha Nagar,Deshi,1650.0,1820,1750,price_data (5).csv
2021-07-28,Tomato,1903,Dadri,9,Uttar Pradesh,141,Gautam Buddha Nagar,Hybrid,1750.0,1900,1820,price_data (5).csv
2021-07-28,Tomato,1903,Dadri,9,Uttar Pradesh,141,Gautam Buddha Nagar,Deshi,1670.0,1830,1750,price_data (5).csv
2021-07-28,Tomato,2541,Dankaur,9,Uttar Pradesh,141,Gautam Buddha Nagar,Deshi,1800.0,1900,1820,price_data (5).csv
2021-07-27,Tomato,1903,Dadri,9,Uttar Pradesh,141,Gautam Buddha Nagar,Hybrid,1800.0,2000,1900,price_data (5).csv
2021-07-27,Tomato,2541,Dankaur,9,Uttar Pradesh,141,Gautam Buddha Nagar,Deshi,1800.0,1915,1855,price_data (5).csv
2021-07-27,Tomato,1903,Dadri,9,Uttar Pradesh,141,Gautam Buddha Nagar,Deshi,1750.0,1930,1850,price_data (5).csv
2021-07-26,Tomato,1903,Dadri,9,Uttar Pradesh,141,Gautam Buddha Nagar,Hybrid,1830.0,1980,1900,price_data (5).csv
2021-07-26,Tomato,1903,Dadri,9,Uttar Pradesh,141,Gautam Buddha Nagar,Deshi,1770.0,1930,1850,price_data (5).csv
2021-07-26,Tomato,2541,Dankaur,9,Uttar Pradesh,141,Gautam Buddha Nagar,Deshi,1740.0,1875,1800,price_data (5).csv
2021-07-25,Tomato,2541,Dankaur,9,Uttar Pradesh,141,Gautam Buddha Nagar,Deshi,1800.0,1925,1875,price_data (5).csv
2021-07-24,Tomato,1903,Dadri,9,Uttar Pradesh,141,Gautam Buddha Nagar,Hybrid,1550.0,1700,1620,price_data (5).csv
2021-07-24,Tomato,1903,Dadri,9,Uttar Pradesh,141,Gautam Buddha Nagar,Deshi,1480.0,1630,1550,price_data (5).csv
2021-07-24,Tomato,2541,Dankaur,9,Uttar Pradesh,141,Gautam Buddha Nagar,Deshi,1300.0,1400,1380,price_data (5).csv
2021-07-23,Tomato,2541,Dankaur,9,Uttar Pradesh,141,Gautam Buddha Nagar,Deshi,1300.0,1455,1380,price_data (5).csv
2021-07-23,Tomato,1903,Dadri,9,Uttar Pradesh,141,Gautam Buddha Nagar,Hybrid,1380.0,1530,1450,price_data (5).csv
2021-07-23,Tomato,1903,Dadri,9,Uttar Pradesh,141,Gautam Buddha Nagar,Deshi,1340.0,1470,1400,price_data (5).csv
2021-07-22,Tomato,1903,Dadri,9,Uttar Pradesh,141,Gautam Buddha Nagar,Deshi,1270.0,1430,1350,price_data (5).csv
2021-07-22,Tomato,1903,Dadri,9,Uttar Pradesh,141,Gautam Buddha Nagar,Hybrid,1350.0,1500,1420,price_data (5).csv
2021-07-21,Tomato,1903,Dadri,9,Uttar Pradesh,141,Gautam Buddha Nagar,Hybrid,1350.0,1500,1420,price_data (5).csv
2021-07-21,Tomato,1903,Dadri,9,Uttar Pradesh,141,Gautam Buddha Nagar,Deshi,1280.0,1430,1350,price_data (5).csv
2021-07-20,Tomato,1903,Dadri,9,Uttar Pradesh,141,Gautam Buddha Nagar,Hybrid,1230.0,1380,1300,price_data (5).csv
2021-07-20,Tomato,1903,Dadri,9,Uttar Pradesh,141,Gautam Buddha Nagar,Deshi,1180.0,1320,1250,price_data (5).csv
2021-07-20,Tomato,2541,Dankaur,9,Uttar Pradesh,141,Gautam Buddha Nagar,Deshi,1200.0,1300,1275,price_data (5).csv
2021-07-19,Tomato,1903,Dadri,9,Uttar Pradesh,141,Gautam Buddha Nagar,Hybrid,1230.0,1370,1300,price_data (5).csv
2021-07-19,Tomato,1903,Dadri,9,Uttar Pradesh,141,Gautam Buddha Nagar,Deshi,1180.0,1320,1250,price_data (5).csv
2021-07-19,Tomato,2541,Dankaur,9,Uttar Pradesh,141,Gautam Buddha Nagar,Deshi,1100.0,1300,1200,price_data (5).csv
2021-07-18,Tomato,2541,Dankaur,9,Uttar Pradesh,141,Gautam Buddha Nagar,Deshi,1200.0,1300,1245,price_data (5).csv
2021-07-17,Tomato,1903,Dadri,9,Uttar Pradesh,141,Gautam Buddha Nagar,Hybrid,1330.0,1460,1390,price_data (5).csv
2021-07-17,Tomato,2541,Dankaur,9,Uttar Pradesh,141,Gautam Buddha Nagar,Deshi,1400.0,1500,1475,price_data (5).csv
2021-07-17,Tomato,1903,Dadri,9,Uttar Pradesh,141,Gautam Buddha Nagar,Deshi,1250.0,1400,1330,price_data (5).csv
2021-07-16,Tomato,1903,Dadri,9,Uttar Pradesh,141,Gautam Buddha Nagar,Hybrid,1310.0,1450,1380,price_data (5).csv
2021-07-16,Tomato,2541,Dankaur,9,Uttar Pradesh,141,Gautam Buddha Nagar,Deshi,1300.0,1500,1400,price_data (5).csv
2021-07-16,Tomato,1903,Dadri,9,Uttar Pradesh,141,Gautam Buddha Nagar,Deshi,1240.0,1400,1320,price_data (5).csv
2021-07-15,Tomato,1903,Dadri,9,Uttar Pradesh,141,Gautam Buddha Nagar,Deshi,1340.0,1470,1400,price_data (5).csv
2021-07-15,Tomato,1903,Dadri,9,Uttar Pradesh,141,Gautam Buddha Nagar,Hybrid,1380.0,1520,1450,price_data (5).csv
2021-07-14,Tomato,2541,Dankaur,9,Uttar Pradesh,141,Gautam Buddha Nagar,Deshi,1400.0,1500,1450,price_data (5).csv
2021-07-13,Tomato,2541,Dankaur,9,Uttar Pradesh,141,Gautam Buddha Nagar,Deshi,1300.0,1415,1355,price_data (5).csv
2021-07-13,Tomato,1903,Dadri,9,Uttar Pradesh,141,Gautam Buddha Nagar,Hybrid,1280.0,1430,1350,price_data (5).csv
2021-07-13,Tomato,1903,Dadri,9,Uttar Pradesh,141,Gautam Buddha Nagar,Deshi,1240.0,1370,1300,price_data (5).csv
2021-07-12,Tomato,1903,Dadri,9,Uttar Pradesh,141,Gautam Buddha Nagar,Deshi,1250.0,1400,1320,price_data (5).csv
2021-07-12,Tomato,1903,Dadri,9,Uttar Pradesh,141,Gautam Buddha Nagar,Hybrid,1300.0,1450,1380,price_data (5).csv
2021-07-12,Tomato,2541,Dankaur,9,Uttar Pradesh,141,Gautam Buddha Nagar,Deshi,1200.0,1400,1300,price_data (5).csv
2021-07-11,Tomato,2541,Dankaur,9,Uttar Pradesh,141,Gautam Buddha Nagar,Deshi,1200.0,1500,1400,price_data (5).csv
2021-07-10,Tomato,1903,Dadri,9,Uttar Pradesh,141,Gautam Buddha Nagar,Deshi,1270.0,1430,1350,price_data (5).csv
2021-07-10,Tomato,1903,Dadri,9,Uttar Pradesh,141,Gautam Buddha Nagar,Hybrid,1330.0,1480,1400,price_data (5).csv
2021-07-10,Tomato,2541,Dankaur,9,Uttar Pradesh,141,Gautam Buddha Nagar,Deshi,1300.0,1400,1375,price_data (5).csv
2021-07-09,Tomato,1903,Dadri,9,Uttar Pradesh,141,Gautam Buddha Nagar,Deshi,1230.0,1370,1300,price_data (5).csv
2021-07-09,Tomato,1903,Dadri,9,Uttar Pradesh,141,Gautam Buddha Nagar,Hybrid,1300.0,1450,1370,price_data (5).csv
2021-07-09,Tomato,2541,Dankaur,9,Uttar Pradesh,141,Gautam Buddha Nagar,Deshi,1200.0,1400,1300,price_data (5).csv
2021-07-08,Tomato,1903,Dadri,9,Uttar Pradesh,141,Gautam Buddha Nagar,Deshi,1300.0,1450,1370,price_data (5).csv
2021-07-08,Tomato,1903,Dadri,9,Uttar Pradesh,141,Gautam Buddha Nagar,Hybrid,1360.0,1500,1430,price_data (5).csv
2021-07-07,Tomato,1903,Dadri,9,Uttar Pradesh,141,Gautam Buddha Nagar,Hybrid,1350.0,1500,1420,price_data (5).csv
2021-07-07,Tomato,1903,Dadri,9,Uttar Pradesh,141,Gautam Buddha Nagar,Deshi,1270.0,1420,1350,price_data (5).csv
2021-07-07,Tomato,2541,Dankaur,9,Uttar Pradesh,141,Gautam Buddha Nagar,Deshi,1300.0,1400,1325,price_data (5).csv
2021-07-06,Tomato,1903,Dadri,9,Uttar Pradesh,141,Gautam Buddha Nagar,Hybrid,1350.0,1500,1430,price_data (5).csv
2021-07-06,Tomato,1903,Dadri,9,Uttar Pradesh,141,Gautam Buddha Nagar,Deshi,1300.0,1450,1370,price_data (5).csv
2021-07-06,Tomato,2541,Dankaur,9,Uttar Pradesh,141,Gautam Buddha Nagar,Deshi,1200.0,1400,1300,price_data (5).csv
2021-07-05,Tomato,1903,Dadri,9,Uttar Pradesh,141,Gautam Buddha Nagar,Deshi,1270.0,1430,1350,price_data (5).csv
2021-07-05,Tomato,2541,Dankaur,9,Uttar Pradesh,141,Gautam Buddha Nagar,Deshi,1300.0,1400,1325,price_data (5).csv
2021-07-05,Tomato,1903,Dadri,9,Uttar Pradesh,141,Gautam Buddha Nagar,Hybrid,1350.0,1500,1420,price_data (5).csv
2021-07-04,Tomato,2541,Dankaur,9,Uttar Pradesh,141,Gautam Buddha Nagar,Deshi,1200.0,1400,1300,price_data (5).csv
2021-07-03,Tomato,2541,Dankaur,9,Uttar Pradesh,141,Gautam Buddha Nagar,Deshi,1200.0,1400,1300,price_data (5).csv
2021-07-03,Tomato,1903,Dadri,9,Uttar Pradesh,141,Gautam Buddha Nagar,Deshi,1300.0,1450,1380,price_data (5).csv
2021-07-03,Tomato,1903,Dadri,9,Uttar Pradesh,141,Gautam Buddha Nagar,Hybrid,1360.0,1500,1430,price_data (5).csv
2021-07-02,Tomato,1903,Dadri,9,Uttar Pradesh,141,Gautam Buddha Nagar,Hybrid,1350.0,1520,1430,price_data (5).csv
2021-07-02,Tomato,2541,Dankaur,9,Uttar Pradesh,141,Gautam Buddha Nagar,Deshi,1300.0,1420,1385,price_data (5).csv
2021-07-02,Tomato,1903,Dadri,9,Uttar Pradesh,141,Gautam Buddha Nagar,Deshi,1320.0,1450,1380,price_data (5).csv
2021-06-30,Tomato,2541,Dankaur,9,Uttar Pradesh,141,Gautam Buddha Nagar,Deshi,1000.0,1120,1055,price_data (5).csv
2021-06-30,Tomato,1903,Dadri,9,Uttar Pradesh,141,Gautam Buddha Nagar,Deshi,1070.0,1220,1150,price_data (5).csv
2021-06-30,Tomato,1903,Dadri,9,Uttar Pradesh,141,Gautam Buddha Nagar,Hybrid,1140.0,1290,1210,price_data (5).csv
2021-06-29,Tomato,2541,Dankaur,9,Uttar Pradesh,141,Gautam Buddha Nagar,Deshi,755.0,955,800,price_data (5).csv
2021-06-29,Tomato,1903,Dadri,9,Uttar Pradesh,141,Gautam Buddha Nagar,Hybrid,1000.0,1150,1070,price_data (5).csv
2021-06-29,Tomato,1903,Dadri,9,Uttar Pradesh,141,Gautam Buddha Nagar,Deshi,950.0,1060,1000,price_data (5).csv
2021-06-28,Tomato,2541,Dankaur,9,Uttar Pradesh,141,Gautam Buddha Nagar,Deshi,700.0,825,755,price_data (5).csv
2021-06-28,Tomato,1903,Dadri,9,Uttar Pradesh,141,Gautam Buddha Nagar,Deshi,730.0,870,800,price_data (5).csv
2021-06-28,Tomato,1903,Dadri,9,Uttar Pradesh,141,Gautam Buddha Nagar,Hybrid,810.0,950,880,price_data (5).csv
2021-06-27,Tomato,2541,Dankaur,9,Uttar Pradesh,141,Gautam Buddha Nagar,Deshi,800.0,925,855,price_data (5).csv
2021-06-26,Tomato,2541,Dankaur,9,Uttar Pradesh,141,Gautam Buddha Nagar,Deshi,655.0,785,700,price_data (5).csv
2021-06-26,Tomato,1903,Dadri,9,Uttar Pradesh,141,Gautam Buddha Nagar,Deshi,700.0,830,770,price_data (5).csv
2021-06-26,Tomato,1903,Dadri,9,Uttar Pradesh,141,Gautam Buddha Nagar,Hybrid,750.0,890,820,price_data (5).csv
2021-06-25,Tomato,1903,Dadri,9,Uttar Pradesh,141,Gautam Buddha Nagar,Hybrid,750.0,890,810,price_data (5).csv
2021-06-25,Tomato,2541,Dankaur,9,Uttar Pradesh,141,Gautam Buddha Nagar,Deshi,700.0,825,755,price_data (5).csv
2021-06-25,Tomato,1903,Dadri,9,Uttar Pradesh,141,Gautam Buddha Nagar,Deshi,700.0,830,760,price_data (5).csv
2021-06-24,Tomato,1903,Dadri,9,Uttar Pradesh,141,Gautam Buddha Nagar,Deshi,670.0,800,740,price_data (5).csv
2021-06-24,Tomato,1903,Dadri,9,Uttar Pradesh,141,Gautam Buddha Nagar,Hybrid,730.0,870,800,price_data (5).csv
2021-06-23,Tomato,2541,Dankaur,9,Uttar Pradesh,141,Gautam Buddha Nagar,Deshi,655.0,725,700,price_data (5).csv
2021-06-23,Tomato,1903,Dadri,9,Uttar Pradesh,141,Gautam Buddha Nagar,Deshi,720.0,850,780,price_data (5).csv
2021-06-23,Tomato,1903,Dadri,9,Uttar Pradesh,141,Gautam Buddha Nagar,Hybrid,780.0,900,840,price_data (5).csv
2021-06-22,Tomato,2541,Dankaur,9,Uttar Pradesh,141,Gautam Buddha Nagar,Deshi,700.0,820,750,price_data (5).csv
2021-06-21,Tomato,1903,Dadri,9,Uttar Pradesh,141,Gautam Buddha Nagar,Deshi,640.0,760,700,price_data (5).csv
2021-06-21,Tomato,1903,Dadri,9,Uttar Pradesh,141,Gautam Buddha Nagar,Hybrid,680.0,800,750,price_data (5).csv
2021-06-21,Tomato,2541,Dankaur,9,Uttar Pradesh,141,Gautam Buddha Nagar,Deshi,625.0,755,700,price_data (5).csv
2021-06-20,Tomato,2541,Dankaur,9,Uttar Pradesh,141,Gautam Buddha Nagar,Deshi,700.0,815,725,price_data (5).csv
2021-06-19,Tomato,2541,Dankaur,9,Uttar Pradesh,141,Gautam Buddha Nagar,Deshi,950.0,1100,1000,price_data (5).csv
2021-06-19,Tomato,1903,Dadri,9,Uttar Pradesh,141,Gautam Buddha Nagar,Deshi,570.0,700,630,price_data (5).csv
2021-06-19,Tomato,1903,Dadri,9,Uttar Pradesh,141,Gautam Buddha Nagar,Hybrid,620.0,760,690,price_data (5).csv
2021-06-18,Tomato,2541,Dankaur,9,Uttar Pradesh,141,Gautam Buddha Nagar,Deshi,650.0,785,700,price_data (5).csv
2021-06-18,Tomato,1903,Dadri,9,Uttar Pradesh,141,Gautam Buddha Nagar,Deshi,600.0,730,660,price_data (5).csv
2021-06-18,Tomato,1903,Dadri,9,Uttar Pradesh,141,Gautam Buddha Nagar,Hybrid,650.0,800,720,price_data (5).csv
2021-06-17,Tomato,1903,Dadri,9,Uttar Pradesh,141,Gautam Buddha Nagar,Deshi,630.0,780,700,price_data (5).csv
2021-06-17,Tomato,1903,Dadri,9,Uttar Pradesh,141,Gautam Buddha Nagar,Hybrid,690.0,820,750,price_data (5).csv
2021-06-16,Tomato,1903,Dadri,9,Uttar Pradesh,141,Gautam Buddha Nagar,Deshi,600.0,750,670,price_data (5).csv
2021-06-16,Tomato,2541,Dankaur,9,Uttar Pradesh,141,Gautam Buddha Nagar,Deshi,900.0,1000,925,price_data (5).csv
2021-06-16,Tomato,1903,Dadri,9,Uttar Pradesh,141,Gautam Buddha Nagar,Hybrid,660.0,800,740,price_data (5).csv
2021-06-15,Tomato,1903,Dadri,9,Uttar Pradesh,141,Gautam Buddha Nagar,Hybrid,650.0,800,720,price_data (5).csv
2021-06-15,Tomato,2541,Dankaur,9,Uttar Pradesh,141,Gautam Buddha Nagar,Deshi,600.0,715,652,price_data (5).csv
2021-06-15,Tomato,1903,Dadri,9,Uttar Pradesh,141,Gautam Buddha Nagar,Deshi,580.0,730,650,price_data (5).csv
2021-06-14,Tomato,1903,Dadri,9,Uttar Pradesh,141,Gautam Buddha Nagar,Deshi,500.0,630,560,price_data (5).csv
2021-06-14,Tomato,2541,Dankaur,9,Uttar Pradesh,141,Gautam Buddha Nagar,Deshi,550.0,685,600,price_data (5).csv
2021-06-14,Tomato,1903,Dadri,9,Uttar Pradesh,141,Gautam Buddha Nagar,Hybrid,550.0,680,610,price_data (5).csv
2021-06-13,Tomato,2541,Dankaur,9,Uttar Pradesh,141,Gautam Buddha Nagar,Deshi,500.0,625,520,price_data (5).csv
2021-06-12,Tomato,1903,Dadri,9,Uttar Pradesh,141,Gautam Buddha Nagar,Hybrid,550.0,700,630,price_data (5).csv
2021-06-12,Tomato,2541,Dankaur,9,Uttar Pradesh,141,Gautam Buddha Nagar,Deshi,445.0,560,500,price_data (5).csv
2021-06-12,Tomato,1903,Dadri,9,Uttar Pradesh,141,Gautam Buddha Nagar,Deshi,500.0,650,580,price_data (5).csv
2021-06-11,Tomato,1903,Dadri,9,Uttar Pradesh,141,Gautam Buddha Nagar,Deshi,500.0,630,550,price_data (5).csv
2021-06-11,Tomato,2541,Dankaur,9,Uttar Pradesh,141,Gautam Buddha Nagar,Deshi,500.0,600,520,price_data (5).csv
2021-06-11,Tomato,1903,Dadri,9,Uttar Pradesh,141,Gautam Buddha Nagar,Hybrid,550.0,680,610,price_data (5).csv
2021-06-10,Tomato,1903,Dadri,9,Uttar Pradesh,141,Gautam Buddha Nagar,Deshi,500.0,630,570,price_data (5).csv
2021-06-10,Tomato,1903,Dadri,9,Uttar Pradesh,141,Gautam Buddha Nagar,Hybrid,550.0,700,630,price_data (5).csv
2021-06-09,Tomato,2541,Dankaur,9,Uttar Pradesh,141,Gautam Buddha Nagar,Deshi,500.0,650,528,price_data (5).csv
2021-06-09,Tomato,1903,Dadri,9,Uttar Pradesh,141,Gautam Buddha Nagar,Hybrid,600.0,730,660,price_data (5).csv
2021-06-09,Tomato,1903,Dadri,9,Uttar Pradesh,141,Gautam Buddha Nagar,Deshi,540.0,670,600,price_data (5).csv
2021-06-08,Tomato,1903,Dadri,9,Uttar Pradesh,141,Gautam Buddha Nagar,Hybrid,550.0,680,610,price_data (5).csv
2021-06-08,Tomato,2541,Dankaur,9,Uttar Pradesh,141,Gautam Buddha Nagar,Deshi,420.0,550,500,price_data (5).csv
2021-06-08,Tomato,1903,Dadri,9,Uttar Pradesh,141,Gautam Buddha Nagar,Deshi,500.0,630,550,price_data (5).csv
2021-06-07,Tomato,1903,Dadri,9,Uttar Pradesh,141,Gautam Buddha Nagar,Hybrid,550.0,680,610,price_data (5).csv
2021-06-07,Tomato,1903,Dadri,9,Uttar Pradesh,141,Gautam Buddha Nagar,Deshi,500.0,630,550,price_data (5).csv
2021-06-06,Tomato,2541,Dankaur,9,Uttar Pradesh,141,Gautam Buddha Nagar,Deshi,500.0,625,560,price_data (5).csv
2021-06-05,Tomato,2541,Dankaur,9,Uttar Pradesh,141,Gautam Buddha Nagar,Deshi,500.0,715,600,price_data (5).csv
2021-06-05,Tomato,1903,Dadri,9,Uttar Pradesh,141,Gautam Buddha Nagar,Deshi,500.0,650,580,price_data (5).csv
2021-06-05,Tomato,1903,Dadri,9,Uttar Pradesh,141,Gautam Buddha Nagar,Hybrid,560.0,720,640,price_data (5).csv
2021-06-04,Tomato,1903,Dadri,9,Uttar Pradesh,141,Gautam Buddha Nagar,Hybrid,570.0,710,640,price_data (5).csv
2021-06-04,Tomato,1903,Dadri,9,Uttar Pradesh,141,Gautam Buddha Nagar,Deshi,500.0,640,580,price_data (5).csv
2021-06-04,Tomato,2541,Dankaur,9,Uttar Pradesh,141,Gautam Buddha Nagar,Deshi,500.0,652,600,price_data (5).csv
2021-06-03,Tomato,1903,Dadri,9,Uttar Pradesh,141,Gautam Buddha Nagar,Deshi,480.0,630,550,price_data (5).csv
2021-06-03,Tomato,1903,Dadri,9,Uttar Pradesh,141,Gautam Buddha Nagar,Hybrid,550.0,700,620,price_data (5).csv
2021-06-02,Tomato,1903,Dadri,9,Uttar Pradesh,141,Gautam Buddha Nagar,Deshi,520.0,650,590,price_data (5).csv
2021-06-02,Tomato,1903,Dadri,9,Uttar Pradesh,141,Gautam Buddha Nagar,Hybrid,580.0,720,650,price_data (5).csv
2021-06-02,Tomato,2541,Dankaur,9,Uttar Pradesh,141,Gautam Buddha Nagar,Deshi,600.0,725,650,price_data (5).csv
2021-06-01,Tomato,2541,Dankaur,9,Uttar Pradesh,141,Gautam Buddha Nagar,Deshi,570.0,625,600,price_data (5).csv
2021-05-31,Tomato,2541,Dankaur,9,Uttar Pradesh,141,Gautam Buddha Nagar,Deshi,600.0,700,625,price_data (5).csv
2021-05-31,Tomato,1903,Dadri,9,Uttar Pradesh,141,Gautam Buddha Nagar,Deshi,500.0,650,570,price_data (5).csv
2021-05-31,Tomato,1903,Dadri,9,Uttar Pradesh,141,Gautam Buddha Nagar,Hybrid,550.0,700,630,price_data (5).csv
2021-05-30,Tomato,2541,Dankaur,9,Uttar Pradesh,141,Gautam Buddha Nagar,Deshi,550.0,650,600,price_data (5).csv
2021-05-29,Tomato,1903,Dadri,9,Uttar Pradesh,141,Gautam Buddha Nagar,Hybrid,570.0,720,640,price_data (5).csv
2021-05-29,Tomato,1903,Dadri,9,Uttar Pradesh,141,Gautam Buddha Nagar,Deshi,500.0,650,580,price_data (5).csv
2021-05-29,Tomato,2541,Dankaur,9,Uttar Pradesh,141,Gautam Buddha Nagar,Deshi,600.0,680,625,price_data (5).csv
2021-05-28,Tomato,1903,Dadri,9,Uttar Pradesh,141,Gautam Buddha Nagar,Deshi,530.0,680,600,price_data (5).csv
2021-05-28,Tomato,1903,Dadri,9,Uttar Pradesh,141,Gautam Buddha Nagar,Hybrid,590.0,740,660,price_data (5).csv
2021-05-28,Tomato,2541,Dankaur,9,Uttar Pradesh,141,Gautam Buddha Nagar,Deshi,550.0,625,600,price_data (5).csv
2021-05-27,Tomato,1903,Dadri,9,Uttar Pradesh,141,Gautam Buddha Nagar,Deshi,500.0,640,560,price_data (5).csv
2021-05-27,Tomato,1903,Dadri,9,Uttar Pradesh,141,Gautam Buddha Nagar,Hybrid,550.0,700,620,price_data (5).csv
2021-05-26,Tomato,2541,Dankaur,9,Uttar Pradesh,141,Gautam Buddha Nagar,Deshi,600.0,720,652,price_data (5).csv
2021-05-26,Tomato,1903,Dadri,9,Uttar Pradesh,141,Gautam Buddha Nagar,Hybrid,540.0,690,610,price_data (5).csv
2021-05-26,Tomato,1903,Dadri,9,Uttar Pradesh,141,Gautam Buddha Nagar,Deshi,480.0,630,550,price_data (5).csv
2021-05-25,Tomato,1903,Dadri,9,Uttar Pradesh,141,Gautam Buddha Nagar,Hybrid,550.0,700,630,price_data (5).csv
2021-05-25,Tomato,1903,Dadri,9,Uttar Pradesh,141,Gautam Buddha Nagar,Deshi,500.0,650,570,price_data (5).csv
2021-05-25,Tomato,2541,Dankaur,9,Uttar Pradesh,141,Gautam Buddha Nagar,Deshi,500.0,700,600,price_data (5).csv
2021-05-24,Tomato,1903,Dadri,9,Uttar Pradesh,141,Gautam Buddha Nagar,Hybrid,590.0,730,660,price_data (5).csv
2021-05-24,Tomato,1903,Dadri,9,Uttar Pradesh,141,Gautam Buddha Nagar,Deshi,530.0,670,600,price_data (5).csv
2021-05-24,Tomato,2541,Dankaur,9,Uttar Pradesh,141,Gautam Buddha Nagar,Deshi,600.0,750,652,price_data (5).csv
2021-05-23,Tomato,2541,Dankaur,9,Uttar Pradesh,141,Gautam Buddha Nagar,Deshi,540.0,680,600,price_data (5).csv
2021-05-22,Tomato,1903,Dadri,9,Uttar Pradesh,141,Gautam Buddha Nagar,Deshi,500.0,650,580,price_data (5).csv
2021-05-22,Tomato,2541,Dankaur,9,Uttar Pradesh,141,Gautam Buddha Nagar,Deshi,500.0,700,600,price_data (5).csv
2021-05-22,Tomato,1903,Dadri,9,Uttar Pradesh,141,Gautam Buddha Nagar,Hybrid,570.0,710,640,price_data (5).csv
2021-05-21,Tomato,2541,Dankaur,9,Uttar Pradesh,141,Gautam Buddha Nagar,Deshi,500.0,700,600,price_data (5).csv
2021-05-21,Tomato,1903,Dadri,9,Uttar Pradesh,141,Gautam Buddha Nagar,Hybrid,590.0,730,660,price_data (5).csv
2021-05-21,Tomato,1903,Dadri,9,Uttar Pradesh,141,Gautam Buddha Nagar,Deshi,540.0,670,600,price_data (5).csv
2021-05-20,Tomato,1903,Dadri,9,Uttar Pradesh,141,Gautam Buddha Nagar,Hybrid,590.0,730,660,price_data (5).csv
2021-05-20,Tomato,1903,Dadri,9,Uttar Pradesh,141,Gautam Buddha Nagar,Deshi,530.0,670,600,price_data (5).csv
2021-05-19,Tomato,1903,Dadri,9,Uttar Pradesh,141,Gautam Buddha Nagar,Deshi,500.0,650,570,price_data (5).csv
2021-05-19,Tomato,2541,Dankaur,9,Uttar Pradesh,141,Gautam Buddha Nagar,Deshi,600.0,722,650,price_data (5).csv
2021-05-18,Tomato,1903,Dadri,9,Uttar Pradesh,141,Gautam Buddha Nagar,Deshi,530.0,680,600,price_data (5).csv
2021-05-18,Tomato,1903,Dadri,9,Uttar Pradesh,141,Gautam Buddha Nagar,Hybrid,600.0,750,670,price_data (5).csv
2021-05-18,Tomato,2541,Dankaur,9,Uttar Pradesh,141,Gautam Buddha Nagar,Deshi,600.0,700,650,price_data (5).csv
2021-05-17,Tomato,1903,Dadri,9,Uttar Pradesh,141,Gautam Buddha Nagar,Hybrid,600.0,740,670,price_data (5).csv
2021-05-17,Tomato,2541,Dankaur,9,Uttar Pradesh,141,Gautam Buddha Nagar,Deshi,455.0,655,500,price_data (5).csv
2021-05-17,Tomato,1903,Dadri,9,Uttar Pradesh,141,Gautam Buddha Nagar,Deshi,530.0,680,600,price_data (5).csv
2021-05-15,Tomato,2541,Dankaur,9,Uttar Pradesh,141,Gautam Buddha Nagar,Deshi,515.0,652,570,price_data (5).csv
2021-05-15,Tomato,1903,Dadri,9,Uttar Pradesh,141,Gautam Buddha Nagar,Hybrid,550.0,700,630,price_data (5).csv
2021-05-15,Tomato,1903,Dadri,9,Uttar Pradesh,141,Gautam Buddha Nagar,Deshi,480.0,620,560,price_data (5).csv
2021-05-14,Tomato,1903,Dadri,9,Uttar Pradesh,141,Gautam Buddha Nagar,Hybrid,550.0,700,620,price_data (5).csv
2021-05-14,Tomato,1903,Dadri,9,Uttar Pradesh,141,Gautam Buddha Nagar,Deshi,480.0,620,550,price_data (5).csv
2021-05-14,Tomato,2541,Dankaur,9,Uttar Pradesh,141,Gautam Buddha Nagar,Deshi,500.0,620,580,price_data (5).csv
2021-05-13,Tomato,1903,Dadri,9,Uttar Pradesh,141,Gautam Buddha Nagar,Deshi,470.0,630,550,price_data (5).csv
2021-05-13,Tomato,1903,Dadri,9,Uttar Pradesh,141,Gautam Buddha Nagar,Hybrid,550.0,700,620,price_data (5).csv
2021-05-12,Tomato,1903,Dadri,9,Uttar Pradesh,141,Gautam Buddha Nagar,Hybrid,640.0,790,710,price_data (5).csv
2021-05-12,Tomato,2541,Dankaur,9,Uttar Pradesh,141,Gautam Buddha Nagar,Deshi,605.0,700,660,price_data (5).csv
2021-05-12,Tomato,1903,Dadri,9,Uttar Pradesh,141,Gautam Buddha Nagar,Deshi,580.0,720,650,price_data (5).csv
2021-05-11,Tomato,2541,Dankaur,9,Uttar Pradesh,141,Gautam Buddha Nagar,Deshi,625.0,755,700,price_data (5).csv
2021-05-11,Tomato,1903,Dadri,9,Uttar Pradesh,141,Gautam Buddha Nagar,Hybrid,650.0,800,720,price_data (5).csv
2021-05-11,Tomato,1903,Dadri,9,Uttar Pradesh,141,Gautam Buddha Nagar,Deshi,580.0,730,650,price_data (5).csv
2021-05-10,Tomato,2541,Dankaur,9,Uttar Pradesh,141,Gautam Buddha Nagar,Deshi,620.0,750,680,price_data (5).csv
2021-05-10,Tomato,1903,Dadri,9,Uttar Pradesh,141,Gautam Buddha Nagar,Hybrid,650.0,800,730,price_data (5).csv
2021-05-10,Tomato,1903,Dadri,9,Uttar Pradesh,141,Gautam Buddha Nagar,Deshi,580.0,720,660,price_data (5).csv
2021-05-08,Tomato,2541,Dankaur,9,Uttar Pradesh,141,Gautam Buddha Nagar,Deshi,611.0,750,640,price_data (5).csv
2021-05-08,Tomato,1903,Dadri,9,Uttar Pradesh,141,Gautam Buddha Nagar,Deshi,580.0,730,660,price_data (5).csv
2021-05-08,Tomato,1903,Dadri,9,Uttar Pradesh,141,Gautam Buddha Nagar,Hybrid,650.0,800,720,price_data (5).csv
2021-05-07,Tomato,2541,Dankaur,9,Uttar Pradesh,141,Gautam Buddha Nagar,Deshi,750.0,900,815,price_data (5).csv
2021-05-07,Tomato,1903,Dadri,9,Uttar Pradesh,141,Gautam Buddha Nagar,Hybrid,700.0,840,780,price_data (5).csv
2021-05-07,Tomato,1903,Dadri,9,Uttar Pradesh,141,Gautam Buddha Nagar,Deshi,650.0,800,720,price_data (5).csv
2021-05-06,Tomato,1903,Dadri,9,Uttar Pradesh,141,Gautam Buddha Nagar,Deshi,640.0,770,700,price_data (5).csv
2021-05-06,Tomato,1903,Dadri,9,Uttar Pradesh,141,Gautam Buddha Nagar,Hybrid,700.0,850,770,price_data (5).csv
2021-05-05,Tomato,1903,Dadri,9,Uttar Pradesh,141,Gautam Buddha Nagar,Hybrid,730.0,880,800,price_data (5).csv
2021-05-05,Tomato,2541,Dankaur,9,Uttar Pradesh,141,Gautam Buddha Nagar,Deshi,805.0,925,875,price_data (5).csv
2021-05-05,Tomato,1903,Dadri,9,Uttar Pradesh,141,Gautam Buddha Nagar,Deshi,670.0,800,730,price_data (5).csv
2021-05-04,Tomato,1903,Dadri,9,Uttar Pradesh,141,Gautam Buddha Nagar,Hybrid,730.0,880,800,price_data (5).csv
2021-05-04,Tomato,2541,Dankaur,9,Uttar Pradesh,141,Gautam Buddha Nagar,Deshi,785.0,925,815,price_data (5).csv
2021-05-04,Tomato,1903,Dadri,9,Uttar Pradesh,141,Gautam Buddha Nagar,Deshi,650.0,800,730,price_data (5).csv
2021-05-03,Tomato,1903,Dadri,9,Uttar Pradesh,141,Gautam Buddha Nagar,Hybrid,760.0,900,840,price_data (5).csv
2021-05-03,Tomato,2541,Dankaur,9,Uttar Pradesh,141,Gautam Buddha Nagar,Deshi,800.0,915,850,price_data (5).csv
2021-05-03,Tomato,1903,Dadri,9,Uttar Pradesh,141,Gautam Buddha Nagar,Deshi,700.0,850,780,price_data (5).csv
2021-04-30,Tomato,1903,Dadri,9,Uttar Pradesh,141,Gautam Buddha Nagar,Deshi,670.0,830,750,price_data (5).csv
2021-04-30,Tomato,2541,Dankaur,9,Uttar Pradesh,141,Gautam Buddha Nagar,Deshi,700.0,850,790,price_data (5).csv
2021-04-30,Tomato,1903,Dadri,9,Uttar Pradesh,141,Gautam Buddha Nagar,Hybrid,750.0,900,820,price_data (5).csv
2021-04-29,Tomato,1903,Dadri,9,Uttar Pradesh,141,Gautam Buddha Nagar,Deshi,670.0,830,750,price_data (5).csv
2021-04-29,Tomato,1903,Dadri,9,Uttar Pradesh,141,Gautam Buddha Nagar,Hybrid,750.0,900,820,price_data (5).csv
2021-04-28,Tomato,2541,Dankaur,9,Uttar Pradesh,141,Gautam Buddha Nagar,Deshi,800.0,900,855,price_data (5).csv
2021-04-28,Tomato,1903,Dadri,9,Uttar Pradesh,141,Gautam Buddha Nagar,Deshi,650.0,800,720,price_data (5).csv
2021-04-28,Tomato,1903,Dadri,9,Uttar Pradesh,141,Gautam Buddha Nagar,Hybrid,730.0,880,800,price_data (5).csv
2021-04-27,Tomato,2541,Dankaur,9,Uttar Pradesh,141,Gautam Buddha Nagar,Deshi,755.0,875,800,price_data (5).csv
2021-04-27,Tomato,1903,Dadri,9,Uttar Pradesh,141,Gautam Buddha Nagar,Deshi,670.0,830,750,price_data (5).csv
2021-04-27,Tomato,1903,Dadri,9,Uttar Pradesh,141,Gautam Buddha Nagar,Hybrid,750.0,900,820,price_data (5).csv
2021-04-26,Tomato,2541,Dankaur,9,Uttar Pradesh,141,Gautam Buddha Nagar,Deshi,700.0,815,750,price_data (5).csv
2021-04-26,Tomato,1903,Dadri,9,Uttar Pradesh,141,Gautam Buddha Nagar,Deshi,700.0,830,750,price_data (5).csv
2021-04-26,Tomato,1903,Dadri,9,Uttar Pradesh,141,Gautam Buddha Nagar,Hybrid,750.0,900,820,price_data (5).csv
2021-04-24,Tomato,1903,Dadri,9,Uttar Pradesh,141,Gautam Buddha Nagar,Hybrid,700.0,850,770,price_data (5).csv
2021-04-24,Tomato,1903,Dadri,9,Uttar Pradesh,141,Gautam Buddha Nagar,Deshi,630.0,780,700,price_data (5).csv
2021-04-23,Tomato,1903,Dadri,9,Uttar Pradesh,141,Gautam Buddha Nagar,Deshi,670.0,820,750,price_data (5).csv
2021-04-23,Tomato,1903,Dadri,9,Uttar Pradesh,141,Gautam Buddha Nagar,Hybrid,750.0,880,810,price_data (5).csv
2021-04-22,Tomato,1903,Dadri,9,Uttar Pradesh,141,Gautam Buddha Nagar,Hybrid,730.0,870,800,price_data (5).csv
2021-04-22,Tomato,1903,Dadri,9,Uttar Pradesh,141,Gautam Buddha Nagar,Deshi,680.0,830,750,price_data (5).csv
2021-04-21,Tomato,2541,Dankaur,9,Uttar Pradesh,141,Gautam Buddha Nagar,Deshi,715.0,856,800,price_data (5).csv
2021-04-20,Tomato,1903,Dadri,9,Uttar Pradesh,141,Gautam Buddha Nagar,Hybrid,680.0,830,750,price_data (5).csv
2021-04-20,Tomato,1903,Dadri,9,Uttar Pradesh,141,Gautam Buddha Nagar,Deshi,640.0,760,700,price_data (5).csv
2021-04-20,Tomato,2541,Dankaur,9,Uttar Pradesh,141,Gautam Buddha Nagar,Deshi,700.0,850,750,price_data (5).csv
2021-04-18,Tomato,1903,Dadri,9,Uttar Pradesh,141,Gautam Buddha Nagar,Hybrid,700.0,850,780,price_data (5).csv
2021-04-18,Tomato,1903,Dadri,9,Uttar Pradesh,141,Gautam Buddha Nagar,Deshi,650.0,800,720,price_data (5).csv
2021-04-17,Tomato,1903,Dadri,9,Uttar Pradesh,141,Gautam Buddha Nagar,Hybrid,700.0,850,770,price_data (5).csv
2021-04-17,Tomato,1903,Dadri,9,Uttar Pradesh,141,Gautam Buddha Nagar,Deshi,650.0,780,700,price_data (5).csv
2021-04-16,Tomato,1903,Dadri,9,Uttar Pradesh,141,Gautam Buddha Nagar,Hybrid,700.0,840,770,price_data (5).csv
2021-04-16,Tomato,1903,Dadri,9,Uttar Pradesh,141,Gautam Buddha Nagar,Deshi,630.0,770,700,price_data (5).csv
2021-04-15,Tomato,1903,Dadri,9,Uttar Pradesh,141,Gautam Buddha Nagar,Hybrid,730.0,880,800,price_data (5).csv
2021-04-15,Tomato,1903,Dadri,9,Uttar Pradesh,141,Gautam Buddha Nagar,Deshi,650.0,800,730,price_data (5).csv
2021-04-13,Tomato,1903,Dadri,9,Uttar Pradesh,141,Gautam Buddha Nagar,Deshi,670.0,830,750,price_data (5).csv
2021-04-13,Tomato,1903,Dadri,9,Uttar Pradesh,141,Gautam Buddha Nagar,Hybrid,750.0,900,820,price_data (5).csv
2021-04-10,Tomato,1903,Dadri,9,Uttar Pradesh,141,Gautam Buddha Nagar,Hybrid,750.0,900,830,price_data (5).csv
2021-04-10,Tomato,1903,Dadri,9,Uttar Pradesh,141,Gautam Buddha Nagar,Deshi,670.0,830,750,price_data (5).csv
2021-04-09,Tomato,1903,Dadri,9,Uttar Pradesh,141,Gautam Buddha Nagar,Hybrid,730.0,880,800,price_data (5).csv
2021-04-09,Tomato,1903,Dadri,9,Uttar Pradesh,141,Gautam Buddha Nagar,Deshi,650.0,800,720,price_data (5).csv
2021-04-08,Tomato,1903,Dadri,9,Uttar Pradesh,141,Gautam Buddha Nagar,Deshi,650.0,800,720,price_data (5).csv
2021-04-08,Tomato,1903,Dadri,9,Uttar Pradesh,141,Gautam Buddha Nagar,Hybrid,720.0,870,800,price_data (5).csv
2021-04-06,Tomato,1903,Dadri,9,Uttar Pradesh,141,Gautam Buddha Nagar,Hybrid,750.0,900,830,price_data (5).csv
2021-04-06,Tomato,1903,Dadri,9,Uttar Pradesh,141,Gautam Buddha Nagar,Deshi,670.0,830,750,price_data (5).csv
2021-04-05,Tomato,1903,Dadri,9,Uttar Pradesh,141,Gautam Buddha Nagar,Deshi,670.0,830,750,price_data (5).csv
2021-04-05,Tomato,1903,Dadri,9,Uttar Pradesh,141,Gautam Buddha Nagar,Hybrid,750.0,900,830,price_data (5).csv
2021-04-04,Tomato,1903,Dadri,9,Uttar Pradesh,141,Gautam Buddha Nagar,Hybrid,760.0,910,840,price_data (5).csv
2021-04-04,Tomato,1903,Dadri,9,Uttar Pradesh,141,Gautam Buddha Nagar,Deshi,700.0,830,760,price_data (5).csv
2021-04-02,Tomato,1903,Dadri,9,Uttar Pradesh,141,Gautam Buddha Nagar,Deshi,730.0,880,800,price_data (5).csv
2021-04-02,Tomato,1903,Dadri,9,Uttar Pradesh,141,Gautam Buddha Nagar,Hybrid,800.0,950,880,price_data (5).csv
2021-03-30,Tomato,1903,Dadri,9,Uttar Pradesh,141,Gautam Buddha Nagar,Deshi,830.0,980,900,price_data (5).csv
2021-03-30,Tomato,1903,Dadri,9,Uttar Pradesh,141,Gautam Buddha Nagar,Hybrid,900.0,1080,980,price_data (5).csv
2021-03-28,Tomato,1903,Dadri,9,Uttar Pradesh,141,Gautam Buddha Nagar,Deshi,680.0,830,750,price_data (5).csv
2021-03-28,Tomato,1903,Dadri,9,Uttar Pradesh,141,Gautam Buddha Nagar,Hybrid,730.0,880,800,price_data (5).csv
2021-03-27,Tomato,1903,Dadri,9,Uttar Pradesh,141,Gautam Buddha Nagar,Hybrid,700.0,850,780,price_data (5).csv
2021-03-27,Tomato,1903,Dadri,9,Uttar Pradesh,141,Gautam Buddha Nagar,Deshi,650.0,800,720,price_data (5).csv
2021-03-26,Tomato,1903,Dadri,9,Uttar Pradesh,141,Gautam Buddha Nagar,Hybrid,700.0,850,770,price_data (5).csv
2021-03-26,Tomato,1903,Dadri,9,Uttar Pradesh,141,Gautam Buddha Nagar,Deshi,630.0,770,700,price_data (5).csv
2021-03-25,Tomato,1903,Dadri,9,Uttar Pradesh,141,Gautam Buddha Nagar,Deshi,640.0,790,710,price_data (5).csv
2021-03-25,Tomato,1903,Dadri,9,Uttar Pradesh,141,Gautam Buddha Nagar,Hybrid,700.0,850,780,price_data (5).csv
2021-03-23,Tomato,1903,Dadri,9,Uttar Pradesh,141,Gautam Buddha Nagar,Hybrid,730.0,870,800,price_data (5).csv
2021-03-23,Tomato,1903,Dadri,9,Uttar Pradesh,141,Gautam Buddha Nagar,Deshi,650.0,800,730,price_data (5).csv
2021-03-22,Tomato,1903,Dadri,9,Uttar Pradesh,141,Gautam Buddha Nagar,Deshi,700.0,850,780,price_data (5).csv
2021-03-22,Tomato,1903,Dadri,9,Uttar Pradesh,141,Gautam Buddha Nagar,Hybrid,760.0,900,840,price_data (5).csv
2021-03-21,Tomato,1903,Dadri,9,Uttar Pradesh,141,Gautam Buddha Nagar,Hybrid,770.0,930,850,price_data (5).csv
2021-03-21,Tomato,1903,Dadri,9,Uttar Pradesh,141,Gautam Buddha Nagar,Deshi,700.0,850,780,price_data (5).csv
2021-03-20,Tomato,1903,Dadri,9,Uttar Pradesh,141,Gautam Buddha Nagar,Hybrid,800.0,940,870,price_data (5).csv
2021-03-20,Tomato,1903,Dadri,9,Uttar Pradesh,141,Gautam Buddha Nagar,Deshi,730.0,880,800,price_data (5).csv
2021-03-19,Tomato,1903,Dadri,9,Uttar Pradesh,141,Gautam Buddha Nagar,Deshi,730.0,880,800,price_data (5).csv
2021-03-19,Tomato,1903,Dadri,9,Uttar Pradesh,141,Gautam Buddha Nagar,Hybrid,800.0,940,870,price_data (5).csv
2021-03-18,Tomato,1903,Dadri,9,Uttar Pradesh,141,Gautam Buddha Nagar,Hybrid,750.0,900,820,price_data (5).csv
2021-03-18,Tomato,1903,Dadri,9,Uttar Pradesh,141,Gautam Buddha Nagar,Deshi,680.0,830,750,price_data (5).csv
2021-03-16,Tomato,1903,Dadri,9,Uttar Pradesh,141,Gautam Buddha Nagar,Deshi,750.0,900,830,price_data (5).csv
2021-03-16,Tomato,1903,Dadri,9,Uttar Pradesh,141,Gautam Buddha Nagar,Hybrid,830.0,970,900,price_data (5).csv
2021-03-15,Tomato,1903,Dadri,9,Uttar Pradesh,141,Gautam Buddha Nagar,Deshi,720.0,880,790,price_data (5).csv
2021-03-15,Tomato,1903,Dadri,9,Uttar Pradesh,141,Gautam Buddha Nagar,Hybrid,770.0,920,850,price_data (5).csv
2021-03-14,Tomato,1903,Dadri,9,Uttar Pradesh,141,Gautam Buddha Nagar,Deshi,700.0,840,770,price_data (5).csv
2021-03-14,Tomato,1903,Dadri,9,Uttar Pradesh,141,Gautam Buddha Nagar,Hybrid,750.0,900,830,price_data (5).csv
2021-03-13,Tomato,1903,Dadri,9,Uttar Pradesh,141,Gautam Buddha Nagar,Deshi,670.0,820,750,price_data (5).csv
2021-03-13,Tomato,1903,Dadri,9,Uttar Pradesh,141,Gautam Buddha Nagar,Hybrid,750.0,900,820,price_data (5).csv
2021-03-12,Tomato,1903,Dadri,9,Uttar Pradesh,141,Gautam Buddha Nagar,Hybrid,750.0,880,810,price_data (5).csv
2021-03-12,Tomato,1903,Dadri,9,Uttar Pradesh,141,Gautam Buddha Nagar,Deshi,700.0,830,750,price_data (5).csv
2021-03-11,Tomato,1903,Dadri,9,Uttar Pradesh,141,Gautam Buddha Nagar,Hybrid,780.0,920,850,price_data (5).csv
2021-03-11,Tomato,1903,Dadri,9,Uttar Pradesh,141,Gautam Buddha Nagar,Deshi,700.0,850,780,price_data (5).csv
2021-03-09,Tomato,1903,Dadri,9,Uttar Pradesh,141,Gautam Buddha Nagar,Hybrid,830.0,970,900,price_data (5).csv
2021-03-09,Tomato,1903,Dadri,9,Uttar Pradesh,141,Gautam Buddha Nagar,Deshi,750.0,900,830,price_data (5).csv
2021-03-08,Tomato,1903,Dadri,9,Uttar Pradesh,141,Gautam Buddha Nagar,Deshi,830.0,980,900,price_data (5).csv
2021-03-08,Tomato,1903,Dadri,9,Uttar Pradesh,141,Gautam Buddha Nagar,Hybrid,880.0,1030,960,price_data (5).csv
2021-03-07,Tomato,1903,Dadri,9,Uttar Pradesh,141,Gautam Buddha Nagar,Deshi,850.0,1000,930,price_data (5).csv
2021-03-07,Tomato,1903,Dadri,9,Uttar Pradesh,141,Gautam Buddha Nagar,Hybrid,910.0,1070,990,price_data (5).csv
2021-03-06,Tomato,1903,Dadri,9,Uttar Pradesh,141,Gautam Buddha Nagar,Hybrid,930.0,1080,1000,price_data (5).csv
2021-03-06,Tomato,1903,Dadri,9,Uttar Pradesh,141,Gautam Buddha Nagar,Deshi,850.0,1000,930,price_data (5).csv
2021-03-05,Tomato,1903,Dadri,9,Uttar Pradesh,141,Gautam Buddha Nagar,Deshi,830.0,980,900,price_data (5).csv
2021-03-05,Tomato,1903,Dadri,9,Uttar Pradesh,141,Gautam Buddha Nagar,Hybrid,900.0,1060,980,price_data (5).csv
2021-03-04,Tomato,1903,Dadri,9,Uttar Pradesh,141,Gautam Buddha Nagar,Deshi,830.0,980,900,price_data (5).csv
2021-03-04,Tomato,1903,Dadri,9,Uttar Pradesh,141,Gautam Buddha Nagar,Hybrid,900.0,1060,980,price_data (5).csv
2021-03-02,Tomato,1903,Dadri,9,Uttar Pradesh,141,Gautam Buddha Nagar,Hybrid,850.0,1000,920,price_data (5).csv
2021-03-02,Tomato,1903,Dadri,9,Uttar Pradesh,141,Gautam Buddha Nagar,Deshi,770.0,930,850,price_data (5).csv
2021-02-28,Tomato,1903,Dadri,9,Uttar Pradesh,141,Gautam Buddha Nagar,Hybrid,900.0,1050,970,price_data (5).csv
2021-02-28,Tomato,1903,Dadri,9,Uttar Pradesh,141,Gautam Buddha Nagar,Deshi,830.0,980,900,price_data (5).csv
2021-02-26,Tomato,1903,Dadri,9,Uttar Pradesh,141,Gautam Buddha Nagar,Hybrid,980.0,1130,1050,price_data (5).csv
2021-02-26,Tomato,1903,Dadri,9,Uttar Pradesh,141,Gautam Buddha Nagar,Deshi,930.0,1080,1000,price_data (5).csv
2021-02-25,Tomato,1903,Dadri,9,Uttar Pradesh,141,Gautam Buddha Nagar,Deshi,930.0,1080,1000,price_data (5).csv
2021-02-25,Tomato,1903,Dadri,9,Uttar Pradesh,141,Gautam Buddha Nagar,Hybrid,1000.0,1150,1070,price_data (5).csv
2021-02-23,Tomato,1903,Dadri,9,Uttar Pradesh,141,Gautam Buddha Nagar,Hybrid,1030.0,1180,1100,price_data (5).csv
2021-02-23,Tomato,1903,Dadri,9,Uttar Pradesh,141,Gautam Buddha Nagar,Deshi,960.0,1110,1040,price_data (5).csv
2021-02-22,Tomato,1903,Dadri,9,Uttar Pradesh,141,Gautam Buddha Nagar,Hybrid,1010.0,1170,1090,price_data (5).csv
2021-02-22,Tomato,1903,Dadri,9,Uttar Pradesh,141,Gautam Buddha Nagar,Deshi,950.0,1100,1020,price_data (5).csv
2021-02-21,Tomato,1903,Dadri,9,Uttar Pradesh,141,Gautam Buddha Nagar,Deshi,950.0,1100,1020,price_data (5).csv
2021-02-21,Tomato,1903,Dadri,9,Uttar Pradesh,141,Gautam Buddha Nagar,Hybrid,1010.0,1160,1090,price_data (5).csv
2021-02-20,Tomato,1903,Dadri,9,Uttar Pradesh,141,Gautam Buddha Nagar,Hybrid,1000.0,1150,1070,price_data (5).csv
2021-02-20,Tomato,1903,Dadri,9,Uttar Pradesh,141,Gautam Buddha Nagar,Deshi,930.0,1080,1000,price_data (5).csv
2021-02-19,Tomato,1903,Dadri,9,Uttar Pradesh,141,Gautam Buddha Nagar,Deshi,930.0,1080,1000,price_data (5).csv
2021-02-19,Tomato,1903,Dadri,9,Uttar Pradesh,141,Gautam Buddha Nagar,Hybrid,1000.0,1150,1070,price_data (5).csv
2021-02-18,Tomato,1903,Dadri,9,Uttar Pradesh,141,Gautam Buddha Nagar,Hybrid,1050.0,1200,1130,price_data (5).csv
2021-02-18,Tomato,1903,Dadri,9,Uttar Pradesh,141,Gautam Buddha Nagar,Deshi,1000.0,1150,1070,price_data (5).csv
2021-02-16,Tomato,1903,Dadri,9,Uttar Pradesh,141,Gautam Buddha Nagar,Deshi,950.0,1100,1030,price_data (5).csv
2021-02-16,Tomato,1903,Dadri,9,Uttar Pradesh,141,Gautam Buddha Nagar,Hybrid,1030.0,1180,1100,price_data (5).csv
2021-02-15,Tomato,1903,Dadri,9,Uttar Pradesh,141,Gautam Buddha Nagar,Hybrid,1030.0,1190,1100,price_data (5).csv
2021-02-15,Tomato,1903,Dadri,9,Uttar Pradesh,141,Gautam Buddha Nagar,Deshi,970.0,1100,1030,price_data (5).csv
2021-02-14,Tomato,1903,Dadri,9,Uttar Pradesh,141,Gautam Buddha Nagar,Hybrid,1050.0,1200,1120,price_data (5).csv
2021-02-14,Tomato,1903,Dadri,9,Uttar Pradesh,141,Gautam Buddha Nagar,Deshi,980.0,1130,1050,price_data (5).csv
2021-02-13,Tomato,1903,Dadri,9,Uttar Pradesh,141,Gautam Buddha Nagar,Deshi,970.0,1130,1050,price_data (5).csv
2021-02-13,Tomato,1903,Dadri,9,Uttar Pradesh,141,Gautam Buddha Nagar,Hybrid,1050.0,1200,1120,price_data (5).csv
2021-02-12,Tomato,1903,Dadri,9,Uttar Pradesh,141,Gautam Buddha Nagar,Hybrid,1030.0,1170,1100,price_data (5).csv
2021-02-12,Tomato,1903,Dadri,9,Uttar Pradesh,141,Gautam Buddha Nagar,Deshi,950.0,1100,1030,price_data (5).csv
2021-02-11,Tomato,1903,Dadri,9,Uttar Pradesh,141,Gautam Buddha Nagar,Hybrid,940.0,1190,1110,price_data (5).csv
2021-02-11,Tomato,1903,Dadri,9,Uttar Pradesh,141,Gautam Buddha Nagar,Deshi,970.0,1110,1040,price_data (5).csv
2021-02-09,Tomato,1903,Dadri,9,Uttar Pradesh,141,Gautam Buddha Nagar,Hybrid,940.0,1200,1110,price_data (5).csv
2021-02-09,Tomato,1903,Dadri,9,Uttar Pradesh,141,Gautam Buddha Nagar,Deshi,970.0,1110,1040,price_data (5).csv
2021-02-08,Tomato,1903,Dadri,9,Uttar Pradesh,141,Gautam Buddha Nagar,Hybrid,1050.0,1200,1120,price_data (5).csv
2021-02-08,Tomato,1903,Dadri,9,Uttar Pradesh,141,Gautam Buddha Nagar,Deshi,980.0,1130,1050,price_data (5).csv
2021-02-07,Tomato,1903,Dadri,9,Uttar Pradesh,141,Gautam Buddha Nagar,Hybrid,1050.0,1200,1120,price_data (5).csv
2021-02-07,Tomato,1903,Dadri,9,Uttar Pradesh,141,Gautam Buddha Nagar,Deshi,1000.0,1140,1050,price_data (5).csv
2021-02-06,Tomato,1903,Dadri,9,Uttar Pradesh,141,Gautam Buddha Nagar,Deshi,930.0,1080,1000,price_data (5).csv
2021-02-06,Tomato,1903,Dadri,9,Uttar Pradesh,141,Gautam Buddha Nagar,Hybrid,1000.0,1150,1070,price_data (5).csv
2021-02-06,Tomato,2541,Dankaur,9,Uttar Pradesh,141,Gautam Buddha Nagar,Deshi,1000.0,1120,1040,price_data (5).csv
2021-02-05,Tomato,2541,Dankaur,9,Uttar Pradesh,141,Gautam Buddha Nagar,Deshi,935.0,1020,1000,price_data (5).csv
2021-02-05,Tomato,1903,Dadri,9,Uttar Pradesh,141,Gautam Buddha Nagar,Deshi,930.0,1080,1000,price_data (5).csv
2021-02-05,Tomato,1903,Dadri,9,Uttar Pradesh,141,Gautam Buddha Nagar,Hybrid,1000.0,1150,1070,price_data (5).csv
2021-02-04,Tomato,1903,Dadri,9,Uttar Pradesh,141,Gautam Buddha Nagar,Deshi,900.0,1050,980,price_data (5).csv
2021-02-04,Tomato,1903,Dadri,9,Uttar Pradesh,141,Gautam Buddha Nagar,Hybrid,980.0,1120,1050,price_data (5).csv
2021-02-03,Tomato,2541,Dankaur,9,Uttar Pradesh,141,Gautam Buddha Nagar,Deshi,1010.0,1100,1044,price_data (5).csv
2021-02-02,Tomato,2541,Dankaur,9,Uttar Pradesh,141,Gautam Buddha Nagar,Deshi,1020.0,1100,1070,price_data (5).csv
2021-02-02,Tomato,1903,Dadri,9,Uttar Pradesh,141,Gautam Buddha Nagar,Deshi,900.0,1050,980,price_data (5).csv
2021-02-02,Tomato,1903,Dadri,9,Uttar Pradesh,141,Gautam Buddha Nagar,Hybrid,980.0,1130,1050,price_data (5).csv
2021-02-01,Tomato,2541,Dankaur,9,Uttar Pradesh,141,Gautam Buddha Nagar,Deshi,1000.0,1100,1030,price_data (5).csv
2021-01-31,Tomato,1903,Dadri,9,Uttar Pradesh,141,Gautam Buddha Nagar,Deshi,930.0,1070,1000,price_data (5).csv
2021-01-31,Tomato,1903,Dadri,9,Uttar Pradesh,141,Gautam Buddha Nagar,Hybrid,1000.0,1150,1070,price_data (5).csv
2021-01-31,Tomato,2541,Dankaur,9,Uttar Pradesh,141,Gautam Buddha Nagar,Deshi,950.0,1060,1000,price_data (5).csv
2021-01-30,Tomato,1903,Dadri,9,Uttar Pradesh,141,Gautam Buddha Nagar,Hybrid,1000.0,1150,1070,price_data (5).csv
2021-01-30,Tomato,1903,Dadri,9,Uttar Pradesh,141,Gautam Buddha Nagar,Deshi,930.0,1080,1000,price_data (5).csv
2021-01-30,Tomato,2541,Dankaur,9,Uttar Pradesh,141,Gautam Buddha Nagar,Deshi,1000.0,1100,1030,price_data (5).csv
2021-01-29,Tomato,1903,Dadri,9,Uttar Pradesh,141,Gautam Buddha Nagar,Hybrid,1000.0,1150,1080,price_data (5).csv
2021-01-29,Tomato,1903,Dadri,9,Uttar Pradesh,141,Gautam Buddha Nagar,Deshi,940.0,1080,1010,price_data (5).csv
2021-01-29,Tomato,2541,Dankaur,9,Uttar Pradesh,141,Gautam Buddha Nagar,Deshi,940.0,1050,1000,price_data (5).csv
2021-01-28,Tomato,1903,Dadri,9,Uttar Pradesh,141,Gautam Buddha Nagar,Hybrid,1000.0,1150,1080,price_data (5).csv
2021-01-28,Tomato,1903,Dadri,9,Uttar Pradesh,141,Gautam Buddha Nagar,Deshi,940.0,1090,1010,price_data (5).csv
2021-01-27,Tomato,2541,Dankaur,9,Uttar Pradesh,141,Gautam Buddha Nagar,Deshi,1100.0,1200,1156,price_data (5).csv
2021-01-26,Tomato,1903,Dadri,9,Uttar Pradesh,141,Gautam Buddha Nagar,Hybrid,1000.0,1150,1070,price_data (5).csv
2021-01-26,Tomato,1903,Dadri,9,Uttar Pradesh,141,Gautam Buddha Nagar,Deshi,930.0,1070,1000,price_data (5).csv
2021-01-25,Tomato,2541,Dankaur,9,Uttar Pradesh,141,Gautam Buddha Nagar,Deshi,1100.0,1180,1120,price_data (5).csv
2021-01-25,Tomato,1903,Dadri,9,Uttar Pradesh,141,Gautam Buddha Nagar,Hybrid,1000.0,1150,1070,price_data (5).csv
2021-01-25,Tomato,1903,Dadri,9,Uttar Pradesh,141,Gautam Buddha Nagar,Deshi,930.0,1080,1000,price_data (5).csv
2021-01-24,Tomato,1903,Dadri,9,Uttar Pradesh,141,Gautam Buddha Nagar,Deshi,980.0,1120,1050,price_data (5).csv
2021-01-24,Tomato,1903,Dadri,9,Uttar Pradesh,141,Gautam Buddha Nagar,Hybrid,1050.0,1200,1130,price_data (5).csv
2021-01-23,Tomato,2541,Dankaur,9,Uttar Pradesh,141,Gautam Buddha Nagar,Deshi,1105.0,1235,1150,price_data (5).csv
2021-01-23,Tomato,1903,Dadri,9,Uttar Pradesh,141,Gautam Buddha Nagar,Hybrid,1030.0,1180,1100,price_data (5).csv
2021-01-23,Tomato,1903,Dadri,9,Uttar Pradesh,141,Gautam Buddha Nagar,Deshi,970.0,1100,1030,price_data (5).csv
2021-01-22,Tomato,1903,Dadri,9,Uttar Pradesh,141,Gautam Buddha Nagar,Hybrid,1030.0,1170,1100,price_data (5).csv
2021-01-22,Tomato,2541,Dankaur,9,Uttar Pradesh,141,Gautam Buddha Nagar,Deshi,1100.0,1200,1130,price_data (5).csv
2021-01-22,Tomato,1903,Dadri,9,Uttar Pradesh,141,Gautam Buddha Nagar,Deshi,980.0,1100,1030,price_data (5).csv
2021-01-21,Tomato,1903,Dadri,9,Uttar Pradesh,141,Gautam Buddha Nagar,Deshi,1030.0,1170,1100,price_data (5).csv
2021-01-21,Tomato,1903,Dadri,9,Uttar Pradesh,141,Gautam Buddha Nagar,Hybrid,1100.0,1250,1180,price_data (5).csv
2021-01-20,Tomato,2541,Dankaur,9,Uttar Pradesh,141,Gautam Buddha Nagar,Deshi,1200.0,1300,1260,price_data (5).csv
2021-01-19,Tomato,2541,Dankaur,9,Uttar Pradesh,141,Gautam Buddha Nagar,Deshi,1207.0,1300,1250,price_data (5).csv
2021-01-19,Tomato,1903,Dadri,9,Uttar Pradesh,141,Gautam Buddha Nagar,Hybrid,1030.0,1170,1100,price_data (5).csv
2021-01-19,Tomato,1903,Dadri,9,Uttar Pradesh,141,Gautam Buddha Nagar,Deshi,980.0,1130,1050,price_data (5).csv
2021-01-18,Tomato,1903,Dadri,9,Uttar Pradesh,141,Gautam Buddha Nagar,Deshi,980.0,1120,1050,price_data (5).csv
2021-01-18,Tomato,1903,Dadri,9,Uttar Pradesh,141,Gautam Buddha Nagar,Hybrid,1030.0,1180,1100,price_data (5).csv
2021-01-18,Tomato,2541,Dankaur,9,Uttar Pradesh,141,Gautam Buddha Nagar,Deshi,1200.0,1250,1230,price_data (5).csv
2021-01-17,Tomato,1903,Dadri,9,Uttar Pradesh,141,Gautam Buddha Nagar,Deshi,930.0,1070,1000,price_data (5).csv
2021-01-17,Tomato,2541,Dankaur,9,Uttar Pradesh,141,Gautam Buddha Nagar,Deshi,1200.0,1300,1255,price_data (5).csv
2021-01-17,Tomato,1903,Dadri,9,Uttar Pradesh,141,Gautam Buddha Nagar,Hybrid,1000.0,1150,1070,price_data (5).csv
2021-01-16,Tomato,2541,Dankaur,9,Uttar Pradesh,141,Gautam Buddha Nagar,Deshi,1231.0,1325,1265,price_data (5).csv
2021-01-16,Tomato,1903,Dadri,9,Uttar Pradesh,141,Gautam Buddha Nagar,Hybrid,1050.0,1200,1130,price_data (5).csv
2021-01-16,Tomato,1903,Dadri,9,Uttar Pradesh,141,Gautam Buddha Nagar,Deshi,1000.0,1140,1080,price_data (5).csv
2021-01-15,Tomato,2541,Dankaur,9,Uttar Pradesh,141,Gautam Buddha Nagar,Deshi,1145.0,1256,1200,price_data (5).csv
2021-01-15,Tomato,1903,Dadri,9,Uttar Pradesh,141,Gautam Buddha Nagar,Hybrid,1230.0,1380,1300,price_data (5).csv
2021-01-15,Tomato,1903,Dadri,9,Uttar Pradesh,141,Gautam Buddha Nagar,Deshi,1160.0,1300,1230,price_data (5).csv
2021-01-14,Tomato,1903,Dadri,9,Uttar Pradesh,141,Gautam Buddha Nagar,Deshi,1230.0,1380,1300,price_data (5).csv
2021-01-14,Tomato,1903,Dadri,9,Uttar Pradesh,141,Gautam Buddha Nagar,Hybrid,1300.0,1450,1370,price_data (5).csv
2021-01-13,Tomato,2541,Dankaur,9,Uttar Pradesh,141,Gautam Buddha Nagar,Deshi,1400.0,1500,1452,price_data (5).csv
2021-01-12,Tomato,2541,Dankaur,9,Uttar Pradesh,141,Gautam Buddha Nagar,Deshi,1352.0,1460,1400,price_data (5).csv
2021-01-12,Tomato,1903,Dadri,9,Uttar Pradesh,141,Gautam Buddha Nagar,Deshi,1320.0,1450,1380,price_data (5).csv
2021-01-12,Tomato,1903,Dadri,9,Uttar Pradesh,141,Gautam Buddha Nagar,Hybrid,1380.0,1530,1450,price_data (5).csv
2021-01-11,Tomato,1903,Dadri,9,Uttar Pradesh,141,Gautam Buddha Nagar,Hybrid,1380.0,1520,1450,price_data (5).csv
2021-01-11,Tomato,2541,Dankaur,9,Uttar Pradesh,141,Gautam Buddha Nagar,Deshi,1500.0,1600,1520,price_data (5).csv
2021-01-11,Tomato,1903,Dadri,9,Uttar Pradesh,141,Gautam Buddha Nagar,Deshi,1300.0,1450,1380,price_data (5).csv
2021-01-10,Tomato,2541,Dankaur,9,Uttar Pradesh,141,Gautam Buddha Nagar,Deshi,1500.0,1623,1572,price_data (5).csv
2021-01-10,Tomato,1903,Dadri,9,Uttar Pradesh,141,Gautam Buddha Nagar,Hybrid,1510.0,1650,1580,price_data (5).csv
2021-01-10,Tomato,1903,Dadri,9,Uttar Pradesh,141,Gautam Buddha Nagar,Deshi,1450.0,1600,1520,price_data (5).csv
2021-01-09,Tomato,1903,Dadri,9,Uttar Pradesh,141,Gautam Buddha Nagar,Deshi,1430.0,1570,1500,price_data (5).csv
2021-01-09,Tomato,1903,Dadri,9,Uttar Pradesh,141,Gautam Buddha Nagar,Hybrid,1500.0,1650,1570,price_data (5).csv
2021-01-09,Tomato,2541,Dankaur,9,Uttar Pradesh,141,Gautam Buddha Nagar,Deshi,1500.0,1600,1520,price_data (5).csv
2021-01-08,Tomato,1903,Dadri,9,Uttar Pradesh,141,Gautam Buddha Nagar,Hybrid,1500.0,1650,1570,price_data (5).csv
2021-01-08,Tomato,1903,Dadri,9,Uttar Pradesh,141,Gautam Buddha Nagar,Deshi,1430.0,1570,1500,price_data (5).csv
2021-01-08,Tomato,2541,Dankaur,9,Uttar Pradesh,141,Gautam Buddha Nagar,Deshi,1520.0,1633,1582,price_data (5).csv
2021-01-07,Tomato,1903,Dadri,9,Uttar Pradesh,141,Gautam Buddha Nagar,Hybrid,1550.0,1700,1620,price_data (5).csv
2021-01-07,Tomato,1903,Dadri,9,Uttar Pradesh,141,Gautam Buddha Nagar,Deshi,1480.0,1630,1550,price_data (5).csv
2021-01-06,Tomato,2541,Dankaur,9,Uttar Pradesh,141,Gautam Buddha Nagar,Deshi,1400.0,1520,1462,price_data (5).csv
2021-01-05,Tomato,1903,Dadri,9,Uttar Pradesh,141,Gautam Buddha Nagar,Hybrid,1550.0,1700,1620,price_data (5).csv
2021-01-05,Tomato,2541,Dankaur,9,Uttar Pradesh,141,Gautam Buddha Nagar,Deshi,1407.0,1511,1452,price_data (5).csv
2021-01-05,Tomato,1903,Dadri,9,Uttar Pradesh,141,Gautam Buddha Nagar,Deshi,1480.0,1640,1550,price_data (5).csv
2021-01-04,Tomato,1903,Dadri,9,Uttar Pradesh,141,Gautam Buddha Nagar,Deshi,1400.0,1550,1480,price_data (5).csv
2021-01-04,Tomato,1903,Dadri,9,Uttar Pradesh,141,Gautam Buddha Nagar,Hybrid,1480.0,1630,1550,price_data (5).csv
2021-01-03,Tomato,2541,Dankaur,9,Uttar Pradesh,141,Gautam Buddha Nagar,Deshi,1500.0,1600,1523,price_data (5).csv
2021-01-03,Tomato,1903,Dadri,9,Uttar Pradesh,141,Gautam Buddha Nagar,Deshi,1380.0,1530,1450,price_data (5).csv
2021-01-03,Tomato,1903,Dadri,9,Uttar Pradesh,141,Gautam Buddha Nagar,Hybrid,1450.0,1600,1520,price_data (5).csv
2021-01-02,Tomato,2541,Dankaur,9,Uttar Pradesh,141,Gautam Buddha Nagar,Deshi,1425.0,1565,1500,price_data (5).csv
2021-01-01,Tomato,2541,Dankaur,9,Uttar Pradesh,141,Gautam Buddha Nagar,Deshi,1507.0,1611,1527,price_data (5).csv
2022-12-31,Tomato,1903,Dadri,9,Uttar Pradesh,141,Gautam Buddha Nagar,Hybrid,1200.0,1400,1300,price_data.csv
2022-12-31,Tomato,1903,Dadri,9,Uttar Pradesh,141,Gautam Buddha Nagar,Deshi,1150.0,1300,1230,price_data.csv
2022-12-29,Tomato,1903,Dadri,9,Uttar Pradesh,141,Gautam Buddha Nagar,Deshi,1140.0,1350,1240,price_data.csv
2022-12-29,Tomato,1903,Dadri,9,Uttar Pradesh,141,Gautam Buddha Nagar,Hybrid,1220.0,1420,1320,price_data.csv
2022-12-27,Tomato,1903,Dadri,9,Uttar Pradesh,141,Gautam Buddha Nagar,Deshi,1120.0,1320,1220,price_data.csv
2022-12-27,Tomato,1903,Dadri,9,Uttar Pradesh,141,Gautam Buddha Nagar,Hybrid,1200.0,1400,1300,price_data.csv
2022-12-25,Tomato,1903,Dadri,9,Uttar Pradesh,141,Gautam Buddha Nagar,Hybrid,1250.0,1400,1320,price_data.csv
2022-12-25,Tomato,1903,Dadri,9,Uttar Pradesh,141,Gautam Buddha Nagar,Deshi,1150.0,1350,1250,price_data.csv
2022-12-24,Tomato,1903,Dadri,9,Uttar Pradesh,141,Gautam Buddha Nagar,Deshi,1150.0,1350,1250,price_data.csv
2022-12-24,Tomato,1903,Dadri,9,Uttar Pradesh,141,Gautam Buddha Nagar,Hybrid,1220.0,1420,1320,price_data.csv
2022-12-23,Tomato,1903,Dadri,9,Uttar Pradesh,141,Gautam Buddha Nagar,Deshi,1130.0,1330,1230,price_data.csv
2022-12-23,Tomato,1903,Dadri,9,Uttar Pradesh,141,Gautam Buddha Nagar,Hybrid,1200.0,1400,1300,price_data.csv
2022-12-22,Tomato,1903,Dadri,9,Uttar Pradesh,141,Gautam Buddha Nagar,Hybrid,1220.0,1400,1320,price_data.csv
2022-12-22,Tomato,1903,Dadri,9,Uttar Pradesh,141,Gautam Buddha Nagar,Deshi,1150.0,1350,1250,price_data.csv
2022-12-20,Tomato,1903,Dadri,9,Uttar Pradesh,141,Gautam Buddha Nagar,Hybrid,1220.0,1420,1320,price_data.csv
2022-12-20,Tomato,1903,Dadri,9,Uttar Pradesh,141,Gautam Buddha Nagar,Deshi,1150.0,1350,1250,price_data.csv
2022-12-17,Tomato,1903,Dadri,9,Uttar Pradesh,141,Gautam Buddha Nagar,Deshi,1100.0,1300,1200,price_data.csv
2022-12-17,Tomato,1903,Dadri,9,Uttar Pradesh,141,Gautam Buddha Nagar,Hybrid,1180.0,1350,1270,price_data.csv
2022-12-16,Tomato,1903,Dadri,9,Uttar Pradesh,141,Gautam Buddha Nagar,Hybrid,1200.0,1400,1300,price_data.csv
2022-12-16,Tomato,1903,Dadri,9,Uttar Pradesh,141,Gautam Buddha Nagar,Deshi,1150.0,1300,1230,price_data.csv
2022-12-15,Tomato,1903,Dadri,9,Uttar Pradesh,141,Gautam Buddha Nagar,Deshi,1150.0,1300,1230,price_data.csv
2022-12-15,Tomato,1903,Dadri,9,Uttar Pradesh,141,Gautam Buddha Nagar,Hybrid,1200.0,1400,1300,price_data.csv
2022-12-13,Tomato,1903,Dadri,9,Uttar Pradesh,141,Gautam Buddha Nagar,Deshi,1150.0,1350,1250,price_data.csv
2022-12-13,Tomato,1903,Dadri,9,Uttar Pradesh,141,Gautam Buddha Nagar,Hybrid,1220.0,1420,1320,price_data.csv
2022-12-12,Tomato,1903,Dadri,9,Uttar Pradesh,141,Gautam Buddha Nagar,Hybrid,1200.0,1400,1300,price_data.csv
2022-12-12,Tomato,1903,Dadri,9,Uttar Pradesh,141,Gautam Buddha Nagar,Deshi,1150.0,1300,1230,price_data.csv
2022-12-09,Tomato,1903,Dadri,9,Uttar Pradesh,141,Gautam Buddha Nagar,Hybrid,1240.0,1400,1320,price_data.csv
2022-12-09,Tomato,1903,Dadri,9,Uttar Pradesh,141,Gautam Buddha Nagar,Deshi,1170.0,1330,1250,price_data.csv
2022-12-08,Tomato,1903,Dadri,9,Uttar Pradesh,141,Gautam Buddha Nagar,Deshi,1200.0,1380,1280,price_data.csv
2022-12-08,Tomato,1903,Dadri,9,Uttar Pradesh,141,Gautam Buddha Nagar,Hybrid,1280.0,1450,1360,price_data.csv
2022-12-06,Tomato,1903,Dadri,9,Uttar Pradesh,141,Gautam Buddha Nagar,Deshi,1200.0,1370,1270,price_data.csv
2022-12-06,Tomato,1903,Dadri,9,Uttar Pradesh,141,Gautam Buddha Nagar,Hybrid,1250.0,1450,1350,price_data.csv
2022-12-05,Tomato,1903,Dadri,9,Uttar Pradesh,141,Gautam Buddha Nagar,Deshi,1170.0,1350,1270,price_data.csv
2022-12-05,Tomato,1903,Dadri,9,Uttar Pradesh,141,Gautam Buddha Nagar,Hybrid,1250.0,1450,1350,price_data.csv
2022-12-03,Tomato,1903,Dadri,9,Uttar Pradesh,141,Gautam Buddha Nagar,Deshi,1200.0,1400,1300,price_data.csv
2022-12-03,Tomato,1903,Dadri,9,Uttar Pradesh,141,Gautam Buddha Nagar,Hybrid,1280.0,1450,1370,price_data.csv
2022-11-29,Tomato,1903,Dadri,9,Uttar Pradesh,141,Gautam Buddha Nagar,Hybrid,1390.0,1550,1470,price_data.csv
2022-11-29,Tomato,1903,Dadri,9,Uttar Pradesh,141,Gautam Buddha Nagar,Deshi,1300.0,1500,1400,price_data.csv
2022-11-28,Tomato,1903,Dadri,9,Uttar Pradesh,141,Gautam Buddha Nagar,Hybrid,1380.0,1550,1470,price_data.csv
2022-11-28,Tomato,1903,Dadri,9,Uttar Pradesh,141,Gautam Buddha Nagar,Deshi,1300.0,1500,1400,price_data.csv
2022-11-27,Tomato,1903,Dadri,9,Uttar Pradesh,141,Gautam Buddha Nagar,Hybrid,1450.0,1650,1550,price_data.csv
2022-11-27,Tomato,1903,Dadri,9,Uttar Pradesh,141,Gautam Buddha Nagar,Deshi,1380.0,1550,1470,price_data.csv
2022-11-26,Tomato,1903,Dadri,9,Uttar Pradesh,141,Gautam Buddha Nagar,Hybrid,1420.0,1620,1520,price_data.csv
2022-11-26,Tomato,1903,Dadri,9,Uttar Pradesh,141,Gautam Buddha Nagar,Deshi,1350.0,1550,1450,price_data.csv
2022-11-25,Tomato,1903,Dadri,9,Uttar Pradesh,141,Gautam Buddha Nagar,Hybrid,1440.0,1600,1520,price_data.csv
2022-11-25,Tomato,1903,Dadri,9,Uttar Pradesh,141,Gautam Buddha Nagar,Deshi,1350.0,1550,1450,price_data.csv
2022-11-24,Tomato,1903,Dadri,9,Uttar Pradesh,141,Gautam Buddha Nagar,Deshi,1300.0,1480,1400,price_data.csv
2022-11-24,Tomato,1903,Dadri,9,Uttar Pradesh,141,Gautam Buddha Nagar,Hybrid,1400.0,1550,1470,price_data.csv
2022-11-22,Tomato,1903,Dadri,9,Uttar Pradesh,141,Gautam Buddha Nagar,Hybrid,1500.0,1650,1570,price_data.csv
2022-11-22,Tomato,1903,Dadri,9,Uttar Pradesh,141,Gautam Buddha Nagar,Deshi,1400.0,1600,1500,price_data.csv
2022-11-21,Tomato,1903,Dadri,9,Uttar Pradesh,141,Gautam Buddha Nagar,Deshi,1570.0,1750,1670,price_data.csv
2022-11-21,Tomato,1903,Dadri,9,Uttar Pradesh,141,Gautam Buddha Nagar,Hybrid,1650.0,1800,1730,price_data.csv
2022-11-20,Tomato,1903,Dadri,9,Uttar Pradesh,141,Gautam Buddha Nagar,Deshi,1600.0,1800,1700,price_data.csv
2022-11-20,Tomato,1903,Dadri,9,Uttar Pradesh,141,Gautam Buddha Nagar,Hybrid,1690.0,1850,1770,price_data.csv
2022-11-19,Tomato,1903,Dadri,9,Uttar Pradesh,141,Gautam Buddha Nagar,Deshi,1650.0,1800,1730,price_data.csv
2022-11-19,Tomato,1903,Dadri,9,Uttar Pradesh,141,Gautam Buddha Nagar,Hybrid,1720.0,1900,1800,price_data.csv
2022-11-18,Tomato,1903,Dadri,9,Uttar Pradesh,141,Gautam Buddha Nagar,Hybrid,1680.0,1850,1770,price_data.csv
2022-11-18,Tomato,1903,Dadri,9,Uttar Pradesh,141,Gautam Buddha Nagar,Deshi,1600.0,1800,1700,price_data.csv
2022-11-17,Tomato,1903,Dadri,9,Uttar Pradesh,141,Gautam Buddha Nagar,Hybrid,1680.0,1850,1770,price_data.csv
2022-11-17,Tomato,1903,Dadri,9,Uttar Pradesh,141,Gautam Buddha Nagar,Deshi,1600.0,1800,1700,price_data.csv
2022-11-15,Tomato,1903,Dadri,9,Uttar Pradesh,141,Gautam Buddha Nagar,Deshi,1950.0,2130,2050,price_data.csv
2022-11-15,Tomato,1903,Dadri,9,Uttar Pradesh,141,Gautam Buddha Nagar,Hybrid,2000.0,2200,2100,price_data.csv
2022-11-14,Tomato,1903,Dadri,9,Uttar Pradesh,141,Gautam Buddha Nagar,Hybrid,2000.0,2150,2070,price_data.csv
2022-11-14,Tomato,1903,Dadri,9,Uttar Pradesh,141,Gautam Buddha Nagar,Deshi,1900.0,2100,2000,price_data.csv
2022-11-13,Tomato,1903,Dadri,9,Uttar Pradesh,141,Gautam Buddha Nagar,Deshi,1920.0,2100,2000,price_data.csv
2022-11-13,Tomato,1903,Dadri,9,Uttar Pradesh,141,Gautam Buddha Nagar,Hybrid,2000.0,2150,2070,price_data.csv
2022-11-12,Tomato,1903,Dadri,9,Uttar Pradesh,141,Gautam Buddha Nagar,Deshi,2000.0,2200,2100,price_data.csv
2022-11-12,Tomato,1903,Dadri,9,Uttar Pradesh,141,Gautam Buddha Nagar,Hybrid,2100.0,2250,2170,price_data.csv
2022-11-11,Tomato,1903,Dadri,9,Uttar Pradesh,141,Gautam Buddha Nagar,Hybrid,2200.0,2350,2270,price_data.csv
2022-11-11,Tomato,1903,Dadri,9,Uttar Pradesh,141,Gautam Buddha Nagar,Deshi,2100.0,2309,2200,price_data.csv
2022-11-10,Tomato,1903,Dadri,9,Uttar Pradesh,141,Gautam Buddha Nagar,Deshi,2150.0,2300,2230,price_data.csv
2022-11-10,Tomato,1903,Dadri,9,Uttar Pradesh,141,Gautam Buddha Nagar,Hybrid,2200.0,2400,2300,price_data.csv
2022-11-08,Tomato,1903,Dadri,9,Uttar Pradesh,141,Gautam Buddha Nagar,Deshi,2100.0,2300,2200,price_data.csv
2022-11-08,Tomato,1903,Dadri,9,Uttar Pradesh,141,Gautam Buddha Nagar,Hybrid,2200.0,2350,2270,price_data.csv
2022-11-07,Tomato,1903,Dadri,9,Uttar Pradesh,141,Gautam Buddha Nagar,Hybrid,2400.0,2550,2470,price_data.csv
2022-11-07,Tomato,1903,Dadri,9,Uttar Pradesh,141,Gautam Buddha Nagar,Deshi,2300.0,2500,2400,price_data.csv
2022-11-06,Tomato,1903,Dadri,9,Uttar Pradesh,141,Gautam Buddha Nagar,Hybrid,2430.0,2600,2520,price_data.csv
2022-11-06,Tomato,1903,Dadri,9,Uttar Pradesh,141,Gautam Buddha Nagar,Deshi,2350.0,2550,2450,price_data.csv
2022-11-05,Tomato,1903,Dadri,9,Uttar Pradesh,141,Gautam Buddha Nagar,Hybrid,2350.0,2550,2450,price_data.csv
2022-11-05,Tomato,1903,Dadri,9,Uttar Pradesh,141,Gautam Buddha Nagar,Deshi,2270.0,2450,2370,price_data.csv
2022-11-04,Tomato,1903,Dadri,9,Uttar Pradesh,141,Gautam Buddha Nagar,Deshi,1800.0,2000,1900,price_data.csv
2022-11-04,Tomato,1903,Dadri,9,Uttar Pradesh,141,Gautam Buddha Nagar,Hybrid,1900.0,2050,1970,price_data.csv
2022-10-31,Tomato,1903,Dadri,9,Uttar Pradesh,141,Gautam Buddha Nagar,Deshi,2300.0,2500,2400,price_data.csv
2022-10-31,Tomato,1903,Dadri,9,Uttar Pradesh,141,Gautam Buddha Nagar,Hybrid,2400.0,2550,2470,price_data.csv
2022-10-30,Tomato,1903,Dadri,9,Uttar Pradesh,141,Gautam Buddha Nagar,Deshi,2350.0,2550,2450,price_data.csv
2022-10-30,Tomato,1903,Dadri,9,Uttar Pradesh,141,Gautam Buddha Nagar,Hybrid,2440.0,2600,2520,price_data.csv
2022-10-29,Tomato,1903,Dadri,9,Uttar Pradesh,141,Gautam Buddha Nagar,Deshi,2400.0,2600,2500,price_data.csv
2022-10-29,Tomato,1903,Dadri,9,Uttar Pradesh,141,Gautam Buddha Nagar,Hybrid,2500.0,2680,2580,price_data.csv
2022-10-28,Tomato,1903,Dadri,9,Uttar Pradesh,141,Gautam Buddha Nagar,Deshi,2750.0,2950,2850,price_data.csv
2022-10-28,Tomato,1903,Dadri,9,Uttar Pradesh,141,Gautam Buddha Nagar,Hybrid,2830.0,3030,2930,price_data.csv
2022-10-27,Tomato,1903,Dadri,9,Uttar Pradesh,141,Gautam Buddha Nagar,Deshi,2800.0,3000,2900,price_data.csv
2022-10-27,Tomato,1903,Dadri,9,Uttar Pradesh,141,Gautam Buddha Nagar,Hybrid,2870.0,3070,2970,price_data.csv
2022-10-25,Tomato,1903,Dadri,9,Uttar Pradesh,141,Gautam Buddha Nagar,Hybrid,2870.0,3070,2970,price_data.csv
2022-10-25,Tomato,1903,Dadri,9,Uttar Pradesh,141,Gautam Buddha Nagar,Deshi,2800.0,3000,2900,price_data.csv
2022-10-24,Tomato,1903,Dadri,9,Uttar Pradesh,141,Gautam Buddha Nagar,Hybrid,2900.0,3100,3000,price_data.csv
2022-10-24,Tomato,1903,Dadri,9,Uttar Pradesh,141,Gautam Buddha Nagar,Deshi,2850.0,3000,2930,price_data.csv
2022-10-23,Tomato,1903,Dadri,9,Uttar Pradesh,141,Gautam Buddha Nagar,Hybrid,2900.0,3100,3000,price_data.csv
2022-10-23,Tomato,1903,Dadri,9,Uttar Pradesh,141,Gautam Buddha Nagar,Deshi,2850.0,3000,2930,price_data.csv
2022-10-22,Tomato,1903,Dadri,9,Uttar Pradesh,141,Gautam Buddha Nagar,Deshi,2800.0,3000,2900,price_data.csv
2022-10-22,Tomato,1903,Dadri,9,Uttar Pradesh,141,Gautam Buddha Nagar,Hybrid,2900.0,3050,2970,price_data.csv
2022-10-21,Tomato,1903,Dadri,9,Uttar Pradesh,141,Gautam Buddha Nagar,Hybrid,2900.0,3050,2970,price_data.csv
2022-10-21,Tomato,1903,Dadri,9,Uttar Pradesh,141,Gautam Buddha Nagar,Deshi,2800.0,3000,2900,price_data.csv
2022-10-20,Tomato,1903,Dadri,9,Uttar Pradesh,141,Gautam Buddha Nagar,Hybrid,2850.0,3000,2930,price_data.csv
2022-10-20,Tomato,1903,Dadri,9,Uttar Pradesh,141,Gautam Buddha Nagar,Deshi,2750.0,2950,2850,price_data.csv
2022-10-19,Tomato,2541,Dankaur,9,Uttar Pradesh,141,Gautam Buddha Nagar,Deshi,2600.0,2855,2700,price_data.csv
2022-10-18,Tomato,1903,Dadri,9,Uttar Pradesh,141,Gautam Buddha Nagar,Deshi,2800.0,3000,2900,price_data.csv
2022-10-18,Tomato,1903,Dadri,9,Uttar Pradesh,141,Gautam Buddha Nagar,Hybrid,2900.0,3080,2980,price_data.csv
2022-10-17,Tomato,1903,Dadri,9,Uttar Pradesh,141,Gautam Buddha Nagar,Hybrid,2830.0,3000,2930,price_data.csv
2022-10-17,Tomato,1903,Dadri,9,Uttar Pradesh,141,Gautam Buddha Nagar,Deshi,2770.0,2970,2870,price_data.csv
2022-10-17,Tomato,2541,Dankaur,9,Uttar Pradesh,141,Gautam Buddha Nagar,Deshi,2600.0,2800,2700,price_data.csv
2022-10-16,Tomato,2541,Dankaur,9,Uttar Pradesh,141,Gautam Buddha Nagar,Deshi,2655.0,2855,2755,price_data.csv
2022-10-16,Tomato,1903,Dadri,9,Uttar Pradesh,141,Gautam Buddha Nagar,Hybrid,2770.0,2980,2870,price_data.csv
2022-10-16,Tomato,1903,Dadri,9,Uttar Pradesh,141,Gautam Buddha Nagar,Deshi,2700.0,2900,2800,price_data.csv
2022-10-15,Tomato,1903,Dadri,9,Uttar Pradesh,141,Gautam Buddha Nagar,Deshi,2650.0,2850,2750,price_data.csv
2022-10-15,Tomato,1903,Dadri,9,Uttar Pradesh,141,Gautam Buddha Nagar,Hybrid,2720.0,2900,2810,price_data.csv
2022-10-15,Tomato,2541,Dankaur,9,Uttar Pradesh,141,Gautam Buddha Nagar,Deshi,2600.0,2855,2745,price_data.csv
2022-10-14,Tomato,2541,Dankaur,9,Uttar Pradesh,141,Gautam Buddha Nagar,Deshi,2600.0,2855,2700,price_data.csv
2022-10-14,Tomato,1903,Dadri,9,Uttar Pradesh,141,Gautam Buddha Nagar,Deshi,2650.0,2850,2750,price_data.csv
2022-10-14,Tomato,1903,Dadri,9,Uttar Pradesh,141,Gautam Buddha Nagar,Hybrid,2710.0,2900,2810,price_data.csv
2022-10-13,Tomato,1903,Dadri,9,Uttar Pradesh,141,Gautam Buddha Nagar,Deshi,2700.0,2880,2780,price_data.csv
2022-10-13,Tomato,1903,Dadri,9,Uttar Pradesh,141,Gautam Buddha Nagar,Hybrid,2750.0,2920,2830,price_data.csv
2022-10-12,Tomato,2541,Dankaur,9,Uttar Pradesh,141,Gautam Buddha Nagar,Deshi,2400.0,2650,2500,price_data.csv
2022-10-11,Tomato,1903,Dadri,9,Uttar Pradesh,141,Gautam Buddha Nagar,Hybrid,2570.0,2770,2670,price_data.csv
2022-10-11,Tomato,2541,Dankaur,9,Uttar Pradesh,141,Gautam Buddha Nagar,Deshi,2300.0,2655,2545,price_data.csv
2022-10-11,Tomato,1903,Dadri,9,Uttar Pradesh,141,Gautam Buddha Nagar,Deshi,2500.0,2700,2600,price_data.csv
2022-10-10,Tomato,1903,Dadri,9,Uttar Pradesh,141,Gautam Buddha Nagar,Deshi,2500.0,2700,2600,price_data.csv
2022-10-10,Tomato,2541,Dankaur,9,Uttar Pradesh,141,Gautam Buddha Nagar,Deshi,2400.0,2600,2500,price_data.csv
2022-10-10,Tomato,1903,Dadri,9,Uttar Pradesh,141,Gautam Buddha Nagar,Hybrid,2570.0,2770,2670,price_data.csv
2022-10-09,Tomato,1903,Dadri,9,Uttar Pradesh,141,Gautam Buddha Nagar,Hybrid,2550.0,2730,2640,price_data.csv
2022-10-09,Tomato,2541,Dankaur,9,Uttar Pradesh,141,Gautam Buddha Nagar,Deshi,2400.0,2700,2545,price_data.csv
2022-10-09,Tomato,1903,Dadri,9,Uttar Pradesh,141,Gautam Buddha Nagar,Deshi,2500.0,2660,2580,price_data.csv
2022-10-08,Tomato,1903,Dadri,9,Uttar Pradesh,141,Gautam Buddha Nagar,Hybrid,2550.0,2730,2640,price_data.csv
2022-10-08,Tomato,1903,Dadri,9,Uttar Pradesh,141,Gautam Buddha Nagar,Deshi,2500.0,2680,2580,price_data.csv
2022-10-08,Tomato,2541,Dankaur,9,Uttar Pradesh,141,Gautam Buddha Nagar,Deshi,2400.0,2600,2500,price_data.csv
2022-10-07,Tomato,1903,Dadri,9,Uttar Pradesh,141,Gautam Buddha Nagar,Hybrid,2500.0,2700,2600,price_data.csv
2022-10-07,Tomato,1903,Dadri,9,Uttar Pradesh,141,Gautam Buddha Nagar,Deshi,2400.0,2600,2500,price_data.csv
2022-10-07,Tomato,2541,Dankaur,9,Uttar Pradesh,141,Gautam Buddha Nagar,Deshi,2100.0,2355,2245,price_data.csv
2022-10-06,Tomato,1903,Dadri,9,Uttar Pradesh,141,Gautam Buddha Nagar,Hybrid,2500.0,2700,2600,price_data.csv
2022-10-06,Tomato,1903,Dadri,9,Uttar Pradesh,141,Gautam Buddha Nagar,Deshi,2400.0,2600,2500,price_data.csv
2022-10-05,Tomato,2541,Dankaur,9,Uttar Pradesh,141,Gautam Buddha Nagar,Deshi,2100.0,2300,2200,price_data.csv
2022-10-04,Tomato,1903,Dadri,9,Uttar Pradesh,141,Gautam Buddha Nagar,Deshi,2100.0,2300,2200,price_data.csv
2022-10-04,Tomato,1903,Dadri,9,Uttar Pradesh,141,Gautam Buddha Nagar,Hybrid,2200.0,2350,2270,price_data.csv
2022-10-04,Tomato,2541,Dankaur,9,Uttar Pradesh,141,Gautam Buddha Nagar,Deshi,2100.0,2400,2245,price_data.csv
2022-10-03,Tomato,2541,Dankaur,9,Uttar Pradesh,141,Gautam Buddha Nagar,Deshi,2100.0,2300,2200,price_data.csv
2022-10-03,Tomato,1903,Dadri,9,Uttar Pradesh,141,Gautam Buddha Nagar,Hybrid,2200.0,2400,2300,price_data.csv
2022-10-03,Tomato,1903,Dadri,9,Uttar Pradesh,141,Gautam Buddha Nagar,Deshi,2150.0,2350,2250,price_data.csv
2022-10-02,Tomato,1903,Dadri,9,Uttar Pradesh,141,Gautam Buddha Nagar,Hybrid,2250.0,2460,2360,price_data.csv
2022-10-02,Tomato,1903,Dadri,9,Uttar Pradesh,141,Gautam Buddha Nagar,Deshi,2200.0,2400,2300,price_data.csv
2022-10-02,Tomato,2541,Dankaur,9,Uttar Pradesh,141,Gautam Buddha Nagar,Deshi,2100.0,2355,2240,price_data.csv
2022-09-30,Tomato,2541,Dankaur,9,Uttar Pradesh,141,Gautam Buddha Nagar,Deshi,2300.0,2600,2450,price_data.csv
2022-09-30,Tomato,1903,Dadri,9,Uttar Pradesh,141,Gautam Buddha Nagar,Hybrid,2300.0,2480,2370,price_data.csv
2022-09-30,Tomato,1903,Dadri,9,Uttar Pradesh,141,Gautam Buddha Nagar,Deshi,2200.0,2400,2300,price_data.csv
2022-09-29,Tomato,1903,Dadri,9,Uttar Pradesh,141,Gautam Buddha Nagar,Hybrid,2230.0,2400,2320,price_data.csv
2022-09-29,Tomato,1903,Dadri,9,Uttar Pradesh,141,Gautam Buddha Nagar,Deshi,2170.0,2350,2250,price_data.csv
2022-09-27,Tomato,1903,Dadri,9,Uttar Pradesh,141,Gautam Buddha Nagar,Hybrid,2200.0,2360,2280,price_data.csv
2022-09-27,Tomato,1903,Dadri,9,Uttar Pradesh,141,Gautam Buddha Nagar,Deshi,2130.0,2300,2220,price_data.csv
2022-09-26,Tomato,1903,Dadri,9,Uttar Pradesh,141,Gautam Buddha Nagar,Deshi,2250.0,2450,2350,price_data.csv
2022-09-26,Tomato,1903,Dadri,9,Uttar Pradesh,141,Gautam Buddha Nagar,Hybrid,2300.0,2500,2400,price_data.csv
2022-09-25,Tomato,2541,Dankaur,9,Uttar Pradesh,141,Gautam Buddha Nagar,Deshi,2200.0,2455,2355,price_data.csv
2022-09-25,Tomato,1903,Dadri,9,Uttar Pradesh,141,Gautam Buddha Nagar,Hybrid,2300.0,2500,2400,price_data.csv
2022-09-25,Tomato,1903,Dadri,9,Uttar Pradesh,141,Gautam Buddha Nagar,Deshi,2250.0,2450,2350,price_data.csv
2022-09-24,Tomato,1903,Dadri,9,Uttar Pradesh,141,Gautam Buddha Nagar,Hybrid,2400.0,2550,2470,price_data.csv
2022-09-24,Tomato,2541,Dankaur,9,Uttar Pradesh,141,Gautam Buddha Nagar,Deshi,2300.0,2560,2485,price_data.csv
2022-09-24,Tomato,1903,Dadri,9,Uttar Pradesh,141,Gautam Buddha Nagar,Deshi,2300.0,2500,2400,price_data.csv
2022-09-23,Tomato,2541,Dankaur,9,Uttar Pradesh,141,Gautam Buddha Nagar,Deshi,2400.0,2600,2500,price_data.csv
2022-09-23,Tomato,1903,Dadri,9,Uttar Pradesh,141,Gautam Buddha Nagar,Hybrid,2400.0,2600,2500,price_data.csv
2022-09-23,Tomato,1903,Dadri,9,Uttar Pradesh,141,Gautam Buddha Nagar,Deshi,2350.0,2500,2430,price_data.csv
2022-09-22,Tomato,1903,Dadri,9,Uttar Pradesh,141,Gautam Buddha Nagar,Hybrid,2400.0,2600,2500,price_data.csv
2022-09-22,Tomato,1903,Dadri,9,Uttar Pradesh,141,Gautam Buddha Nagar,Deshi,2350.0,2500,2430,price_data.csv
2022-09-21,Tomato,2541,Dankaur,9,Uttar Pradesh,141,Gautam Buddha Nagar,Deshi,2400.0,2655,2545,price_data.csv
2022-09-20,Tomato,1903,Dadri,9,Uttar Pradesh,141,Gautam Buddha Nagar,Hybrid,2400.0,2560,2470,price_data.csv
2022-09-20,Tomato,1903,Dadri,9,Uttar Pradesh,141,Gautam Buddha Nagar,Deshi,2330.0,2480,2400,price_data.csv
2022-09-20,Tomato,2541,Dankaur,9,Uttar Pradesh,141,Gautam Buddha Nagar,Deshi,2400.0,2600,2500,price_data.csv
2022-09-19,Tomato,2541,Dankaur,9,Uttar Pradesh,141,Gautam Buddha Nagar,Deshi,2400.0,2650,2540,price_data.csv
2022-09-19,Tomato,1903,Dadri,9,Uttar Pradesh,141,Gautam Buddha Nagar,Deshi,2300.0,2500,2400,price_data.csv
2022-09-19,Tomato,1903,Dadri,9,Uttar Pradesh,141,Gautam Buddha Nagar,Hybrid,2370.0,2570,2470,price_data.csv
2022-09-18,Tomato,1903,Dadri,9,Uttar Pradesh,141,Gautam Buddha Nagar,Deshi,2450.0,2650,2550,price_data.csv
2022-09-18,Tomato,2541,Dankaur,9,Uttar Pradesh,141,Gautam Buddha Nagar,Deshi,2400.0,2600,2500,price_data.csv
2022-09-18,Tomato,1903,Dadri,9,Uttar Pradesh,141,Gautam Buddha Nagar,Hybrid,2520.0,2700,2620,price_data.csv
2022-09-17,Tomato,2541,Dankaur,9,Uttar Pradesh,141,Gautam Buddha Nagar,Deshi,2000.0,2250,2100,price_data.csv
2022-09-17,Tomato,1903,Dadri,9,Uttar Pradesh,141,Gautam Buddha Nagar,Deshi,2350.0,2550,2450,price_data.csv
2022-09-17,Tomato,1903,Dadri,9,Uttar Pradesh,141,Gautam Buddha Nagar,Hybrid,2420.0,2630,2520,price_data.csv
2022-09-16,Tomato,1903,Dadri,9,Uttar Pradesh,141,Gautam Buddha Nagar,Hybrid,2470.0,2670,2570,price_data.csv
2022-09-16,Tomato,2541,Dankaur,9,Uttar Pradesh,141,Gautam Buddha Nagar,Deshi,2000.0,2250,2150,price_data.csv
2022-09-16,Tomato,1903,Dadri,9,Uttar Pradesh,141,Gautam Buddha Nagar,Deshi,2400.0,2600,2500,price_data.csv
2022-09-15,Tomato,1903,Dadri,9,Uttar Pradesh,141,Gautam Buddha Nagar,Hybrid,2470.0,2670,2570,price_data.csv
2022-09-15,Tomato,1903,Dadri,9,Uttar Pradesh,141,Gautam Buddha Nagar,Deshi,2400.0,2600,2500,price_data.csv
2022-09-14,Tomato,2541,Dankaur,9,Uttar Pradesh,141,Gautam Buddha Nagar,Deshi,1900.0,2100,2000,price_data.csv
2022-09-13,Tomato,1903,Dadri,9,Uttar Pradesh,141,Gautam Buddha Nagar,Deshi,2300.0,2500,2400,price_data.csv
2022-09-13,Tomato,1903,Dadri,9,Uttar Pradesh,141,Gautam Buddha Nagar,Hybrid,2400.0,2550,2470,price_data.csv
2022-09-13,Tomato,2541,Dankaur,9,Uttar Pradesh,141,Gautam Buddha Nagar,Deshi,1900.0,2155,2050,price_data.csv
2022-09-12,Tomato,1903,Dadri,9,Uttar Pradesh,141,Gautam Buddha Nagar,Hybrid,2450.0,2600,2530,price_data.csv
2022-09-12,Tomato,2541,Dankaur,9,Uttar Pradesh,141,Gautam Buddha Nagar,Deshi,1900.0,2100,2000,price_data.csv
2022-09-12,Tomato,1903,Dadri,9,Uttar Pradesh,141,Gautam Buddha Nagar,Deshi,2370.0,2550,2470,price_data.csv
2022-09-11,Tomato,2541,Dankaur,9,Uttar Pradesh,141,Gautam Buddha Nagar,Deshi,1900.0,2155,2050,price_data.csv
2022-09-11,Tomato,1903,Dadri,9,Uttar Pradesh,141,Gautam Buddha Nagar,Hybrid,2450.0,2600,2520,price_data.csv
2022-09-11,Tomato,1903,Dadri,9,Uttar Pradesh,141,Gautam Buddha Nagar,Deshi,2350.0,2550,2450,price_data.csv
2022-09-10,Tomato,2541,Dankaur,9,Uttar Pradesh,141,Gautam Buddha Nagar,Deshi,1900.0,2100,2000,price_data.csv
2022-09-10,Tomato,1903,Dadri,9,Uttar Pradesh,141,Gautam Buddha Nagar,Deshi,2300.0,2450,2380,price_data.csv
2022-09-10,Tomato,1903,Dadri,9,Uttar Pradesh,141,Gautam Buddha Nagar,Hybrid,2370.0,2530,2450,price_data.csv
2022-09-09,Tomato,2541,Dankaur,9,Uttar Pradesh,141,Gautam Buddha Nagar,Deshi,1800.0,2100,1925,price_data.csv
2022-09-09,Tomato,1903,Dadri,9,Uttar Pradesh,141,Gautam Buddha Nagar,Hybrid,2230.0,2430,2330,price_data.csv
2022-09-09,Tomato,1903,Dadri,9,Uttar Pradesh,141,Gautam Buddha Nagar,Deshi,2150.0,2350,2250,price_data.csv
2022-09-08,Tomato,1903,Dadri,9,Uttar Pradesh,141,Gautam Buddha Nagar,Deshi,1930.0,2080,2000,price_data.csv
2022-09-08,Tomato,1903,Dadri,9,Uttar Pradesh,141,Gautam Buddha Nagar,Hybrid,2000.0,2150,2070,price_data.csv
2022-09-07,Tomato,2541,Dankaur,9,Uttar Pradesh,141,Gautam Buddha Nagar,Deshi,1750.0,2100,1900,price_data.csv
2022-09-06,Tomato,1903,Dadri,9,Uttar Pradesh,141,Gautam Buddha Nagar,Hybrid,2000.0,2150,2070,price_data.csv
2022-09-06,Tomato,1903,Dadri,9,Uttar Pradesh,141,Gautam Buddha Nagar,Deshi,1930.0,2080,2000,price_data.csv
2022-09-05,Tomato,1903,Dadri,9,Uttar Pradesh,141,Gautam Buddha Nagar,Deshi,1850.0,2050,1950,price_data.csv
2022-09-05,Tomato,1903,Dadri,9,Uttar Pradesh,141,Gautam Buddha Nagar,Hybrid,1950.0,2130,2030,price_data.csv
2022-09-04,Tomato,2541,Dankaur,9,Uttar Pradesh,141,Gautam Buddha Nagar,Deshi,1500.0,1755,1645,price_data.csv
2022-09-04,Tomato,1903,Dadri,9,Uttar Pradesh,141,Gautam Buddha Nagar,Deshi,1770.0,1940,1850,price_data.csv
2022-09-04,Tomato,1903,Dadri,9,Uttar Pradesh,141,Gautam Buddha Nagar,Hybrid,1850.0,2000,1920,price_data.csv
2022-09-03,Tomato,1903,Dadri,9,Uttar Pradesh,141,Gautam Buddha Nagar,Deshi,1650.0,1800,1730,price_data.csv
2022-09-03,Tomato,1903,Dadri,9,Uttar Pradesh,141,Gautam Buddha Nagar,Hybrid,1730.0,1880,1800,price_data.csv
2022-09-03,Tomato,2541,Dankaur,9,Uttar Pradesh,141,Gautam Buddha Nagar,Deshi,1500.0,1755,1600,price_data.csv
2022-09-02,Tomato,1903,Dadri,9,Uttar Pradesh,141,Gautam Buddha Nagar,Hybrid,1700.0,1850,1770,price_data.csv
2022-09-02,Tomato,2541,Dankaur,9,Uttar Pradesh,141,Gautam Buddha Nagar,Deshi,1500.0,1745,1645,price_data.csv
2022-09-02,Tomato,1903,Dadri,9,Uttar Pradesh,141,Gautam Buddha Nagar,Deshi,1620.0,1800,1700,price_data.csv
2022-08-31,Tomato,2541,Dankaur,9,Uttar Pradesh,141,Gautam Buddha Nagar,Deshi,1500.0,1700,1600,price_data.csv
2022-08-30,Tomato,1903,Dadri,9,Uttar Pradesh,141,Gautam Buddha Nagar,Deshi,1520.0,1680,1600,price_data.csv
2022-08-30,Tomato,2541,Dankaur,9,Uttar Pradesh,141,Gautam Buddha Nagar,Deshi,1400.0,1655,1575,price_data.csv
2022-08-30,Tomato,1903,Dadri,9,Uttar Pradesh,141,Gautam Buddha Nagar,Hybrid,1600.0,1750,1680,price_data.csv
2022-08-29,Tomato,1903,Dadri,9,Uttar Pradesh,141,Gautam Buddha Nagar,Hybrid,1550.0,1700,1620,price_data.csv
2022-08-29,Tomato,1903,Dadri,9,Uttar Pradesh,141,Gautam Buddha Nagar,Deshi,1450.0,1650,1550,price_data.csv
2022-08-29,Tomato,2541,Dankaur,9,Uttar Pradesh,141,Gautam Buddha Nagar,Deshi,1400.0,1600,1500,price_data.csv
2022-08-28,Tomato,1903,Dadri,9,Uttar Pradesh,141,Gautam Buddha Nagar,Hybrid,1600.0,1770,1680,price_data.csv
2022-08-28,Tomato,2541,Dankaur,9,Uttar Pradesh,141,Gautam Buddha Nagar,Deshi,1500.0,1750,1600,price_data.csv
2022-08-28,Tomato,1903,Dadri,9,Uttar Pradesh,141,Gautam Buddha Nagar,Deshi,1520.0,1680,1600,price_data.csv
2022-08-27,Tomato,1903,Dadri,9,Uttar Pradesh,141,Gautam Buddha Nagar,Deshi,1730.0,1880,1800,price_data.csv
2022-08-27,Tomato,1903,Dadri,9,Uttar Pradesh,141,Gautam Buddha Nagar,Hybrid,1800.0,1950,1870,price_data.csv
2022-08-27,Tomato,2541,Dankaur,9,Uttar Pradesh,141,Gautam Buddha Nagar,Deshi,1700.0,1955,1800,price_data.csv
2022-08-26,Tomato,1903,Dadri,9,Uttar Pradesh,141,Gautam Buddha Nagar,Deshi,1730.0,1880,1800,price_data.csv
2022-08-26,Tomato,2541,Dankaur,9,Uttar Pradesh,141,Gautam Buddha Nagar,Deshi,1700.0,1955,1845,price_data.csv
2022-08-26,Tomato,1903,Dadri,9,Uttar Pradesh,141,Gautam Buddha Nagar,Hybrid,1800.0,1950,1870,price_data.csv
2022-08-25,Tomato,1903,Dadri,9,Uttar Pradesh,141,Gautam Buddha Nagar,Deshi,1830.0,1980,1900,price_data.csv
2022-08-25,Tomato,1903,Dadri,9,Uttar Pradesh,141,Gautam Buddha Nagar,Hybrid,1900.0,2060,1970,price_data.csv
2022-08-24,Tomato,2541,Dankaur,9,Uttar Pradesh,141,Gautam Buddha Nagar,Deshi,1700.0,1900,1800,price_data.csv
2022-08-23,Tomato,2541,Dankaur,9,Uttar Pradesh,141,Gautam Buddha Nagar,Deshi,1700.0,1900,1855,price_data.csv
2022-08-23,Tomato,1903,Dadri,9,Uttar Pradesh,141,Gautam Buddha Nagar,Deshi,1830.0,1980,1900,price_data.csv
2022-08-23,Tomato,1903,Dadri,9,Uttar Pradesh,141,Gautam Buddha Nagar,Hybrid,1900.0,2050,1970,price_data.csv
2022-08-22,Tomato,1903,Dadri,9,Uttar Pradesh,141,Gautam Buddha Nagar,Hybrid,1950.0,2100,2030,price_data.csv
2022-08-22,Tomato,1903,Dadri,9,Uttar Pradesh,141,Gautam Buddha Nagar,Deshi,1860.0,2030,1950,price_data.csv
2022-08-22,Tomato,2541,Dankaur,9,Uttar Pradesh,141,Gautam Buddha Nagar,Deshi,1700.0,1950,1800,price_data.csv
2022-08-21,Tomato,2541,Dankaur,9,Uttar Pradesh,141,Gautam Buddha Nagar,Deshi,1600.0,1850,1700,price_data.csv
2022-08-21,Tomato,1903,Dadri,9,Uttar Pradesh,141,Gautam Buddha Nagar,Deshi,1760.0,1940,1850,price_data.csv
2022-08-21,Tomato,1903,Dadri,9,Uttar Pradesh,141,Gautam Buddha Nagar,Hybrid,1850.0,2000,1930,price_data.csv
2022-08-20,Tomato,2541,Dankaur,9,Uttar Pradesh,141,Gautam Buddha Nagar,Deshi,1600.0,1855,1740,price_data.csv
2022-08-20,Tomato,1903,Dadri,9,Uttar Pradesh,141,Gautam Buddha Nagar,Deshi,1670.0,1830,1750,price_data.csv
2022-08-20,Tomato,1903,Dadri,9,Uttar Pradesh,141,Gautam Buddha Nagar,Hybrid,1750.0,1900,1820,price_data.csv
2022-08-19,Tomato,1903,Dadri,9,Uttar Pradesh,141,Gautam Buddha Nagar,Hybrid,1730.0,1880,1800,price_data.csv
2022-08-19,Tomato,1903,Dadri,9,Uttar Pradesh,141,Gautam Buddha Nagar,Deshi,1650.0,1800,1720,price_data.csv
2022-08-19,Tomato,2541,Dankaur,9,Uttar Pradesh,141,Gautam Buddha Nagar,Deshi,1580.0,1950,1700,price_data.csv
2022-08-18,Tomato,1903,Dadri,9,Uttar Pradesh,141,Gautam Buddha Nagar,Deshi,1650.0,1850,1720,price_data.csv
2022-08-18,Tomato,1903,Dadri,9,Uttar Pradesh,141,Gautam Buddha Nagar,Hybrid,1730.0,1880,1800,price_data.csv
2022-08-17,Tomato,2541,Dankaur,9,Uttar Pradesh,141,Gautam Buddha Nagar,Deshi,1600.0,1800,1700,price_data.csv
2022-08-16,Tomato,1903,Dadri,9,Uttar Pradesh,141,Gautam Buddha Nagar,Hybrid,1750.0,1900,1830,price_data.csv
2022-08-16,Tomato,1903,Dadri,9,Uttar Pradesh,141,Gautam Buddha Nagar,Deshi,1670.0,1830,1750,price_data.csv
2022-08-16,Tomato,2541,Dankaur,9,Uttar Pradesh,141,Gautam Buddha Nagar,Deshi,1500.0,1755,1685,price_data.csv
2022-08-15,Tomato,2541,Dankaur,9,Uttar Pradesh,141,Gautam Buddha Nagar,Deshi,1500.0,1745,1620,price_data.csv
2022-08-15,Tomato,1903,Dadri,9,Uttar Pradesh,141,Gautam Buddha Nagar,Deshi,1630.0,1780,1700,price_data.csv
2022-08-15,Tomato,1903,Dadri,9,Uttar Pradesh,141,Gautam Buddha Nagar,Hybrid,1700.0,1850,1770,price_data.csv
2022-08-14,Tomato,2541,Dankaur,9,Uttar Pradesh,141,Gautam Buddha Nagar,Deshi,1500.0,1785,1640,price_data.csv
2022-08-14,Tomato,1903,Dadri,9,Uttar Pradesh,141,Gautam Buddha Nagar,Hybrid,1700.0,1850,1770,price_data.csv
2022-08-14,Tomato,1903,Dadri,9,Uttar Pradesh,141,Gautam Buddha Nagar,Deshi,1630.0,1780,1700,price_data.csv
2022-08-13,Tomato,2541,Dankaur,9,Uttar Pradesh,141,Gautam Buddha Nagar,Deshi,1500.0,1800,1600,price_data.csv
2022-08-12,Tomato,2541,Dankaur,9,Uttar Pradesh,141,Gautam Buddha Nagar,Deshi,1500.0,1755,1650,price_data.csv
2022-08-12,Tomato,1903,Dadri,9,Uttar Pradesh,141,Gautam Buddha Nagar,Deshi,1630.0,1780,1700,price_data.csv
2022-08-12,Tomato,1903,Dadri,9,Uttar Pradesh,141,Gautam Buddha Nagar,Hybrid,1700.0,1850,1770,price_data.csv
2022-08-11,Tomato,1903,Dadri,9,Uttar Pradesh,141,Gautam Buddha Nagar,Hybrid,1700.0,1850,1770,price_data.csv
2022-08-11,Tomato,1903,Dadri,9,Uttar Pradesh,141,Gautam Buddha Nagar,Deshi,1600.0,1800,1700,price_data.csv
2022-08-09,Tomato,2541,Dankaur,9,Uttar Pradesh,141,Gautam Buddha Nagar,Deshi,1500.0,1755,1645,price_data.csv
2022-08-08,Tomato,1903,Dadri,9,Uttar Pradesh,141,Gautam Buddha Nagar,Deshi,1630.0,1780,1700,price_data.csv
2022-08-08,Tomato,1903,Dadri,9,Uttar Pradesh,141,Gautam Buddha Nagar,Hybrid,1700.0,1850,1770,price_data.csv
2022-08-08,Tomato,2541,Dankaur,9,Uttar Pradesh,141,Gautam Buddha Nagar,Deshi,1600.0,1800,1700,price_data.csv
2022-08-07,Tomato,2541,Dankaur,9,Uttar Pradesh,141,Gautam Buddha Nagar,Deshi,1500.0,1750,1600,price_data.csv
2022-08-06,Tomato,1903,Dadri,9,Uttar Pradesh,141,Gautam Buddha Nagar,Hybrid,1730.0,1900,1810,price_data.csv
2022-08-06,Tomato,1903,Dadri,9,Uttar Pradesh,141,Gautam Buddha Nagar,Deshi,1650.0,1840,1750,price_data.csv
2022-08-06,Tomato,2541,Dankaur,9,Uttar Pradesh,141,Gautam Buddha Nagar,Deshi,1500.0,1755,1655,price_data.csv
2022-08-05,Tomato,1903,Dadri,9,Uttar Pradesh,141,Gautam Buddha Nagar,Deshi,1730.0,1880,1800,price_data.csv
2022-08-05,Tomato,2541,Dankaur,9,Uttar Pradesh,141,Gautam Buddha Nagar,Deshi,1500.0,1755,1600,price_data.csv
2022-08-05,Tomato,1903,Dadri,9,Uttar Pradesh,141,Gautam Buddha Nagar,Hybrid,1780.0,1950,1860,price_data.csv
2022-08-04,Tomato,1903,Dadri,9,Uttar Pradesh,141,Gautam Buddha Nagar,Deshi,1670.0,1830,1750,price_data.csv
2022-08-04,Tomato,1903,Dadri,9,Uttar Pradesh,141,Gautam Buddha Nagar,Hybrid,1750.0,1900,1830,price_data.csv
2022-08-03,Tomato,2541,Dankaur,9,Uttar Pradesh,141,Gautam Buddha Nagar,Deshi,1500.0,1750,1655,price_data.csv
2022-08-02,Tomato,2541,Dankaur,9,Uttar Pradesh,141,Gautam Buddha Nagar,Deshi,1500.0,1700,1600,price_data.csv
2022-08-02,Tomato,1903,Dadri,9,Uttar Pradesh,141,Gautam Buddha Nagar,Deshi,1600.0,1750,1670,price_data.csv
2022-08-02,Tomato,1903,Dadri,9,Uttar Pradesh,141,Gautam Buddha Nagar,Hybrid,1650.0,1800,1730,price_data.csv
2022-07-31,Tomato,2541,Dankaur,9,Uttar Pradesh,141,Gautam Buddha Nagar,Deshi,1600.0,1800,1700,price_data.csv
2022-07-31,Tomato,1903,Dadri,9,Uttar Pradesh,141,Gautam Buddha Nagar,Deshi,1670.0,1830,1750,price_data.csv
2022-07-31,Tomato,1903,Dadri,9,Uttar Pradesh,141,Gautam Buddha Nagar,Hybrid,1750.0,1900,1820,price_data.csv
2022-07-30,Tomato,1903,Dadri,9,Uttar Pradesh,141,Gautam Buddha Nagar,Hybrid,1600.0,1750,1670,price_data.csv
2022-07-30,Tomato,2541,Dankaur,9,Uttar Pradesh,141,Gautam Buddha Nagar,Deshi,1500.0,1755,1620,price_data.csv
2022-07-30,Tomato,1903,Dadri,9,Uttar Pradesh,141,Gautam Buddha Nagar,Deshi,1520.0,1680,1600,price_data.csv
2022-07-29,Tomato,1903,Dadri,9,Uttar Pradesh,141,Gautam Buddha Nagar,Hybrid,1580.0,1730,1650,price_data.csv
2022-07-29,Tomato,1903,Dadri,9,Uttar Pradesh,141,Gautam Buddha Nagar,Deshi,1500.0,1660,1580,price_data.csv
2022-07-29,Tomato,2541,Dankaur,9,Uttar Pradesh,141,Gautam Buddha Nagar,Deshi,1500.0,1700,1600,price_data.csv
2022-07-28,Tomato,1903,Dadri,9,Uttar Pradesh,141,Gautam Buddha Nagar,Hybrid,1550.0,1700,1620,price_data.csv
2022-07-28,Tomato,1903,Dadri,9,Uttar Pradesh,141,Gautam Buddha Nagar,Deshi,1480.0,1630,1550,price_data.csv
2022-07-27,Tomato,2541,Dankaur,9,Uttar Pradesh,141,Gautam Buddha Nagar,Deshi,1800.0,2100,1900,price_data.csv
2022-07-26,Tomato,1903,Dadri,9,Uttar Pradesh,141,Gautam Buddha Nagar,Hybrid,1650.0,1800,1730,price_data.csv
2022-07-26,Tomato,2541,Dankaur,9,Uttar Pradesh,141,Gautam Buddha Nagar,Deshi,1800.0,2100,1955,price_data.csv
2022-07-26,Tomato,1903,Dadri,9,Uttar Pradesh,141,Gautam Buddha Nagar,Deshi,1600.0,1750,1670,price_data.csv
2022-07-25,Tomato,1903,Dadri,9,Uttar Pradesh,141,Gautam Buddha Nagar,Hybrid,1800.0,1950,1870,price_data.csv
2022-07-25,Tomato,2541,Dankaur,9,Uttar Pradesh,141,Gautam Buddha Nagar,Deshi,1800.0,2100,1900,price_data.csv
2022-07-25,Tomato,1903,Dadri,9,Uttar Pradesh,141,Gautam Buddha Nagar,Deshi,1730.0,1880,1800,price_data.csv
2022-07-24,Tomato,2541,Dankaur,9,Uttar Pradesh,141,Gautam Buddha Nagar,Deshi,1800.0,2100,1975,price_data.csv
2022-07-24,Tomato,1903,Dadri,9,Uttar Pradesh,141,Gautam Buddha Nagar,Hybrid,1840.0,2000,1920,price_data.csv
2022-07-24,Tomato,1903,Dadri,9,Uttar Pradesh,141,Gautam Buddha Nagar,Deshi,1770.0,1930,1850,price_data.csv
2022-07-23,Tomato,1903,Dadri,9,Uttar Pradesh,141,Gautam Buddha Nagar,Deshi,1800.0,2000,1900,price_data.csv
2022-07-23,Tomato,2541,Dankaur,9,Uttar Pradesh,141,Gautam Buddha Nagar,Deshi,1800.0,2100,1900,price_data.csv
2022-07-23,Tomato,1903,Dadri,9,Uttar Pradesh,141,Gautam Buddha Nagar,Hybrid,1880.0,2050,1960,price_data.csv
2022-07-22,Tomato,1903,Dadri,9,Uttar Pradesh,141,Gautam Buddha Nagar,Hybrid,1880.0,2050,1960,price_data.csv
2022-07-22,Tomato,1903,Dadri,9,Uttar Pradesh,141,Gautam Buddha Nagar,Deshi,1830.0,2000,1900,price_data.csv
2022-07-22,Tomato,2541,Dankaur,9,Uttar Pradesh,141,Gautam Buddha Nagar,Deshi,1800.0,2100,1985,price_data.csv
2022-07-21,Tomato,1903,Dadri,9,Uttar Pradesh,141,Gautam Buddha Nagar,Deshi,1850.0,2050,1950,price_data.csv
2022-07-21,Tomato,1903,Dadri,9,Uttar Pradesh,141,Gautam Buddha Nagar,Hybrid,1950.0,2100,2010,price_data.csv
2022-07-20,Tomato,2541,Dankaur,9,Uttar Pradesh,141,Gautam Buddha Nagar,Deshi,1900.0,2100,2030,price_data.csv
2022-07-19,Tomato,2541,Dankaur,9,Uttar Pradesh,141,Gautam Buddha Nagar,Deshi,1900.0,2100,2075,price_data.csv
2022-07-19,Tomato,1903,Dadri,9,Uttar Pradesh,141,Gautam Buddha Nagar,Deshi,1800.0,2000,1900,price_data.csv
2022-07-19,Tomato,1903,Dadri,9,Uttar Pradesh,141,Gautam Buddha Nagar,Hybrid,1870.0,2050,1960,price_data.csv
2022-07-18,Tomato,1903,Dadri,9,Uttar Pradesh,141,Gautam Buddha Nagar,Deshi,1900.0,2100,2000,price_data.csv
2022-07-18,Tomato,2541,Dankaur,9,Uttar Pradesh,141,Gautam Buddha Nagar,Deshi,1900.0,2150,2050,price_data.csv
2022-07-18,Tomato,1903,Dadri,9,Uttar Pradesh,141,Gautam Buddha Nagar,Hybrid,2000.0,2170,2070,price_data.csv
2022-07-17,Tomato,2541,Dankaur,9,Uttar Pradesh,141,Gautam Buddha Nagar,Deshi,1900.0,2100,2000,price_data.csv
2022-07-17,Tomato,1903,Dadri,9,Uttar Pradesh,141,Gautam Buddha Nagar,Deshi,1930.0,2080,2000,price_data.csv
2022-07-17,Tomato,1903,Dadri,9,Uttar Pradesh,141,Gautam Buddha Nagar,Hybrid,2000.0,2150,2070,price_data.csv
2022-07-16,Tomato,1903,Dadri,9,Uttar Pradesh,141,Gautam Buddha Nagar,Hybrid,2020.0,2220,2120,price_data.csv
2022-07-16,Tomato,1903,Dadri,9,Uttar Pradesh,141,Gautam Buddha Nagar,Deshi,1980.0,2150,2050,price_data.csv
2022-07-15,Tomato,1903,Dadri,9,Uttar Pradesh,141,Gautam Buddha Nagar,Deshi,1900.0,2100,2000,price_data.csv
2022-07-15,Tomato,1903,Dadri,9,Uttar Pradesh,141,Gautam Buddha Nagar,Hybrid,1980.0,2170,2070,price_data.csv
2022-07-15,Tomato,2541,Dankaur,9,Uttar Pradesh,141,Gautam Buddha Nagar,Deshi,2400.0,2600,2550,price_data.csv
2022-07-14,Tomato,1903,Dadri,9,Uttar Pradesh,141,Gautam Buddha Nagar,Hybrid,2050.0,2250,2150,price_data.csv
2022-07-14,Tomato,1903,Dadri,9,Uttar Pradesh,141,Gautam Buddha Nagar,Deshi,2000.0,2200,2100,price_data.csv
2022-07-13,Tomato,2541,Dankaur,9,Uttar Pradesh,141,Gautam Buddha Nagar,Deshi,2400.0,2650,2500,price_data.csv
2022-07-12,Tomato,1903,Dadri,9,Uttar Pradesh,141,Gautam Buddha Nagar,Hybrid,2220.0,2400,2320,price_data.csv
2022-07-12,Tomato,1903,Dadri,9,Uttar Pradesh,141,Gautam Buddha Nagar,Deshi,2160.0,2350,2250,price_data.csv
2022-07-12,Tomato,2541,Dankaur,9,Uttar Pradesh,141,Gautam Buddha Nagar,Deshi,2400.0,2700,2550,price_data.csv
2022-07-11,Tomato,1903,Dadri,9,Uttar Pradesh,141,Gautam Buddha Nagar,Deshi,2000.0,2200,2100,price_data.csv
2022-07-11,Tomato,1903,Dadri,9,Uttar Pradesh,141,Gautam Buddha Nagar,Hybrid,2070.0,2270,2170,price_data.csv
2022-07-10,Tomato,1903,Dadri,9,Uttar Pradesh,141,Gautam Buddha Nagar,Hybrid,2000.0,2200,2100,price_data.csv
2022-07-10,Tomato,1903,Dadri,9,Uttar Pradesh,141,Gautam Buddha Nagar,Deshi,1950.0,2150,2050,price_data.csv
2022-07-09,Tomato,1903,Dadri,9,Uttar Pradesh,141,Gautam Buddha Nagar,Deshi,2000.0,2200,2100,price_data.csv
2022-07-09,Tomato,1903,Dadri,9,Uttar Pradesh,141,Gautam Buddha Nagar,Hybrid,2050.0,2250,2150,price_data.csv
2022-07-08,Tomato,1903,Dadri,9,Uttar Pradesh,141,Gautam Buddha Nagar,Deshi,2100.0,2300,2200,price_data.csv
2022-07-08,Tomato,1903,Dadri,9,Uttar Pradesh,141,Gautam Buddha Nagar,Hybrid,2170.0,2370,2270,price_data.csv
2022-07-07,Tomato,1903,Dadri,9,Uttar Pradesh,141,Gautam Buddha Nagar,Deshi,2300.0,2500,2400,price_data.csv
2022-07-07,Tomato,1903,Dadri,9,Uttar Pradesh,141,Gautam Buddha Nagar,Hybrid,2450.0,2650,2560,price_data.csv
2022-07-06,Tomato,2541,Dankaur,9,Uttar Pradesh,141,Gautam Buddha Nagar,Deshi,2700.0,2950,2800,price_data.csv
2022-07-05,Tomato,1903,Dadri,9,Uttar Pradesh,141,Gautam Buddha Nagar,Hybrid,2500.0,2670,2570,price_data.csv
2022-07-05,Tomato,1903,Dadri,9,Uttar Pradesh,141,Gautam Buddha Nagar,Deshi,2400.0,2600,2500,price_data.csv
2022-07-05,Tomato,2541,Dankaur,9,Uttar Pradesh,141,Gautam Buddha Nagar,Deshi,2700.0,2950,2820,price_data.csv
2022-07-04,Tomato,1903,Dadri,9,Uttar Pradesh,141,Gautam Buddha Nagar,Deshi,2450.0,2650,2550,price_data.csv
2022-07-04,Tomato,1903,Dadri,9,Uttar Pradesh,141,Gautam Buddha Nagar,Hybrid,2500.0,2700,2600,price_data.csv
2022-07-03,Tomato,1903,Dadri,9,Uttar Pradesh,141,Gautam Buddha Nagar,Hybrid,2370.0,2570,2470,price_data.csv
2022-07-03,Tomato,2541,Dankaur,9,Uttar Pradesh,141,Gautam Buddha Nagar,Deshi,2700.0,2955,2845,price_data.csv
2022-07-03,Tomato,1903,Dadri,9,Uttar Pradesh,141,Gautam Buddha Nagar,Deshi,2300.0,2500,2400,price_data.csv
2022-06-30,Tomato,1903,Dadri,9,Uttar Pradesh,141,Gautam Buddha Nagar,Deshi,2900.0,3100,3000,price_data.csv
2022-06-30,Tomato,1903,Dadri,9,Uttar Pradesh,141,Gautam Buddha Nagar,Hybrid,3000.0,3150,3070,price_data.csv
2022-06-29,Tomato,2541,Dankaur,9,Uttar Pradesh,141,Gautam Buddha Nagar,Deshi,2700.0,2950,2800,price_data.csv
2022-06-28,Tomato,1903,Dadri,9,Uttar Pradesh,141,Gautam Buddha Nagar,Hybrid,2580.0,2750,2660,price_data.csv
2022-06-28,Tomato,1903,Dadri,9,Uttar Pradesh,141,Gautam Buddha Nagar,Deshi,2500.0,2700,2600,price_data.csv
2022-06-28,Tomato,2541,Dankaur,9,Uttar Pradesh,141,Gautam Buddha Nagar,Deshi,2200.0,2560,2400,price_data.csv
2022-06-27,Tomato,2541,Dankaur,9,Uttar Pradesh,141,Gautam Buddha Nagar,Deshi,2200.0,2560,2415,price_data.csv
2022-06-26,Tomato,1903,Dadri,9,Uttar Pradesh,141,Gautam Buddha Nagar,Hybrid,2440.0,2600,2510,price_data.csv
2022-06-26,Tomato,2541,Dankaur,9,Uttar Pradesh,141,Gautam Buddha Nagar,Deshi,2200.0,2560,2400,price_data.csv
2022-06-26,Tomato,1903,Dadri,9,Uttar Pradesh,141,Gautam Buddha Nagar,Deshi,2350.0,2550,2450,price_data.csv
2022-06-25,Tomato,1903,Dadri,9,Uttar Pradesh,141,Gautam Buddha Nagar,Deshi,2370.0,2550,2450,price_data.csv
2022-06-25,Tomato,1903,Dadri,9,Uttar Pradesh,141,Gautam Buddha Nagar,Hybrid,2440.0,2600,2510,price_data.csv
2022-06-25,Tomato,2541,Dankaur,9,Uttar Pradesh,141,Gautam Buddha Nagar,Deshi,2200.0,2450,2350,price_data.csv
2022-06-24,Tomato,1903,Dadri,9,Uttar Pradesh,141,Gautam Buddha Nagar,Deshi,2350.0,2500,2420,price_data.csv
2022-06-24,Tomato,2541,Dankaur,9,Uttar Pradesh,141,Gautam Buddha Nagar,Deshi,2200.0,2650,2450,price_data.csv
2022-06-24,Tomato,1903,Dadri,9,Uttar Pradesh,141,Gautam Buddha Nagar,Hybrid,2400.0,2570,2490,price_data.csv
2022-06-23,Tomato,1903,Dadri,9,Uttar Pradesh,141,Gautam Buddha Nagar,Deshi,2330.0,2480,2400,price_data.csv
2022-06-23,Tomato,1903,Dadri,9,Uttar Pradesh,141,Gautam Buddha Nagar,Hybrid,2400.0,2550,2470,price_data.csv
2022-06-22,Tomato,2541,Dankaur,9,Uttar Pradesh,141,Gautam Buddha Nagar,Deshi,2200.0,2450,2325,price_data.csv
2022-06-21,Tomato,1903,Dadri,9,Uttar Pradesh,141,Gautam Buddha Nagar,Deshi,2330.0,2480,2400,price_data.csv
2022-06-21,Tomato,2541,Dankaur,9,Uttar Pradesh,141,Gautam Buddha Nagar,Deshi,2300.0,2560,2400,price_data.csv
2022-06-21,Tomato,1903,Dadri,9,Uttar Pradesh,141,Gautam Buddha Nagar,Hybrid,2400.0,2550,2470,price_data.csv
2022-06-20,Tomato,1903,Dadri,9,Uttar Pradesh,141,Gautam Buddha Nagar,Deshi,2370.0,2530,2450,price_data.csv
2022-06-20,Tomato,2541,Dankaur,9,Uttar Pradesh,141,Gautam Buddha Nagar,Deshi,2200.0,2400,2330,price_data.csv
2022-06-20,Tomato,1903,Dadri,9,Uttar Pradesh,141,Gautam Buddha Nagar,Hybrid,2430.0,2580,2500,price_data.csv
2022-06-19,Tomato,1903,Dadri,9,Uttar Pradesh,141,Gautam Buddha Nagar,Deshi,2330.0,2480,2400,price_data.csv
2022-06-19,Tomato,2541,Dankaur,9,Uttar Pradesh,141,Gautam Buddha Nagar,Deshi,2200.0,2455,2365,price_data.csv
2022-06-19,Tomato,1903,Dadri,9,Uttar Pradesh,141,Gautam Buddha Nagar,Hybrid,2400.0,2550,2470,price_data.csv
2022-06-18,Tomato,2541,Dankaur,9,Uttar Pradesh,141,Gautam Buddha Nagar,Deshi,2200.0,2450,2320,price_data.csv
2022-06-18,Tomato,1903,Dadri,9,Uttar Pradesh,141,Gautam Buddha Nagar,Deshi,2330.0,2480,2400,price_data.csv
2022-06-18,Tomato,1903,Dadri,9,Uttar Pradesh,141,Gautam Buddha Nagar,Hybrid,2400.0,2550,2470,price_data.csv
2022-06-17,Tomato,2541,Dankaur,9,Uttar Pradesh,141,Gautam Buddha Nagar,Deshi,2200.0,2450,2300,price_data.csv
2022-06-17,Tomato,1903,Dadri,9,Uttar Pradesh,141,Gautam Buddha Nagar,Hybrid,2330.0,2480,2400,price_data.csv
2022-06-17,Tomato,1903,Dadri,9,Uttar Pradesh,141,Gautam Buddha Nagar,Deshi,2270.0,2440,2350,price_data.csv
2022-06-16,Tomato,1903,Dadri,9,Uttar Pradesh,141,Gautam Buddha Nagar,Hybrid,2300.0,2450,2370,price_data.csv
2022-06-16,Tomato,1903,Dadri,9,Uttar Pradesh,141,Gautam Buddha Nagar,Deshi,2220.0,2390,2300,price_data.csv
2022-06-15,Tomato,2541,Dankaur,9,Uttar Pradesh,141,Gautam Buddha Nagar,Deshi,2100.0,2455,2355,price_data.csv
2022-06-14,Tomato,2541,Dankaur,9,Uttar Pradesh,141,Gautam Buddha Nagar,Deshi,2100.0,2450,2300,price_data.csv
2022-06-14,Tomato,1903,Dadri,9,Uttar Pradesh,141,Gautam Buddha Nagar,Hybrid,2300.0,2500,2400,price_data.csv
2022-06-14,Tomato,1903,Dadri,9,Uttar Pradesh,141,Gautam Buddha Nagar,Deshi,2260.0,2450,2350,price_data.csv
2022-06-13,Tomato,1903,Dadri,9,Uttar Pradesh,141,Gautam Buddha Nagar,Deshi,2270.0,2440,2350,price_data.csv
2022-06-13,Tomato,1903,Dadri,9,Uttar Pradesh,141,Gautam Buddha Nagar,Hybrid,2330.0,2480,2400,price_data.csv
2022-06-13,Tomato,2541,Dankaur,9,Uttar Pradesh,141,Gautam Buddha Nagar,Deshi,2200.0,2400,2350,price_data.csv
2022-06-12,Tomato,1903,Dadri,9,Uttar Pradesh,141,Gautam Buddha Nagar,Hybrid,2280.0,2440,2360,price_data.csv
2022-06-12,Tomato,1903,Dadri,9,Uttar Pradesh,141,Gautam Buddha Nagar,Deshi,2220.0,2400,2300,price_data.csv
2022-06-12,Tomato,2541,Dankaur,9,Uttar Pradesh,141,Gautam Buddha Nagar,Deshi,2000.0,2450,2300,price_data.csv
2022-06-11,Tomato,2541,Dankaur,9,Uttar Pradesh,141,Gautam Buddha Nagar,Deshi,2200.0,2400,2325,price_data.csv
2022-06-11,Tomato,1903,Dadri,9,Uttar Pradesh,141,Gautam Buddha Nagar,Hybrid,2250.0,2400,2320,price_data.csv
2022-06-11,Tomato,1903,Dadri,9,Uttar Pradesh,141,Gautam Buddha Nagar,Deshi,2150.0,2350,2250,price_data.csv
2022-06-10,Tomato,1903,Dadri,9,Uttar Pradesh,141,Gautam Buddha Nagar,Deshi,2150.0,2350,2250,price_data.csv
2022-06-10,Tomato,2541,Dankaur,9,Uttar Pradesh,141,Gautam Buddha Nagar,Deshi,2100.0,2350,2260,price_data.csv
2022-06-10,Tomato,1903,Dadri,9,Uttar Pradesh,141,Gautam Buddha Nagar,Hybrid,2250.0,2400,2320,price_data.csv
2022-06-09,Tomato,1903,Dadri,9,Uttar Pradesh,141,Gautam Buddha Nagar,Hybrid,2180.0,2350,2270,price_data.csv
2022-06-09,Tomato,1903,Dadri,9,Uttar Pradesh,141,Gautam Buddha Nagar,Deshi,2100.0,2300,2200,price_data.csv
2022-06-08,Tomato,2541,Dankaur,9,Uttar Pradesh,141,Gautam Buddha Nagar,Deshi,2100.0,2300,2200,price_data.csv
2022-06-07,Tomato,1903,Dadri,9,Uttar Pradesh,141,Gautam Buddha Nagar,Deshi,2100.0,2300,2200,price_data.csv
2022-06-07,Tomato,1903,Dadri,9,Uttar Pradesh,141,Gautam Buddha Nagar,Hybrid,2150.0,2350,2250,price_data.csv
2022-06-07,Tomato,2541,Dankaur,9,Uttar Pradesh,141,Gautam Buddha Nagar,Deshi,2200.0,2450,2300,price_data.csv
2022-06-06,Tomato,1903,Dadri,9,Uttar Pradesh,141,Gautam Buddha Nagar,Deshi,2270.0,2450,2350,price_data.csv
2022-06-06,Tomato,2541,Dankaur,9,Uttar Pradesh,141,Gautam Buddha Nagar,Deshi,2200.0,2600,2350,price_data.csv
2022-06-06,Tomato,1903,Dadri,9,Uttar Pradesh,141,Gautam Buddha Nagar,Hybrid,2330.0,2480,2400,price_data.csv
2022-06-05,Tomato,1903,Dadri,9,Uttar Pradesh,141,Gautam Buddha Nagar,Hybrid,2250.0,2450,2350,price_data.csv
2022-06-05,Tomato,1903,Dadri,9,Uttar Pradesh,141,Gautam Buddha Nagar,Deshi,2200.0,2400,2300,price_data.csv
2022-06-05,Tomato,2541,Dankaur,9,Uttar Pradesh,141,Gautam Buddha Nagar,Deshi,2200.0,2450,2300,price_data.csv
2022-06-04,Tomato,1903,Dadri,9,Uttar Pradesh,141,Gautam Buddha Nagar,Hybrid,2250.0,2400,2320,price_data.csv
2022-06-04,Tomato,2541,Dankaur,9,Uttar Pradesh,141,Gautam Buddha Nagar,Deshi,2050.0,2250,2140,price_data.csv
2022-06-04,Tomato,1903,Dadri,9,Uttar Pradesh,141,Gautam Buddha Nagar,Deshi,2150.0,2350,2250,price_data.csv
2022-06-03,Tomato,1903,Dadri,9,Uttar Pradesh,141,Gautam Buddha Nagar,Deshi,2060.0,2230,2150,price_data.csv
2022-06-03,Tomato,2541,Dankaur,9,Uttar Pradesh,141,Gautam Buddha Nagar,Deshi,2000.0,2200,2100,price_data.csv
2022-06-03,Tomato,1903,Dadri,9,Uttar Pradesh,141,Gautam Buddha Nagar,Hybrid,2110.0,2300,2200,price_data.csv
2022-06-02,Tomato,1903,Dadri,9,Uttar Pradesh,141,Gautam Buddha Nagar,Hybrid,2080.0,2250,2160,price_data.csv
2022-06-02,Tomato,1903,Dadri,9,Uttar Pradesh,141,Gautam Buddha Nagar,Deshi,2020.0,2180,2100,price_data.csv
2022-05-31,Tomato,1903,Dadri,9,Uttar Pradesh,141,Gautam Buddha Nagar,Hybrid,2080.0,2240,2160,price_data.csv
2022-05-31,Tomato,1903,Dadri,9,Uttar Pradesh,141,Gautam Buddha Nagar,Deshi,2020.0,2180,2100,price_data.csv
2022-05-30,Tomato,1903,Dadri,9,Uttar Pradesh,141,Gautam Buddha Nagar,Hybrid,2050.0,2200,2120,price_data.csv
2022-05-30,Tomato,1903,Dadri,9,Uttar Pradesh,141,Gautam Buddha Nagar,Deshi,1970.0,2130,2050,price_data.csv
2022-05-29,Tomato,1903,Dadri,9,Uttar Pradesh,141,Gautam Buddha Nagar,Hybrid,2070.0,2220,2150,price_data.csv
2022-05-29,Tomato,2541,Dankaur,9,Uttar Pradesh,141,Gautam Buddha Nagar,Deshi,2000.0,2230,2100,price_data.csv
2022-05-29,Tomato,1903,Dadri,9,Uttar Pradesh,141,Gautam Buddha Nagar,Deshi,2020.0,2180,2100,price_data.csv
2022-05-28,Tomato,2541,Dankaur,9,Uttar Pradesh,141,Gautam Buddha Nagar,Deshi,2000.0,2200,2100,price_data.csv
2022-05-28,Tomato,1903,Dadri,9,Uttar Pradesh,141,Gautam Buddha Nagar,Hybrid,2080.0,2240,2160,price_data.csv
2022-05-28,Tomato,1903,Dadri,9,Uttar Pradesh,141,Gautam Buddha Nagar,Deshi,2020.0,2180,2100,price_data.csv
2022-05-27,Tomato,2541,Dankaur,9,Uttar Pradesh,141,Gautam Buddha Nagar,Deshi,2050.0,2255,2150,price_data.csv
2022-05-27,Tomato,1903,Dadri,9,Uttar Pradesh,141,Gautam Buddha Nagar,Deshi,2070.0,2230,2150,price_data.csv
2022-05-27,Tomato,1903,Dadri,9,Uttar Pradesh,141,Gautam Buddha Nagar,Hybrid,2120.0,2290,2200,price_data.csv
2022-05-26,Tomato,1903,Dadri,9,Uttar Pradesh,141,Gautam Buddha Nagar,Hybrid,2080.0,2250,2160,price_data.csv
2022-05-26,Tomato,1903,Dadri,9,Uttar Pradesh,141,Gautam Buddha Nagar,Deshi,2020.0,2200,2100,price_data.csv
2022-05-25,Tomato,2541,Dankaur,9,Uttar Pradesh,141,Gautam Buddha Nagar,Deshi,2000.0,2200,2100,price_data.csv
2022-05-24,Tomato,1903,Dadri,9,Uttar Pradesh,141,Gautam Buddha Nagar,Deshi,1980.0,2120,2050,price_data.csv
2022-05-24,Tomato,2541,Dankaur,9,Uttar Pradesh,141,Gautam Buddha Nagar,Deshi,2000.0,2155,2050,price_data.csv
2022-05-24,Tomato,1903,Dadri,9,Uttar Pradesh,141,Gautam Buddha Nagar,Hybrid,2030.0,2180,2100,price_data.csv
2022-05-23,Tomato,2541,Dankaur,9,Uttar Pradesh,141,Gautam Buddha Nagar,Deshi,1900.0,2200,2085,price_data.csv
2022-05-23,Tomato,1903,Dadri,9,Uttar Pradesh,141,Gautam Buddha Nagar,Deshi,2050.0,2200,2120,price_data.csv
2022-05-23,Tomato,1903,Dadri,9,Uttar Pradesh,141,Gautam Buddha Nagar,Hybrid,2100.0,2250,2170,price_data.csv
2022-05-22,Tomato,2541,Dankaur,9,Uttar Pradesh,141,Gautam Buddha Nagar,Deshi,1950.0,2255,2100,price_data.csv
2022-05-22,Tomato,1903,Dadri,9,Uttar Pradesh,141,Gautam Buddha Nagar,Hybrid,2080.0,2240,2150,price_data.csv
2022-05-22,Tomato,1903,Dadri,9,Uttar Pradesh,141,Gautam Buddha Nagar,Deshi,2020.0,2180,2100,price_data.csv
2022-05-21,Tomato,2541,Dankaur,9,Uttar Pradesh,141,Gautam Buddha Nagar,Deshi,1900.0,2200,2050,price_data.csv
2022-05-21,Tomato,1903,Dadri,9,Uttar Pradesh,141,Gautam Buddha Nagar,Deshi,1980.0,2130,2050,price_data.csv
2022-05-21,Tomato,1903,Dadri,9,Uttar Pradesh,141,Gautam Buddha Nagar,Hybrid,2050.0,2200,2130,price_data.csv
2022-05-20,Tomato,1903,Dadri,9,Uttar Pradesh,141,Gautam Buddha Nagar,Deshi,1970.0,2130,2050,price_data.csv
2022-05-20,Tomato,2541,Dankaur,9,Uttar Pradesh,141,Gautam Buddha Nagar,Deshi,1900.0,2200,2000,price_data.csv
2022-05-20,Tomato,1903,Dadri,9,Uttar Pradesh,141,Gautam Buddha Nagar,Hybrid,2050.0,2200,2130,price_data.csv
2022-05-19,Tomato,1903,Dadri,9,Uttar Pradesh,141,Gautam Buddha Nagar,Deshi,1930.0,2080,2000,price_data.csv
2022-05-19,Tomato,1903,Dadri,9,Uttar Pradesh,141,Gautam Buddha Nagar,Hybrid,1980.0,2150,2050,price_data.csv
2022-05-17,Tomato,1903,Dadri,9,Uttar Pradesh,141,Gautam Buddha Nagar,Hybrid,1400.0,1580,1490,price_data.csv
2022-05-17,Tomato,2541,Dankaur,9,Uttar Pradesh,141,Gautam Buddha Nagar,Deshi,1200.0,1500,1400,price_data.csv
2022-05-17,Tomato,1903,Dadri,9,Uttar Pradesh,141,Gautam Buddha Nagar,Deshi,1350.0,1500,1430,price_data.csv
2022-05-16,Tomato,2541,Dankaur,9,Uttar Pradesh,141,Gautam Buddha Nagar,Deshi,1200.0,1560,1455,price_data.csv
2022-05-16,Tomato,1903,Dadri,9,Uttar Pradesh,141,Gautam Buddha Nagar,Deshi,1370.0,1530,1450,price_data.csv
2022-05-16,Tomato,1903,Dadri,9,Uttar Pradesh,141,Gautam Buddha Nagar,Hybrid,1430.0,1580,1500,price_data.csv
2022-05-15,Tomato,1903,Dadri,9,Uttar Pradesh,141,Gautam Buddha Nagar,Hybrid,1470.0,1630,1550,price_data.csv
2022-05-15,Tomato,2541,Dankaur,9,Uttar Pradesh,141,Gautam Buddha Nagar,Deshi,1400.0,1655,1500,price_data.csv
2022-05-15,Tomato,1903,Dadri,9,Uttar Pradesh,141,Gautam Buddha Nagar,Deshi,1420.0,1580,1500,price_data.csv
2022-05-14,Tomato,2541,Dankaur,9,Uttar Pradesh,141,Gautam Buddha Nagar,Deshi,1400.0,1655,1520,price_data.csv
2022-05-14,Tomato,1903,Dadri,9,Uttar Pradesh,141,Gautam Buddha Nagar,Hybrid,1450.0,1600,1530,price_data.csv
2022-05-14,Tomato,1903,Dadri,9,Uttar Pradesh,141,Gautam Buddha Nagar,Deshi,1400.0,1550,1470,price_data.csv
2022-05-13,Tomato,1903,Dadri,9,Uttar Pradesh,141,Gautam Buddha Nagar,Hybrid,1450.0,1630,1530,price_data.csv
2022-05-13,Tomato,2541,Dankaur,9,Uttar Pradesh,141,Gautam Buddha Nagar,Deshi,1300.0,1600,1500,price_data.csv
2022-05-13,Tomato,1903,Dadri,9,Uttar Pradesh,141,Gautam Buddha Nagar,Deshi,1370.0,1570,1470,price_data.csv
2022-05-12,Tomato,1903,Dadri,9,Uttar Pradesh,141,Gautam Buddha Nagar,Hybrid,1430.0,1580,1500,price_data.csv
2022-05-12,Tomato,1903,Dadri,9,Uttar Pradesh,141,Gautam Buddha Nagar,Deshi,1370.0,1540,1450,price_data.csv
2022-05-11,Tomato,2541,Dankaur,9,Uttar Pradesh,141,Gautam Buddha Nagar,Deshi,1400.0,1600,1525,price_data.csv
2022-05-10,Tomato,1903,Dadri,9,Uttar Pradesh,141,Gautam Buddha Nagar,Deshi,1370.0,1550,1450,price_data.csv
2022-05-10,Tomato,2541,Dankaur,9,Uttar Pradesh,141,Gautam Buddha Nagar,Deshi,1400.0,1650,1500,price_data.csv
2022-05-10,Tomato,1903,Dadri,9,Uttar Pradesh,141,Gautam Buddha Nagar,Hybrid,1420.0,1600,1500,price_data.csv
2022-05-09,Tomato,2541,Dankaur,9,Uttar Pradesh,141,Gautam Buddha Nagar,Deshi,1400.0,1650,1550,price_data.csv
2022-05-09,Tomato,1903,Dadri,9,Uttar Pradesh,141,Gautam Buddha Nagar,Deshi,1430.0,1590,1500,price_data.csv
2022-05-09,Tomato,1903,Dadri,9,Uttar Pradesh,141,Gautam Buddha Nagar,Hybrid,1460.0,1640,1550,price_data.csv
2022-05-08,Tomato,1903,Dadri,9,Uttar Pradesh,141,Gautam Buddha Nagar,Deshi,1420.0,1580,1500,price_data.csv
2022-05-08,Tomato,1903,Dadri,9,Uttar Pradesh,141,Gautam Buddha Nagar,Hybrid,1460.0,1640,1550,price_data.csv
2022-05-08,Tomato,2541,Dankaur,9,Uttar Pradesh,141,Gautam Buddha Nagar,Deshi,1400.0,1600,1500,price_data.csv
2022-05-07,Tomato,1903,Dadri,9,Uttar Pradesh,141,Gautam Buddha Nagar,Deshi,1620.0,1780,1700,price_data.csv
2022-05-07,Tomato,2541,Dankaur,9,Uttar Pradesh,141,Gautam Buddha Nagar,Deshi,1600.0,1855,1745,price_data.csv
2022-05-07,Tomato,1903,Dadri,9,Uttar Pradesh,141,Gautam Buddha Nagar,Hybrid,1700.0,1850,1770,price_data.csv
2022-05-06,Tomato,2541,Dankaur,9,Uttar Pradesh,141,Gautam Buddha Nagar,Deshi,1600.0,1850,1700,price_data.csv
2022-05-06,Tomato,1903,Dadri,9,Uttar Pradesh,141,Gautam Buddha Nagar,Deshi,1600.0,1770,1680,price_data.csv
2022-05-06,Tomato,1903,Dadri,9,Uttar Pradesh,141,Gautam Buddha Nagar,Hybrid,1650.0,1850,1750,price_data.csv
2022-05-05,Tomato,1903,Dadri,9,Uttar Pradesh,141,Gautam Buddha Nagar,Hybrid,1630.0,1780,1700,price_data.csv
2022-05-05,Tomato,1903,Dadri,9,Uttar Pradesh,141,Gautam Buddha Nagar,Deshi,1580.0,1730,1650,price_data.csv
2022-05-04,Tomato,2541,Dankaur,9,Uttar Pradesh,141,Gautam Buddha Nagar,Deshi,1420.0,1655,1500,price_data.csv
2022-05-03,Tomato,2541,Dankaur,9,Uttar Pradesh,141,Gautam Buddha Nagar,Deshi,1400.0,1655,1525,price_data.csv
2022-05-03,Tomato,1903,Dadri,9,Uttar Pradesh,141,Gautam Buddha Nagar,Hybrid,1530.0,1680,1600,price_data.csv
2022-05-03,Tomato,1903,Dadri,9,Uttar Pradesh,141,Gautam Buddha Nagar,Deshi,1480.0,1630,1550,price_data.csv
2022-05-02,Tomato,1903,Dadri,9,Uttar Pradesh,141,Gautam Buddha Nagar,Deshi,1400.0,1550,1480,price_data.csv
2022-05-02,Tomato,1903,Dadri,9,Uttar Pradesh,141,Gautam Buddha Nagar,Hybrid,1450.0,1600,1530,price_data.csv
2022-05-02,Tomato,2541,Dankaur,9,Uttar Pradesh,141,Gautam Buddha Nagar,Deshi,1400.0,1650,1500,price_data.csv
2022-04-30,Tomato,2541,Dankaur,9,Uttar Pradesh,141,Gautam Buddha Nagar,Deshi,1250.0,1650,1460,price_data.csv
2022-04-30,Tomato,1903,Dadri,9,Uttar Pradesh,141,Gautam Buddha Nagar,Deshi,1350.0,1550,1450,price_data.csv
2022-04-30,Tomato,1903,Dadri,9,Uttar Pradesh,141,Gautam Buddha Nagar,Hybrid,1400.0,1600,1500,price_data.csv
2022-04-29,Tomato,1903,Dadri,9,Uttar Pradesh,141,Gautam Buddha Nagar,Deshi,1380.0,1530,1450,price_data.csv
2022-04-29,Tomato,2541,Dankaur,9,Uttar Pradesh,141,Gautam Buddha Nagar,Deshi,1200.0,1700,1460,price_data.csv
2022-04-28,Tomato,1903,Dadri,9,Uttar Pradesh,141,Gautam Buddha Nagar,Deshi,1300.0,1500,1400,price_data.csv
2022-04-28,Tomato,1903,Dadri,9,Uttar Pradesh,141,Gautam Buddha Nagar,Hybrid,1350.0,1550,1450,price_data.csv
2022-04-27,Tomato,2541,Dankaur,9,Uttar Pradesh,141,Gautam Buddha Nagar,Deshi,1200.0,1560,1400,price_data.csv
2022-04-26,Tomato,1903,Dadri,9,Uttar Pradesh,141,Gautam Buddha Nagar,Deshi,1330.0,1480,1400,price_data.csv
2022-04-26,Tomato,2541,Dankaur,9,Uttar Pradesh,141,Gautam Buddha Nagar,Deshi,1200.0,1500,1385,price_data.csv
2022-04-26,Tomato,1903,Dadri,9,Uttar Pradesh,141,Gautam Buddha Nagar,Hybrid,1370.0,1540,1450,price_data.csv
2022-04-25,Tomato,1903,Dadri,9,Uttar Pradesh,141,Gautam Buddha Nagar,Deshi,1340.0,1500,1420,price_data.csv
2022-04-25,Tomato,1903,Dadri,9,Uttar Pradesh,141,Gautam Buddha Nagar,Hybrid,140.0,1550,1470,price_data.csv
2022-04-24,Tomato,1903,Dadri,9,Uttar Pradesh,141,Gautam Buddha Nagar,Deshi,1400.0,1550,1470,price_data.csv
2022-04-24,Tomato,2541,Dankaur,9,Uttar Pradesh,141,Gautam Buddha Nagar,Deshi,1200.0,1450,1385,price_data.csv
2022-04-24,Tomato,1903,Dadri,9,Uttar Pradesh,141,Gautam Buddha Nagar,Hybrid,1450.0,1600,1530,price_data.csv
2022-04-23,Tomato,1903,Dadri,9,Uttar Pradesh,141,Gautam Buddha Nagar,Deshi,1400.0,1600,1500,price_data.csv
2022-04-23,Tomato,1903,Dadri,9,Uttar Pradesh,141,Gautam Buddha Nagar,Hybrid,1460.0,1650,1560,price_data.csv
2022-04-23,Tomato,2541,Dankaur,9,Uttar Pradesh,141,Gautam Buddha Nagar,Deshi,1400.0,1650,1500,price_data.csv
2022-04-22,Tomato,1903,Dadri,9,Uttar Pradesh,141,Gautam Buddha Nagar,Deshi,1400.0,1600,1500,price_data.csv
2022-04-22,Tomato,1903,Dadri,9,Uttar Pradesh,141,Gautam Buddha Nagar,Hybrid,1460.0,1650,1560,price_data.csv
2022-04-22,Tomato,2541,Dankaur,9,Uttar Pradesh,141,Gautam Buddha Nagar,Deshi,1400.0,1670,1540,price_data.csv
2022-04-21,Tomato,1903,Dadri,9,Uttar Pradesh,141,Gautam Buddha Nagar,Deshi,1350.0,1550,1450,price_data.csv
2022-04-21,Tomato,1903,Dadri,9,Uttar Pradesh,141,Gautam Buddha Nagar,Hybrid,1430.0,1600,1510,price_data.csv
2022-04-20,Tomato,2541,Dankaur,9,Uttar Pradesh,141,Gautam Buddha Nagar,Deshi,1400.0,1600,1500,price_data.csv
2022-04-18,Tomato,1903,Dadri,9,Uttar Pradesh,141,Gautam Buddha Nagar,Deshi,1400.0,1600,1500,price_data.csv
2022-04-18,Tomato,1903,Dadri,9,Uttar Pradesh,141,Gautam Buddha Nagar,Hybrid,1470.0,1650,1560,price_data.csv
2022-04-18,Tomato,2541,Dankaur,9,Uttar Pradesh,141,Gautam Buddha Nagar,Deshi,1400.0,1700,1500,price_data.csv
2022-04-17,Tomato,1903,Dadri,9,Uttar Pradesh,141,Gautam Buddha Nagar,Hybrid,1400.0,1560,1480,price_data.csv
2022-04-17,Tomato,2541,Dankaur,9,Uttar Pradesh,141,Gautam Buddha Nagar,Deshi,1200.0,1560,1400,price_data.csv
2022-04-17,Tomato,1903,Dadri,9,Uttar Pradesh,141,Gautam Buddha Nagar,Deshi,1350.0,1500,1420,price_data.csv
2022-04-16,Tomato,1903,Dadri,9,Uttar Pradesh,141,Gautam Buddha Nagar,Deshi,1300.0,1500,1400,price_data.csv
2022-04-16,Tomato,2541,Dankaur,9,Uttar Pradesh,141,Gautam Buddha Nagar,Deshi,1200.0,1450,1350,price_data.csv
2022-04-16,Tomato,1903,Dadri,9,Uttar Pradesh,141,Gautam Buddha Nagar,Hybrid,1370.0,1550,1460,price_data.csv
2022-04-15,Tomato,1903,Dadri,9,Uttar Pradesh,141,Gautam Buddha Nagar,Hybrid,1340.0,1500,1420,price_data.csv
2022-04-15,Tomato,1903,Dadri,9,Uttar Pradesh,141,Gautam Buddha Nagar,Deshi,1260.0,1440,1350,price_data.csv
2022-04-15,Tomato,2541,Dankaur,9,Uttar Pradesh,141,Gautam Buddha Nagar,Deshi,1100.0,1450,1300,price_data.csv
2022-04-14,Tomato,1903,Dadri,9,Uttar Pradesh,141,Gautam Buddha Nagar,Hybrid,1380.0,1540,1460,price_data.csv
2022-04-14,Tomato,1903,Dadri,9,Uttar Pradesh,141,Gautam Buddha Nagar,Deshi,1330.0,1480,1400,price_data.csv
2022-04-13,Tomato,2541,Dankaur,9,Uttar Pradesh,141,Gautam Buddha Nagar,Deshi,1200.0,1600,1400,price_data.csv
2022-04-12,Tomato,1903,Dadri,9,Uttar Pradesh,141,Gautam Buddha Nagar,Deshi,1300.0,1450,1370,price_data.csv
2022-04-12,Tomato,1903,Dadri,9,Uttar Pradesh,141,Gautam Buddha Nagar,Hybrid,1380.0,1520,1440,price_data.csv
2022-04-11,Tomato,1903,Dadri,9,Uttar Pradesh,141,Gautam Buddha Nagar,Deshi,1330.0,1480,1400,price_data.csv
2022-04-11,Tomato,2541,Dankaur,9,Uttar Pradesh,141,Gautam Buddha Nagar,Deshi,1100.0,1450,1300,price_data.csv
2022-04-11,Tomato,1903,Dadri,9,Uttar Pradesh,141,Gautam Buddha Nagar,Hybrid,1380.0,1540,1460,price_data.csv
2022-04-10,Tomato,1903,Dadri,9,Uttar Pradesh,141,Gautam Buddha Nagar,Deshi,1270.0,1430,1350,price_data.csv
2022-04-10,Tomato,1903,Dadri,9,Uttar Pradesh,141,Gautam Buddha Nagar,Hybrid,1350.0,1500,1420,price_data.csv
2022-04-10,Tomato,2541,Dankaur,9,Uttar Pradesh,141,Gautam Buddha Nagar,Deshi,1200.0,1455,1355,price_data.csv
2022-04-09,Tomato,1903,Dadri,9,Uttar Pradesh,141,Gautam Buddha Nagar,Deshi,1270.0,1440,1350,price_data.csv
2022-04-09,Tomato,1903,Dadri,9,Uttar Pradesh,141,Gautam Buddha Nagar,Hybrid,1340.0,1500,1420,price_data.csv
2022-04-08,Tomato,1903,Dadri,9,Uttar Pradesh,141,Gautam Buddha Nagar,Hybrid,1260.0,1430,1350,price_data.csv
2022-04-08,Tomato,2541,Dankaur,9,Uttar Pradesh,141,Gautam Buddha Nagar,Deshi,1200.0,1455,1300,price_data.csv
2022-04-08,Tomato,1903,Dadri,9,Uttar Pradesh,141,Gautam Buddha Nagar,Deshi,1230.0,1400,1300,price_data.csv
2022-04-07,Tomato,1903,Dadri,9,Uttar Pradesh,141,Gautam Buddha Nagar,Deshi,1270.0,1440,1350,price_data.csv
2022-04-06,Tomato,2541,Dankaur,9,Uttar Pradesh,141,Gautam Buddha Nagar,Deshi,1200.0,1450,1325,price_data.csv
2022-04-05,Tomato,1903,Dadri,9,Uttar Pradesh,141,Gautam Buddha Nagar,Deshi,1230.0,1380,1300,price_data.csv
2022-04-05,Tomato,2541,Dankaur,9,Uttar Pradesh,141,Gautam Buddha Nagar,Deshi,1100.0,1450,1300,price_data.csv
2022-04-05,Tomato,1903,Dadri,9,Uttar Pradesh,141,Gautam Buddha Nagar,Hybrid,1280.0,1440,1350,price_data.csv
2022-04-04,Tomato,2541,Dankaur,9,Uttar Pradesh,141,Gautam Buddha Nagar,Deshi,1100.0,1450,1200,price_data.csv
2022-04-04,Tomato,1903,Dadri,9,Uttar Pradesh,141,Gautam Buddha Nagar,Deshi,1150.0,1300,1230,price_data.csv
2022-04-04,Tomato,1903,Dadri,9,Uttar Pradesh,141,Gautam Buddha Nagar,Hybrid,1200.0,1370,1280,price_data.csv
2022-04-03,Tomato,1903,Dadri,9,Uttar Pradesh,141,Gautam Buddha Nagar,Deshi,1150.0,1300,1230,price_data.csv
2022-04-03,Tomato,1903,Dadri,9,Uttar Pradesh,141,Gautam Buddha Nagar,Hybrid,1200.0,1350,1280,price_data.csv
2022-04-03,Tomato,2541,Dankaur,9,Uttar Pradesh,141,Gautam Buddha Nagar,Deshi,1100.0,1455,1230,price_data.csv
2022-04-02,Tomato,1903,Dadri,9,Uttar Pradesh,141,Gautam Buddha Nagar,Hybrid,1200.0,1350,1270,price_data.csv
2022-04-02,Tomato,1903,Dadri,9,Uttar Pradesh,141,Gautam Buddha Nagar,Deshi,1130.0,1270,1200,price_data.csv
2022-04-02,Tomato,2541,Dankaur,9,Uttar Pradesh,141,Gautam Buddha Nagar,Deshi,1100.0,1400,1200,price_data.csv
2022-03-31,Tomato,1903,Dadri,9,Uttar Pradesh,141,Gautam Buddha Nagar,Deshi,1150.0,1300,1230,price_data.csv
2022-03-31,Tomato,1903,Dadri,9,Uttar Pradesh,141,Gautam Buddha Nagar,Hybrid,1230.0,1380,1300,price_data.csv
2022-03-30,Tomato,2541,Dankaur,9,Uttar Pradesh,141,Gautam Buddha Nagar,Deshi,1100.0,1455,1300,price_data.csv
2022-03-29,Tomato,1903,Dadri,9,Uttar Pradesh,141,Gautam Buddha Nagar,Deshi,1220.0,1380,1300,price_data.csv
2022-03-29,Tomato,2541,Dankaur,9,Uttar Pradesh,141,Gautam Buddha Nagar,Deshi,1200.0,1455,1350,price_data.csv
2022-03-29,Tomato,1903,Dadri,9,Uttar Pradesh,141,Gautam Buddha Nagar,Hybrid,1280.0,1430,1350,price_data.csv
2022-03-28,Tomato,1903,Dadri,9,Uttar Pradesh,141,Gautam Buddha Nagar,Hybrid,1250.0,1400,1330,price_data.csv
2022-03-28,Tomato,2541,Dankaur,9,Uttar Pradesh,141,Gautam Buddha Nagar,Deshi,1100.0,1450,1300,price_data.csv
2022-03-28,Tomato,1903,Dadri,9,Uttar Pradesh,141,Gautam Buddha Nagar,Deshi,1200.0,1350,1270,price_data.csv
2022-03-27,Tomato,1903,Dadri,9,Uttar Pradesh,141,Gautam Buddha Nagar,Hybrid,1250.0,1400,1330,price_data.csv
2022-03-27,Tomato,1903,Dadri,9,Uttar Pradesh,141,Gautam Buddha Nagar,Deshi,1200.0,1350,1270,price_data.csv
2022-03-26,Tomato,2541,Dankaur,9,Uttar Pradesh,141,Gautam Buddha Nagar,Deshi,1100.0,1500,1240,price_data.csv
2022-03-26,Tomato,1903,Dadri,9,Uttar Pradesh,141,Gautam Buddha Nagar,Deshi,1150.0,1300,1230,price_data.csv
2022-03-26,Tomato,1903,Dadri,9,Uttar Pradesh,141,Gautam Buddha Nagar,Hybrid,1200.0,1370,1290,price_data.csv
2022-03-25,Tomato,1903,Dadri,9,Uttar Pradesh,141,Gautam Buddha Nagar,Deshi,1150.0,1300,1220,price_data.csv
2022-03-25,Tomato,1903,Dadri,9,Uttar Pradesh,141,Gautam Buddha Nagar,Hybrid,1200.0,1380,1280,price_data.csv
2022-03-25,Tomato,2541,Dankaur,9,Uttar Pradesh,141,Gautam Buddha Nagar,Deshi,1100.0,1400,1280,price_data.csv
2022-03-23,Tomato,2541,Dankaur,9,Uttar Pradesh,141,Gautam Buddha Nagar,Deshi,1100.0,1400,1250,price_data.csv
2022-03-22,Tomato,1903,Dadri,9,Uttar Pradesh,141,Gautam Buddha Nagar,Hybrid,1170.0,1330,1250,price_data.csv
2022-03-22,Tomato,1903,Dadri,9,Uttar Pradesh,141,Gautam Buddha Nagar,Deshi,1130.0,1280,1200,price_data.csv
2022-03-22,Tomato,2541,Dankaur,9,Uttar Pradesh,141,Gautam Buddha Nagar,Deshi,1100.0,1400,1200,price_data.csv
2022-03-21,Tomato,2541,Dankaur,9,Uttar Pradesh,141,Gautam Buddha Nagar,Deshi,1100.0,1355,1250,price_data.csv
2022-03-21,Tomato,1903,Dadri,9,Uttar Pradesh,141,Gautam Buddha Nagar,Hybrid,1200.0,1350,1280,price_data.csv
2022-03-21,Tomato,1903,Dadri,9,Uttar Pradesh,141,Gautam Buddha Nagar,Deshi,1150.0,1300,1220,price_data.csv
2022-03-20,Tomato,1903,Dadri,9,Uttar Pradesh,141,Gautam Buddha Nagar,Hybrid,1200.0,1370,1280,price_data.csv
2022-03-20,Tomato,2541,Dankaur,9,Uttar Pradesh,141,Gautam Buddha Nagar,Deshi,1100.0,1400,1200,price_data.csv
2022-03-20,Tomato,1903,Dadri,9,Uttar Pradesh,141,Gautam Buddha Nagar,Deshi,1150.0,1300,1220,price_data.csv
2022-03-19,Tomato,1903,Dadri,9,Uttar Pradesh,141,Gautam Buddha Nagar,Deshi,1120.0,1280,1200,price_data.csv
2022-03-19,Tomato,1903,Dadri,9,Uttar Pradesh,141,Gautam Buddha Nagar,Hybrid,1200.0,1350,1270,price_data.csv
2022-03-19,Tomato,2541,Dankaur,9,Uttar Pradesh,141,Gautam Buddha Nagar,Deshi,1100.0,1355,1255,price_data.csv
2022-03-16,Tomato,2541,Dankaur,9,Uttar Pradesh,141,Gautam Buddha Nagar,Deshi,1200.0,1560,1400,price_data.csv
2022-03-15,Tomato,2541,Dankaur,9,Uttar Pradesh,141,Gautam Buddha Nagar,Deshi,1200.0,1455,1300,price_data.csv
2022-03-15,Tomato,1903,Dadri,9,Uttar Pradesh,141,Gautam Buddha Nagar,Hybrid,1230.0,1380,1300,price_data.csv
2022-03-15,Tomato,1903,Dadri,9,Uttar Pradesh,141,Gautam Buddha Nagar,Deshi,1150.0,1300,1230,price_data.csv
2022-03-14,Tomato,1903,Dadri,9,Uttar Pradesh,141,Gautam Buddha Nagar,Deshi,1270.0,1440,1350,price_data.csv
2022-03-14,Tomato,2541,Dankaur,9,Uttar Pradesh,141,Gautam Buddha Nagar,Deshi,1200.0,1560,1325,price_data.csv
2022-03-14,Tomato,1903,Dadri,9,Uttar Pradesh,141,Gautam Buddha Nagar,Hybrid,1330.0,1480,1400,price_data.csv
2022-03-13,Tomato,1903,Dadri,9,Uttar Pradesh,141,Gautam Buddha Nagar,Hybrid,1300.0,1500,1400,price_data.csv
2022-03-13,Tomato,2541,Dankaur,9,Uttar Pradesh,141,Gautam Buddha Nagar,Deshi,1200.0,1555,1300,price_data.csv
2022-03-13,Tomato,1903,Dadri,9,Uttar Pradesh,141,Gautam Buddha Nagar,Deshi,1250.0,1450,1350,price_data.csv
2022-03-12,Tomato,1903,Dadri,9,Uttar Pradesh,141,Gautam Buddha Nagar,Hybrid,1300.0,1470,1380,price_data.csv
2022-03-12,Tomato,1903,Dadri,9,Uttar Pradesh,141,Gautam Buddha Nagar,Deshi,1250.0,1400,1320,price_data.csv
2022-03-11,Tomato,1903,Dadri,9,Uttar Pradesh,141,Gautam Buddha Nagar,Deshi,1250.0,1400,1320,price_data.csv
2022-03-11,Tomato,1903,Dadri,9,Uttar Pradesh,141,Gautam Buddha Nagar,Hybrid,1300.0,1450,1380,price_data.csv
2022-03-11,Tomato,2541,Dankaur,9,Uttar Pradesh,141,Gautam Buddha Nagar,Deshi,1100.0,1455,1300,price_data.csv
2022-03-10,Tomato,1903,Dadri,9,Uttar Pradesh,141,Gautam Buddha Nagar,Deshi,1230.0,1380,1300,price_data.csv
2022-03-10,Tomato,1903,Dadri,9,Uttar Pradesh,141,Gautam Buddha Nagar,Hybrid,1290.0,1450,1370,price_data.csv
2022-03-09,Tomato,2541,Dankaur,9,Uttar Pradesh,141,Gautam Buddha Nagar,Deshi,1100.0,1400,1225,price_data.csv
2022-03-08,Tomato,2541,Dankaur,9,Uttar Pradesh,141,Gautam Buddha Nagar,Deshi,1100.0,1450,1200,price_data.csv
2022-03-08,Tomato,1903,Dadri,9,Uttar Pradesh,141,Gautam Buddha Nagar,Hybrid,1280.0,1430,1350,price_data.csv
2022-03-08,Tomato,1903,Dadri,9,Uttar Pradesh,141,Gautam Buddha Nagar,Deshi,1220.0,1380,1300,price_data.csv
2022-03-07,Tomato,1903,Dadri,9,Uttar Pradesh,141,Gautam Buddha Nagar,Hybrid,1320.0,1480,1400,price_data.csv
2022-03-07,Tomato,1903,Dadri,9,Uttar Pradesh,141,Gautam Buddha Nagar,Deshi,1250.0,1400,1320,price_data.csv
2022-03-07,Tomato,2541,Dankaur,9,Uttar Pradesh,141,Gautam Buddha Nagar,Deshi,1200.0,1450,1350,price_data.csv
2022-03-06,Tomato,2541,Dankaur,9,Uttar Pradesh,141,Gautam Buddha Nagar,Deshi,1200.0,1455,1365,price_data.csv
2022-03-06,Tomato,1903,Dadri,9,Uttar Pradesh,141,Gautam Buddha Nagar,Hybrid,1340.0,1500,1420,price_data.csv
2022-03-06,Tomato,1903,Dadri,9,Uttar Pradesh,141,Gautam Buddha Nagar,Deshi,1240.0,1440,1350,price_data.csv
2022-03-05,Tomato,1903,Dadri,9,Uttar Pradesh,141,Gautam Buddha Nagar,Deshi,1230.0,1380,1300,price_data.csv
2022-03-05,Tomato,1903,Dadri,9,Uttar Pradesh,141,Gautam Buddha Nagar,Hybrid,1270.0,1430,1350,price_data.csv
2022-03-05,Tomato,2541,Dankaur,9,Uttar Pradesh,141,Gautam Buddha Nagar,Deshi,1200.0,1450,1300,price_data.csv
2022-03-04,Tomato,1903,Dadri,9,Uttar Pradesh,141,Gautam Buddha Nagar,Hybrid,1250.0,1400,1320,price_data.csv
2022-03-04,Tomato,1903,Dadri,9,Uttar Pradesh,141,Gautam Buddha Nagar,Deshi,1180.0,1350,1250,price_data.csv
2022-03-04,Tomato,2541,Dankaur,9,Uttar Pradesh,141,Gautam Buddha Nagar,Deshi,1100.0,1450,1256,price_data.csv
2022-03-03,Tomato,1903,Dadri,9,Uttar Pradesh,141,Gautam Buddha Nagar,Deshi,1230.0,1380,1300,price_data.csv
2022-03-03,Tomato,1903,Dadri,9,Uttar Pradesh,141,Gautam Buddha Nagar,Hybrid,1280.0,1450,1360,price_data.csv
2022-03-02,Tomato,2541,Dankaur,9,Uttar Pradesh,141,Gautam Buddha Nagar,Deshi,1200.0,1455,1325,price_data.csv
2022-02-28,Tomato,2541,Dankaur,9,Uttar Pradesh,141,Gautam Buddha Nagar,Deshi,1200.0,1455,1365,price_data.csv
2022-02-28,Tomato,1903,Dadri,9,Uttar Pradesh,141,Gautam Buddha Nagar,Hybrid,1300.0,1460,1380,price_data.csv
2022-02-28,Tomato,1903,Dadri,9,Uttar Pradesh,141,Gautam Buddha Nagar,Deshi,1250.0,1400,1320,price_data.csv
2022-02-27,Tomato,1903,Dadri,9,Uttar Pradesh,141,Gautam Buddha Nagar,Deshi,1230.0,1380,1300,price_data.csv
2022-02-27,Tomato,1903,Dadri,9,Uttar Pradesh,141,Gautam Buddha Nagar,Hybrid,1280.0,1450,1360,price_data.csv
2022-02-27,Tomato,2541,Dankaur,9,Uttar Pradesh,141,Gautam Buddha Nagar,Deshi,1200.0,1450,1320,price_data.csv
2022-02-26,Tomato,1903,Dadri,9,Uttar Pradesh,141,Gautam Buddha Nagar,Hybrid,1280.0,1440,1360,price_data.csv
2022-02-26,Tomato,2541,Dankaur,9,Uttar Pradesh,141,Gautam Buddha Nagar,Deshi,1200.0,1455,1325,price_data.csv
2022-02-26,Tomato,1903,Dadri,9,Uttar Pradesh,141,Gautam Buddha Nagar,Deshi,1220.0,1380,1300,price_data.csv
2022-02-25,Tomato,2541,Dankaur,9,Uttar Pradesh,141,Gautam Buddha Nagar,Deshi,1200.0,1450,1300,price_data.csv
2022-02-25,Tomato,1903,Dadri,9,Uttar Pradesh,141,Gautam Buddha Nagar,Deshi,1250.0,1400,1320,price_data.csv
2022-02-25,Tomato,1903,Dadri,9,Uttar Pradesh,141,Gautam Buddha Nagar,Hybrid,1300.0,1450,1380,price_data.csv
2022-02-24,Tomato,1903,Dadri,9,Uttar Pradesh,141,Gautam Buddha Nagar,Hybrid,1300.0,1460,1380,price_data.csv
2022-02-24,Tomato,1903,Dadri,9,Uttar Pradesh,141,Gautam Buddha Nagar,Deshi,1250.0,1400,1320,price_data.csv
2022-02-23,Tomato,2541,Dankaur,9,Uttar Pradesh,141,Gautam Buddha Nagar,Deshi,1200.0,1450,1320,price_data.csv
2022-02-22,Tomato,1903,Dadri,9,Uttar Pradesh,141,Gautam Buddha Nagar,Hybrid,1350.0,1500,1420,price_data.csv
2022-02-22,Tomato,1903,Dadri,9,Uttar Pradesh,141,Gautam Buddha Nagar,Deshi,1270.0,1430,1350,price_data.csv
2022-02-22,Tomato,2541,Dankaur,9,Uttar Pradesh,141,Gautam Buddha Nagar,Deshi,1100.0,1450,1300,price_data.csv
2022-02-21,Tomato,1903,Dadri,9,Uttar Pradesh,141,Gautam Buddha Nagar,Deshi,1270.0,1430,1350,price_data.csv
2022-02-21,Tomato,2541,Dankaur,9,Uttar Pradesh,141,Gautam Buddha Nagar,Deshi,1200.0,1450,1350,price_data.csv
2022-02-21,Tomato,1903,Dadri,9,Uttar Pradesh,141,Gautam Buddha Nagar,Hybrid,1350.0,1500,1420,price_data.csv
2022-02-20,Tomato,1903,Dadri,9,Uttar Pradesh,141,Gautam Buddha Nagar,Deshi,1300.0,1450,1370,price_data.csv
2022-02-20,Tomato,1903,Dadri,9,Uttar Pradesh,141,Gautam Buddha Nagar,Hybrid,1350.0,1500,1430,price_data.csv
2022-02-20,Tomato,2541,Dankaur,9,Uttar Pradesh,141,Gautam Buddha Nagar,Deshi,1200.0,1455,1385,price_data.csv
2022-02-19,Tomato,1903,Dadri,9,Uttar Pradesh,141,Gautam Buddha Nagar,Deshi,1280.0,1430,1350,price_data.csv
2022-02-19,Tomato,1903,Dadri,9,Uttar Pradesh,141,Gautam Buddha Nagar,Hybrid,1330.0,1480,1400,price_data.csv
2022-02-19,Tomato,2541,Dankaur,9,Uttar Pradesh,141,Gautam Buddha Nagar,Deshi,1200.0,1450,1350,price_data.csv
2022-02-18,Tomato,2541,Dankaur,9,Uttar Pradesh,141,Gautam Buddha Nagar,Deshi,1250.0,1560,1450,price_data.csv
2022-02-18,Tomato,1903,Dadri,9,Uttar Pradesh,141,Gautam Buddha Nagar,Deshi,1300.0,1450,1380,price_data.csv
2022-02-18,Tomato,1903,Dadri,9,Uttar Pradesh,141,Gautam Buddha Nagar,Hybrid,1350.0,1500,1430,price_data.csv
2022-02-17,Tomato,1903,Dadri,9,Uttar Pradesh,141,Gautam Buddha Nagar,Deshi,1330.0,1480,1400,price_data.csv
2022-02-17,Tomato,1903,Dadri,9,Uttar Pradesh,141,Gautam Buddha Nagar,Hybrid,1380.0,1530,1450,price_data.csv
2022-02-16,Tomato,2541,Dankaur,9,Uttar Pradesh,141,Gautam Buddha Nagar,Deshi,1200.0,1560,1450,price_data.csv
2022-02-15,Tomato,2541,Dankaur,9,Uttar Pradesh,141,Gautam Buddha Nagar,Deshi,1200.0,1600,1420,price_data.csv
2022-02-15,Tomato,1903,Dadri,9,Uttar Pradesh,141,Gautam Buddha Nagar,Hybrid,1380.0,1550,1460,price_data.csv
2022-02-15,Tomato,1903,Dadri,9,Uttar Pradesh,141,Gautam Buddha Nagar,Deshi,1330.0,1480,1400,price_data.csv
2022-02-14,Tomato,1903,Dadri,9,Uttar Pradesh,141,Gautam Buddha Nagar,Hybrid,1350.0,1500,1430,price_data.csv
2022-02-14,Tomato,2541,Dankaur,9,Uttar Pradesh,141,Gautam Buddha Nagar,Deshi,1230.0,1655,1400,price_data.csv
2022-02-14,Tomato,1903,Dadri,9,Uttar Pradesh,141,Gautam Buddha Nagar,Deshi,1300.0,1450,1380,price_data.csv
2022-02-13,Tomato,1903,Dadri,9,Uttar Pradesh,141,Gautam Buddha Nagar,Hybrid,1330.0,1480,1400,price_data.csv
2022-02-13,Tomato,1903,Dadri,9,Uttar Pradesh,141,Gautam Buddha Nagar,Deshi,1270.0,1430,1350,price_data.csv
2022-02-13,Tomato,2541,Dankaur,9,Uttar Pradesh,141,Gautam Buddha Nagar,Deshi,1200.0,1450,1380,price_data.csv
2022-02-12,Tomato,2541,Dankaur,9,Uttar Pradesh,141,Gautam Buddha Nagar,Deshi,1200.0,1600,1400,price_data.csv
2022-02-12,Tomato,1903,Dadri,9,Uttar Pradesh,141,Gautam Buddha Nagar,Hybrid,1300.0,1450,1370,price_data.csv
2022-02-12,Tomato,1903,Dadri,9,Uttar Pradesh,141,Gautam Buddha Nagar,Deshi,1230.0,1380,1300,price_data.csv
2022-02-11,Tomato,1903,Dadri,9,Uttar Pradesh,141,Gautam Buddha Nagar,Deshi,1230.0,1380,1300,price_data.csv
2022-02-11,Tomato,2541,Dankaur,9,Uttar Pradesh,141,Gautam Buddha Nagar,Deshi,1200.0,1500,1350,price_data.csv
2022-02-11,Tomato,1903,Dadri,9,Uttar Pradesh,141,Gautam Buddha Nagar,Hybrid,1300.0,1450,1370,price_data.csv
2022-02-09,Tomato,2541,Dankaur,9,Uttar Pradesh,141,Gautam Buddha Nagar,Deshi,1200.0,1400,1300,price_data.csv
2022-02-08,Tomato,2541,Dankaur,9,Uttar Pradesh,141,Gautam Buddha Nagar,Deshi,1200.0,1450,1350,price_data.csv
2022-02-08,Tomato,1903,Dadri,9,Uttar Pradesh,141,Gautam Buddha Nagar,Deshi,1300.0,1470,1380,price_data.csv
2022-02-07,Tomato,1903,Dadri,9,Uttar Pradesh,141,Gautam Buddha Nagar,Deshi,1300.0,1500,1400,price_data.csv
2022-02-07,Tomato,2541,Dankaur,9,Uttar Pradesh,141,Gautam Buddha Nagar,Deshi,1250.0,1560,1425,price_data.csv
2022-02-06,Tomato,1903,Dadri,9,Uttar Pradesh,141,Gautam Buddha Nagar,Deshi,1330.0,1500,1400,price_data.csv
2022-02-06,Tomato,2541,Dankaur,9,Uttar Pradesh,141,Gautam Buddha Nagar,Deshi,1230.0,1560,1400,price_data.csv
2022-02-05,Tomato,2541,Dankaur,9,Uttar Pradesh,141,Gautam Buddha Nagar,Deshi,1200.0,1450,1355,price_data.csv
2022-02-05,Tomato,1903,Dadri,9,Uttar Pradesh,141,Gautam Buddha Nagar,Deshi,1300.0,1450,1380,price_data.csv
2022-02-04,Tomato,2541,Dankaur,9,Uttar Pradesh,141,Gautam Buddha Nagar,Deshi,1200.0,1450,1350,price_data.csv
2022-02-04,Tomato,1903,Dadri,9,Uttar Pradesh,141,Gautam Buddha Nagar,Deshi,1280.0,1420,1350,price_data.csv
2022-02-03,Tomato,1903,Dadri,9,Uttar Pradesh,141,Gautam Buddha Nagar,Deshi,1260.0,1440,1350,price_data.csv
2022-02-02,Tomato,2541,Dankaur,9,Uttar Pradesh,141,Gautam Buddha Nagar,Deshi,1150.0,1455,1300,price_data.csv
2022-01-31,Tomato,1903,Dadri,9,Uttar Pradesh,141,Gautam Buddha Nagar,Deshi,1230.0,1400,1300,price_data.csv
2022-01-31,Tomato,2541,Dankaur,9,Uttar Pradesh,141,Gautam Buddha Nagar,Deshi,1200.0,1450,1350,price_data.csv
2022-01-30,Tomato,2541,Dankaur,9,Uttar Pradesh,141,Gautam Buddha Nagar,Deshi,2200.0,2450,2300,price_data.csv
2022-01-30,Tomato,1903,Dadri,9,Uttar Pradesh,141,Gautam Buddha Nagar,Deshi,1270.0,1420,1350,price_data.csv
2022-01-29,Tomato,1903,Dadri,9,Uttar Pradesh,141,Gautam Buddha Nagar,Deshi,1270.0,1430,1350,price_data.csv
2022-01-29,Tomato,2541,Dankaur,9,Uttar Pradesh,141,Gautam Buddha Nagar,Deshi,1200.0,1450,1320,price_data.csv
2022-01-28,Tomato,2541,Dankaur,9,Uttar Pradesh,141,Gautam Buddha Nagar,Deshi,1200.0,1450,1355,price_data.csv
2022-01-28,Tomato,1903,Dadri,9,Uttar Pradesh,141,Gautam Buddha Nagar,Deshi,1300.0,1450,1380,price_data.csv
2022-01-27,Tomato,1903,Dadri,9,Uttar Pradesh,141,Gautam Buddha Nagar,Hybrid,1400.0,1520,1460,price_data.csv
2022-01-27,Tomato,1903,Dadri,9,Uttar Pradesh,141,Gautam Buddha Nagar,Deshi,1330.0,1480,1400,price_data.csv
2022-01-26,Tomato,2541,Dankaur,9,Uttar Pradesh,141,Gautam Buddha Nagar,Deshi,1400.0,1650,1500,price_data.csv
2022-01-25,Tomato,1903,Dadri,9,Uttar Pradesh,141,Gautam Buddha Nagar,Hybrid,1140.0,1570,1500,price_data.csv
2022-01-25,Tomato,1903,Dadri,9,Uttar Pradesh,141,Gautam Buddha Nagar,Deshi,1350.0,1500,1430,price_data.csv
2022-01-25,Tomato,2541,Dankaur,9,Uttar Pradesh,141,Gautam Buddha Nagar,Deshi,1200.0,1560,1400,price_data.csv
2022-01-24,Tomato,2541,Dankaur,9,Uttar Pradesh,141,Gautam Buddha Nagar,Deshi,1300.0,1560,1415,price_data.csv
2022-01-24,Tomato,1903,Dadri,9,Uttar Pradesh,141,Gautam Buddha Nagar,Hybrid,1400.0,1550,1470,price_data.csv
2022-01-24,Tomato,1903,Dadri,9,Uttar Pradesh,141,Gautam Buddha Nagar,Deshi,1330.0,1480,1400,price_data.csv
2022-01-23,Tomato,1903,Dadri,9,Uttar Pradesh,141,Gautam Buddha Nagar,Deshi,1330.0,1470,1400,price_data.csv
2022-01-23,Tomato,1903,Dadri,9,Uttar Pradesh,141,Gautam Buddha Nagar,Hybrid,1400.0,1550,1470,price_data.csv
2022-01-23,Tomato,2541,Dankaur,9,Uttar Pradesh,141,Gautam Buddha Nagar,Deshi,1300.0,1500,1400,price_data.csv
2022-01-22,Tomato,1903,Dadri,9,Uttar Pradesh,141,Gautam Buddha Nagar,Hybrid,1300.0,1450,1370,price_data.csv
2022-01-22,Tomato,1903,Dadri,9,Uttar Pradesh,141,Gautam Buddha Nagar,Deshi,1230.0,1380,1300,price_data.csv
2022-01-22,Tomato,2541,Dankaur,9,Uttar Pradesh,141,Gautam Buddha Nagar,Deshi,1200.0,1400,1320,price_data.csv
2022-01-21,Tomato,2541,Dankaur,9,Uttar Pradesh,141,Gautam Buddha Nagar,Deshi,1400.0,1650,1520,price_data.csv
2022-01-21,Tomato,1903,Dadri,9,Uttar Pradesh,141,Gautam Buddha Nagar,Hybrid,1330.0,1480,1400,price_data.csv
2022-01-21,Tomato,1903,Dadri,9,Uttar Pradesh,141,Gautam Buddha Nagar,Deshi,1280.0,1440,1350,price_data.csv
2022-01-20,Tomato,1903,Dadri,9,Uttar Pradesh,141,Gautam Buddha Nagar,Hybrid,1500.0,1650,1570,price_data.csv
2022-01-20,Tomato,1903,Dadri,9,Uttar Pradesh,141,Gautam Buddha Nagar,Deshi,1430.0,1580,1500,price_data.csv
2022-01-19,Tomato,2541,Dankaur,9,Uttar Pradesh,141,Gautam Buddha Nagar,Deshi,1400.0,1600,1500,price_data.csv
2022-01-18,Tomato,2541,Dankaur,9,Uttar Pradesh,141,Gautam Buddha Nagar,Deshi,1300.0,1560,1400,price_data.csv
2022-01-18,Tomato,1903,Dadri,9,Uttar Pradesh,141,Gautam Buddha Nagar,Deshi,1500.0,1620,1550,price_data.csv
2022-01-18,Tomato,1903,Dadri,9,Uttar Pradesh,141,Gautam Buddha Nagar,Hybrid,1550.0,1690,1620,price_data.csv
2022-01-17,Tomato,1903,Dadri,9,Uttar Pradesh,141,Gautam Buddha Nagar,Deshi,1430.0,1570,1500,price_data.csv
2022-01-17,Tomato,2541,Dankaur,9,Uttar Pradesh,141,Gautam Buddha Nagar,Deshi,1300.0,1560,1485,price_data.csv
2022-01-17,Tomato,1903,Dadri,9,Uttar Pradesh,141,Gautam Buddha Nagar,Hybrid,1480.0,1630,1550,price_data.csv
2022-01-16,Tomato,1903,Dadri,9,Uttar Pradesh,141,Gautam Buddha Nagar,Deshi,1430.0,1580,1500,price_data.csv
2022-01-16,Tomato,1903,Dadri,9,Uttar Pradesh,141,Gautam Buddha Nagar,Hybrid,1470.0,1630,1550,price_data.csv
2022-01-15,Tomato,1903,Dadri,9,Uttar Pradesh,141,Gautam Buddha Nagar,Hybrid,1450.0,1600,1530,price_data.csv
2022-01-15,Tomato,2541,Dankaur,9,Uttar Pradesh,141,Gautam Buddha Nagar,Deshi,1200.0,1400,1300,price_data.csv
2022-01-15,Tomato,1903,Dadri,9,Uttar Pradesh,141,Gautam Buddha Nagar,Deshi,1380.0,1530,1450,price_data.csv
2022-01-14,Tomato,2541,Dankaur,9,Uttar Pradesh,141,Gautam Buddha Nagar,Deshi,1200.0,1400,1355,price_data.csv
2022-01-14,Tomato,1903,Dadri,9,Uttar Pradesh,141,Gautam Buddha Nagar,Hybrid,1450.0,1600,1530,price_data.csv
2022-01-14,Tomato,1903,Dadri,9,Uttar Pradesh,141,Gautam Buddha Nagar,Deshi,1370.0,1520,1450,price_data.csv
2022-01-12,Tomato,2541,Dankaur,9,Uttar Pradesh,141,Gautam Buddha Nagar,Deshi,1420.0,1640,1540,price_data.csv
2022-01-11,Tomato,2541,Dankaur,9,Uttar Pradesh,141,Gautam Buddha Nagar,Deshi,1400.0,1625,1580,price_data.csv
2022-01-11,Tomato,1903,Dadri,9,Uttar Pradesh,141,Gautam Buddha Nagar,Deshi,1450.0,1570,1500,price_data.csv
2022-01-11,Tomato,1903,Dadri,9,Uttar Pradesh,141,Gautam Buddha Nagar,Hybrid,1500.0,1650,1580,price_data.csv
2022-01-10,Tomato,1903,Dadri,9,Uttar Pradesh,141,Gautam Buddha Nagar,Deshi,1500.0,1650,1580,price_data.csv
2022-01-10,Tomato,2541,Dankaur,9,Uttar Pradesh,141,Gautam Buddha Nagar,Deshi,1255.0,1560,1475,price_data.csv
2022-01-10,Tomato,1903,Dadri,9,Uttar Pradesh,141,Gautam Buddha Nagar,Hybrid,1570.0,1720,1650,price_data.csv
2022-01-09,Tomato,2541,Dankaur,9,Uttar Pradesh,141,Gautam Buddha Nagar,Deshi,1250.0,1545,1400,price_data.csv
2022-01-09,Tomato,1903,Dadri,9,Uttar Pradesh,141,Gautam Buddha Nagar,Deshi,1400.0,1530,1450,price_data.csv
2022-01-09,Tomato,1903,Dadri,9,Uttar Pradesh,141,Gautam Buddha Nagar,Hybrid,1440.0,1580,1500,price_data.csv
2022-01-08,Tomato,1903,Dadri,9,Uttar Pradesh,141,Gautam Buddha Nagar,Hybrid,1430.0,1600,1500,price_data.csv
2022-01-08,Tomato,1903,Dadri,9,Uttar Pradesh,141,Gautam Buddha Nagar,Deshi,1370.0,1530,1450,price_data.csv
2022-01-08,Tomato,2541,Dankaur,9,Uttar Pradesh,141,Gautam Buddha Nagar,Deshi,1400.0,1500,1425,price_data.csv
2022-01-07,Tomato,1903,Dadri,9,Uttar Pradesh,141,Gautam Buddha Nagar,Deshi,1540.0,1650,1600,price_data.csv
2022-01-07,Tomato,2541,Dankaur,9,Uttar Pradesh,141,Gautam Buddha Nagar,Deshi,1500.0,1750,1610,price_data.csv
2022-01-07,Tomato,1903,Dadri,9,Uttar Pradesh,141,Gautam Buddha Nagar,Hybrid,1600.0,1730,1650,price_data.csv
2022-01-06,Tomato,1903,Dadri,9,Uttar Pradesh,141,Gautam Buddha Nagar,Hybrid,1840.0,1970,1900,price_data.csv
2022-01-06,Tomato,1903,Dadri,9,Uttar Pradesh,141,Gautam Buddha Nagar,Deshi,1770.0,1930,1850,price_data.csv
2022-01-05,Tomato,2541,Dankaur,9,Uttar Pradesh,141,Gautam Buddha Nagar,Deshi,1900.0,2250,2100,price_data.csv
2022-01-04,Tomato,2541,Dankaur,9,Uttar Pradesh,141,Gautam Buddha Nagar,Deshi,2050.0,2250,2140,price_data.csv
2022-01-04,Tomato,1903,Dadri,9,Uttar Pradesh,141,Gautam Buddha Nagar,Deshi,2030.0,2170,2100,price_data.csv
2022-01-04,Tomato,1903,Dadri,9,Uttar Pradesh,141,Gautam Buddha Nagar,Hybrid,2080.0,2220,2150,price_data.csv
2022-01-03,Tomato,1903,Dadri,9,Uttar Pradesh,141,Gautam Buddha Nagar,Hybrid,2100.0,2250,2180,price_data.csv
2022-01-03,Tomato,1903,Dadri,9,Uttar Pradesh,141,Gautam Buddha Nagar,Deshi,2050.0,2200,2120,price_data.csv
2022-01-02,Tomato,1903,Dadri,9,Uttar Pradesh,141,Gautam Buddha Nagar,Deshi,2030.0,2170,2100,price_data.csv
2022-01-02,Tomato,1903,Dadri,9,Uttar Pradesh,141,Gautam Buddha Nagar,Hybrid,2080.0,2220,2150,price_data.csv
2022-01-02,Tomato,2541,Dankaur,9,Uttar Pradesh,141,Gautam Buddha Nagar,Deshi,2050.0,2255,2140,price_data.csv
